dataset,class,sample_count,sample_ratio
train,neg,59000,0.9833333333333332
train,pos,1000,0.0166666666666666
test,neg,15625,0.9765625
test,pos,375,0.0234375
