model_name,strategy,threshold,precision,recall,f1,f2,average_precision,tn,fp,fn,tp,false_positive_cost,false_negative_cost,total_cost,ensemble_name,ensemble_group,selection_dataset
xgboost_oof_ensemble,max_three_models,0.01,0.10595597755718601,0.982,0.19127386053759252,0.3700633102200784,0.8718317504895439,50714,8286,18,982,10,500,91860,max_three_models,diagnostic,oof_averaged
xgboost_oof_ensemble,max_three_models,0.02,0.15317149569303054,0.978,0.2648612051455653,0.470871449205585,0.8718317504895439,53593,5407,22,978,10,500,65070,max_three_models,diagnostic,oof_averaged
xgboost_oof_ensemble,max_three_models,0.03,0.18287427393666855,0.976,0.3080321918889064,0.5226518153582521,0.8718317504895439,54639,4361,24,976,10,500,55610,max_three_models,diagnostic,oof_averaged
xgboost_oof_ensemble,max_three_models,0.04,0.2042312526183494,0.975,0.33772081745756843,0.5556188739457488,0.8718317504895439,55201,3799,25,975,10,500,50490,max_three_models,diagnostic,oof_averaged
xgboost_oof_ensemble,max_three_models,0.05,0.22209567198177677,0.975,0.36178107606679033,0.5810488676996425,0.8718317504895439,55585,3415,25,975,10,500,46650,max_three_models,diagnostic,oof_averaged
xgboost_oof_ensemble,max_three_models,0.06,0.23796726117762032,0.974,0.38248576477518165,0.6017546027431113,0.8718317504895439,55881,3119,26,974,10,500,44190,max_three_models,diagnostic,oof_averaged
xgboost_oof_ensemble,max_three_models,0.07,0.25161623997931215,0.973,0.3998356276967331,0.6184059997457735,0.8718317504895439,56106,2894,27,973,10,500,42440,max_three_models,diagnostic,oof_averaged
xgboost_oof_ensemble,max_three_models,0.08,0.26396077363116316,0.969,0.41490044958253053,0.6315995307000392,0.8718317504895439,56298,2702,31,969,10,500,42520,max_three_models,diagnostic,oof_averaged
xgboost_oof_ensemble,max_three_models,0.09,0.27372881355932205,0.969,0.42687224669603524,0.6425729442970822,0.8718317504895439,56429,2571,31,969,10,500,41210,max_three_models,diagnostic,oof_averaged
xgboost_oof_ensemble,max_three_models,0.1,0.2839506172839506,0.966,0.4388914129940936,0.6525263442312889,0.8718317504895439,56564,2436,34,966,10,500,41360,max_three_models,diagnostic,oof_averaged
xgboost_oof_ensemble,max_three_models,0.11,0.29207021791767557,0.965,0.44842007434944237,0.6605969331872946,0.8718317504895439,56661,2339,35,965,10,500,40890,max_three_models,diagnostic,oof_averaged
xgboost_oof_ensemble,max_three_models,0.12,0.30003112356053535,0.964,0.45763114170424873,0.6682379037848329,0.8718317504895439,56751,2249,36,964,10,500,40490,max_three_models,diagnostic,oof_averaged
xgboost_oof_ensemble,max_three_models,0.13,0.30875280538634176,0.963,0.4675892206846322,0.6763590391908976,0.8718317504895439,56844,2156,37,963,10,500,40060,max_three_models,diagnostic,oof_averaged
xgboost_oof_ensemble,max_three_models,0.14,0.31644736842105264,0.962,0.4762376237623762,0.6832386363636364,0.8718317504895439,56922,2078,38,962,10,500,39780,max_three_models,diagnostic,oof_averaged
xgboost_oof_ensemble,max_three_models,0.15,0.32345013477088946,0.96,0.4838709677419355,0.6888633754305397,0.8718317504895439,56992,2008,40,960,10,500,40080,max_three_models,diagnostic,oof_averaged
xgboost_oof_ensemble,max_three_models,0.16,0.33069238718567,0.96,0.49192928516525747,0.6953498478922208,0.8718317504895439,57057,1943,40,960,10,500,39430,max_three_models,diagnostic,oof_averaged
xgboost_oof_ensemble,max_three_models,0.17,0.33696799155821316,0.958,0.4985688264376789,0.6999853865263773,0.8718317504895439,57115,1885,42,958,10,500,39850,max_three_models,diagnostic,oof_averaged
xgboost_oof_ensemble,max_three_models,0.18,0.34277518823951236,0.956,0.5046186328846661,0.7040801296214465,0.8718317504895439,57167,1833,44,956,10,500,40330,max_three_models,diagnostic,oof_averaged
xgboost_oof_ensemble,max_three_models,0.19,0.3496708119970739,0.956,0.5120514193893948,0.7098307098307098,0.8718317504895439,57222,1778,44,956,10,500,39780,max_three_models,diagnostic,oof_averaged
xgboost_oof_ensemble,max_three_models,0.2,0.3565282454171343,0.953,0.5189218622379527,0.7140716319496478,0.8718317504895439,57280,1720,47,953,10,500,40700,max_three_models,diagnostic,oof_averaged
xgboost_oof_ensemble,max_three_models,0.21,0.3628386112170927,0.951,0.5252692626346314,0.7181694608065247,0.8718317504895439,57330,1670,49,951,10,500,41200,max_three_models,diagnostic,oof_averaged
xgboost_oof_ensemble,max_three_models,0.22,0.36979369404437523,0.95,0.5323620061641916,0.7230933170954483,0.8718317504895439,57381,1619,50,950,10,500,41190,max_three_models,diagnostic,oof_averaged
xgboost_oof_ensemble,max_three_models,0.23,0.37549407114624506,0.95,0.5382436260623229,0.7274119448698315,0.8718317504895439,57420,1580,50,950,10,500,40800,max_three_models,diagnostic,oof_averaged
xgboost_oof_ensemble,max_three_models,0.24,0.38164251207729466,0.948,0.5442020665901263,0.7310302282541641,0.8718317504895439,57464,1536,52,948,10,500,41360,max_three_models,diagnostic,oof_averaged
xgboost_oof_ensemble,max_three_models,0.25,0.3881821912187115,0.946,0.5504800698283386,0.7348143545129718,0.8718317504895439,57509,1491,54,946,10,500,41910,max_three_models,diagnostic,oof_averaged
xgboost_oof_ensemble,max_three_models,0.26,0.39464882943143814,0.944,0.5566037735849056,0.7384230287859824,0.8718317504895439,57552,1448,56,944,10,500,42480,max_three_models,diagnostic,oof_averaged
xgboost_oof_ensemble,max_three_models,0.27,0.3997445721583653,0.939,0.5607644072857569,0.7394865333123326,0.8718317504895439,57590,1410,61,939,10,500,44600,max_three_models,diagnostic,oof_averaged
xgboost_oof_ensemble,max_three_models,0.28,0.40570934256055363,0.938,0.5664251207729468,0.7430291508238276,0.8718317504895439,57626,1374,62,938,10,500,44740,max_three_models,diagnostic,oof_averaged
xgboost_oof_ensemble,max_three_models,0.29,0.40978593272171254,0.938,0.5703861356035269,0.7457465415805374,0.8718317504895439,57649,1351,62,938,10,500,44510,max_three_models,diagnostic,oof_averaged
xgboost_oof_ensemble,max_three_models,0.3,0.4155959237926451,0.938,0.5759901750076758,0.7495604922486815,0.8718317504895439,57681,1319,62,938,10,500,44190,max_three_models,diagnostic,oof_averaged
xgboost_oof_ensemble,max_three_models,0.31,0.42112359550561795,0.937,0.5810852713178295,0.7526104417670683,0.8718317504895439,57712,1288,63,937,10,500,44380,max_three_models,diagnostic,oof_averaged
xgboost_oof_ensemble,max_three_models,0.32,0.426812585499316,0.936,0.5862824929533355,0.7556919102212175,0.8718317504895439,57743,1257,64,936,10,500,44570,max_three_models,diagnostic,oof_averaged
xgboost_oof_ensemble,max_three_models,0.33,0.4315352697095436,0.936,0.5907226254338909,0.758631869022532,0.8718317504895439,57767,1233,64,936,10,500,44330,max_three_models,diagnostic,oof_averaged
xgboost_oof_ensemble,max_three_models,0.34,0.43528864059590316,0.935,0.5940279542566709,0.7604098893949252,0.8718317504895439,57787,1213,65,935,10,500,44630,max_three_models,diagnostic,oof_averaged
xgboost_oof_ensemble,max_three_models,0.35,0.4409820585457979,0.934,0.5991019884541373,0.7633213468453743,0.8718317504895439,57816,1184,66,934,10,500,44840,max_three_models,diagnostic,oof_averaged
xgboost_oof_ensemble,max_three_models,0.36,0.4462494027711419,0.934,0.6039443905593275,0.7664533070736911,0.8718317504895439,57841,1159,66,934,10,500,44590,max_three_models,diagnostic,oof_averaged
xgboost_oof_ensemble,max_three_models,0.37,0.4509898599710285,0.934,0.6082709215239336,0.7692307692307693,0.8718317504895439,57863,1137,66,934,10,500,44370,max_three_models,diagnostic,oof_averaged
xgboost_oof_ensemble,max_three_models,0.38,0.45690499510284033,0.933,0.6134122287968442,0.7720953326713009,0.8718317504895439,57891,1109,67,933,10,500,44590,max_three_models,diagnostic,oof_averaged
xgboost_oof_ensemble,max_three_models,0.39,0.4613478691774034,0.931,0.6169648774022531,0.7735127949484879,0.8718317504895439,57913,1087,69,931,10,500,45370,max_three_models,diagnostic,oof_averaged
xgboost_oof_ensemble,max_three_models,0.4,0.46747352496217853,0.927,0.6215219577606437,0.7746949690790573,0.8718317504895439,57944,1056,73,927,10,500,47060,max_three_models,diagnostic,oof_averaged
xgboost_oof_ensemble,max_three_models,0.41,0.46998982706002035,0.924,0.6230613621038436,0.7743881997988602,0.8718317504895439,57958,1042,76,924,10,500,48420,max_three_models,diagnostic,oof_averaged
xgboost_oof_ensemble,max_three_models,0.42,0.4752832131822863,0.923,0.6274643099932019,0.7766745203635139,0.8718317504895439,57981,1019,77,923,10,500,48690,max_three_models,diagnostic,oof_averaged
xgboost_oof_ensemble,max_three_models,0.43,0.4809598330725091,0.922,0.6321563249914296,0.7791110359979719,0.8718317504895439,58005,995,78,922,10,500,48950,max_three_models,diagnostic,oof_averaged
xgboost_oof_ensemble,max_three_models,0.44,0.48446550816219064,0.92,0.6347016212487064,0.7797931852856417,0.8718317504895439,58021,979,80,920,10,500,49790,max_three_models,diagnostic,oof_averaged
xgboost_oof_ensemble,max_three_models,0.45,0.4909188034188034,0.919,0.6399721448467967,0.7825272479564033,0.8718317504895439,58047,953,81,919,10,500,50030,max_three_models,diagnostic,oof_averaged
xgboost_oof_ensemble,max_three_models,0.46,0.49729144095341277,0.918,0.6451159522136332,0.7851522408484434,0.8718317504895439,58072,928,82,918,10,500,50280,max_three_models,diagnostic,oof_averaged
xgboost_oof_ensemble,max_three_models,0.47,0.5024684585847504,0.916,0.648955012398158,0.7865361497509875,0.8718317504895439,58093,907,84,916,10,500,51070,max_three_models,diagnostic,oof_averaged
xgboost_oof_ensemble,max_three_models,0.48,0.5077691453940066,0.915,0.6531049250535332,0.7885211995863496,0.8718317504895439,58113,887,85,915,10,500,51370,max_three_models,diagnostic,oof_averaged
xgboost_oof_ensemble,max_three_models,0.49,0.5157835400225479,0.915,0.6596971881759193,0.7923449948042951,0.8718317504895439,58141,859,85,915,10,500,51090,max_three_models,diagnostic,oof_averaged
xgboost_oof_ensemble,max_three_models,0.5,0.5195911413969335,0.915,0.6628033321260413,0.7941329630272522,0.8718317504895439,58154,846,85,915,10,500,50960,max_three_models,diagnostic,oof_averaged
xgboost_oof_ensemble,max_three_models,0.51,0.5255894192064405,0.914,0.6673968601679445,0.7963059766509845,0.8718317504895439,58175,825,86,914,10,500,51250,max_three_models,diagnostic,oof_averaged
xgboost_oof_ensemble,max_three_models,0.52,0.5314318975552969,0.913,0.6718175128771156,0.798356068555439,0.8718317504895439,58195,805,87,913,10,500,51550,max_three_models,diagnostic,oof_averaged
xgboost_oof_ensemble,max_three_models,0.53,0.5361127422196125,0.913,0.6755456899741028,0.8004559004032965,0.8718317504895439,58210,790,87,913,10,500,51400,max_three_models,diagnostic,oof_averaged
xgboost_oof_ensemble,max_three_models,0.54,0.5415676959619953,0.912,0.6795827123695977,0.8022519352568613,0.8718317504895439,58228,772,88,912,10,500,51720,max_three_models,diagnostic,oof_averaged
xgboost_oof_ensemble,max_three_models,0.55,0.5485232067510548,0.91,0.6844678450545317,0.8040289803852271,0.8718317504895439,58251,749,90,910,10,500,52490,max_three_models,diagnostic,oof_averaged
xgboost_oof_ensemble,max_three_models,0.56,0.5538648813146683,0.91,0.6886114264093833,0.8063087010455432,0.8718317504895439,58267,733,90,910,10,500,52330,max_three_models,diagnostic,oof_averaged
xgboost_oof_ensemble,max_three_models,0.57,0.5596555965559655,0.91,0.693069306930693,0.8087451119800925,0.8718317504895439,58284,716,90,910,10,500,52160,max_three_models,diagnostic,oof_averaged
xgboost_oof_ensemble,max_three_models,0.58,0.5632754342431762,0.908,0.6952526799387443,0.8089807555238774,0.8718317504895439,58296,704,92,908,10,500,53040,max_three_models,diagnostic,oof_averaged
xgboost_oof_ensemble,max_three_models,0.59,0.5679398872886663,0.907,0.6984982672314208,0.8102554940146507,0.8718317504895439,58310,690,93,907,10,500,53400,max_three_models,diagnostic,oof_averaged
xgboost_oof_ensemble,max_three_models,0.6,0.5737808739708676,0.906,0.7025979061651803,0.8119734719483779,0.8718317504895439,58327,673,94,906,10,500,53730,max_three_models,diagnostic,oof_averaged
xgboost_oof_ensemble,max_three_models,0.61,0.5811417575368826,0.906,0.7080890973036342,0.8148947652455477,0.8718317504895439,58347,653,94,906,10,500,53530,max_three_models,diagnostic,oof_averaged
xgboost_oof_ensemble,max_three_models,0.62,0.586139896373057,0.905,0.7114779874213837,0.8161976911976911,0.8718317504895439,58361,639,95,905,10,500,53890,max_three_models,diagnostic,oof_averaged
xgboost_oof_ensemble,max_three_models,0.63,0.5903141361256544,0.902,0.7136075949367089,0.8158465991316932,0.8718317504895439,58374,626,98,902,10,500,55260,max_three_models,diagnostic,oof_averaged
xgboost_oof_ensemble,max_three_models,0.64,0.595222295952223,0.897,0.7155963302752294,0.8144180134374432,0.8718317504895439,58390,610,103,897,10,500,57600,max_three_models,diagnostic,oof_averaged
xgboost_oof_ensemble,max_three_models,0.65,0.5966666666666667,0.895,0.716,0.8136363636363636,0.8718317504895439,58395,605,105,895,10,500,58550,max_three_models,diagnostic,oof_averaged
xgboost_oof_ensemble,max_three_models,0.66,0.6016150740242261,0.894,0.7192276749798874,0.8148013124316442,0.8718317504895439,58408,592,106,894,10,500,58920,max_three_models,diagnostic,oof_averaged
xgboost_oof_ensemble,max_three_models,0.67,0.6064120054570259,0.889,0.7210056772100568,0.8132089279180388,0.8718317504895439,58423,577,111,889,10,500,61270,max_three_models,diagnostic,oof_averaged
xgboost_oof_ensemble,max_three_models,0.68,0.6114167812929848,0.889,0.7245313773431132,0.814998166483315,0.8718317504895439,58435,565,111,889,10,500,61150,max_three_models,diagnostic,oof_averaged
xgboost_oof_ensemble,max_three_models,0.69,0.6158113730929264,0.888,0.7272727272727273,0.8158765159867696,0.8718317504895439,58446,554,112,888,10,500,61540,max_three_models,diagnostic,oof_averaged
xgboost_oof_ensemble,max_three_models,0.7,0.6237693389592124,0.887,0.7324525185796862,0.8179638509774991,0.8718317504895439,58465,535,113,887,10,500,61850,max_three_models,diagnostic,oof_averaged
xgboost_oof_ensemble,max_three_models,0.71,0.6288147622427254,0.886,0.7355749273557493,0.819005361434646,0.8718317504895439,58477,523,114,886,10,500,62230,max_three_models,diagnostic,oof_averaged
xgboost_oof_ensemble,max_three_models,0.72,0.6339541547277937,0.885,0.7387312186978298,0.8200518902891031,0.8718317504895439,58489,511,115,885,10,500,62610,max_three_models,diagnostic,oof_averaged
xgboost_oof_ensemble,max_three_models,0.73,0.6405228758169934,0.882,0.7421119057635676,0.8201599404872606,0.8718317504895439,58505,495,118,882,10,500,63950,max_three_models,diagnostic,oof_averaged
xgboost_oof_ensemble,max_three_models,0.74,0.6472324723247233,0.877,0.7447983014861995,0.8188608776844071,0.8718317504895439,58522,478,123,877,10,500,66280,max_three_models,diagnostic,oof_averaged
xgboost_oof_ensemble,max_three_models,0.75,0.6539611360239163,0.875,0.7485029940119761,0.8195953540651929,0.8718317504895439,58537,463,125,875,10,500,67130,max_three_models,diagnostic,oof_averaged
xgboost_oof_ensemble,max_three_models,0.76,0.6578549848942599,0.871,0.7495697074010327,0.8179939894815927,0.8718317504895439,58547,453,129,871,10,500,69030,max_three_models,diagnostic,oof_averaged
xgboost_oof_ensemble,max_three_models,0.77,0.6636085626911316,0.868,0.7521663778162911,0.8176337603617182,0.8718317504895439,58560,440,132,868,10,500,70400,max_three_models,diagnostic,oof_averaged
xgboost_oof_ensemble,max_three_models,0.78,0.6687354538401862,0.862,0.7531673219746614,0.8148988466628853,0.8718317504895439,58573,427,138,862,10,500,73270,max_three_models,diagnostic,oof_averaged
xgboost_oof_ensemble,max_three_models,0.79,0.6782334384858044,0.86,0.7583774250440917,0.8162490508731967,0.8718317504895439,58592,408,140,860,10,500,74080,max_three_models,diagnostic,oof_averaged
xgboost_oof_ensemble,max_three_models,0.8,0.6848,0.856,0.7608888888888888,0.8152380952380952,0.8718317504895439,58606,394,144,856,10,500,75940,max_three_models,diagnostic,oof_averaged
xgboost_oof_ensemble,max_three_models,0.81,0.6913078797725426,0.851,0.7628865979381443,0.8134199961766393,0.8718317504895439,58620,380,149,851,10,500,78300,max_three_models,diagnostic,oof_averaged
xgboost_oof_ensemble,max_three_models,0.82,0.698019801980198,0.846,0.7649186256781193,0.8115886415963162,0.8718317504895439,58634,366,154,846,10,500,80660,max_three_models,diagnostic,oof_averaged
xgboost_oof_ensemble,max_three_models,0.83,0.7045075125208681,0.844,0.7679708826205641,0.8118507118122354,0.8718317504895439,58646,354,156,844,10,500,81540,max_three_models,diagnostic,oof_averaged
xgboost_oof_ensemble,max_three_models,0.84,0.7161125319693095,0.84,0.7731247123791992,0.8119079837618404,0.8718317504895439,58667,333,160,840,10,500,83330,max_three_models,diagnostic,oof_averaged
xgboost_oof_ensemble,max_three_models,0.85,0.7278260869565217,0.837,0.7786046511627907,0.8126213592233009,0.8718317504895439,58687,313,163,837,10,500,84630,max_three_models,diagnostic,oof_averaged
xgboost_oof_ensemble,max_three_models,0.86,0.7378210806023029,0.833,0.7825270079849694,0.8120491323844804,0.8718317504895439,58704,296,167,833,10,500,86460,max_three_models,diagnostic,oof_averaged
xgboost_oof_ensemble,max_three_models,0.87,0.7490974729241877,0.83,0.7874762808349146,0.812451057165231,0.8718317504895439,58722,278,170,830,10,500,87780,max_three_models,diagnostic,oof_averaged
xgboost_oof_ensemble,max_three_models,0.88,0.7566820276497696,0.821,0.7875299760191846,0.8072763028515241,0.8718317504895439,58736,264,179,821,10,500,92140,max_three_models,diagnostic,oof_averaged
xgboost_oof_ensemble,max_three_models,0.89,0.771050141911069,0.815,0.7924161400097229,0.8058137235515127,0.8718317504895439,58758,242,185,815,10,500,94920,max_three_models,diagnostic,oof_averaged
xgboost_oof_ensemble,max_three_models,0.9,0.7858527131782945,0.811,0.7982283464566929,0.8058426073131956,0.8718317504895439,58779,221,189,811,10,500,96710,max_three_models,diagnostic,oof_averaged
xgboost_oof_ensemble,max_three_models,0.91,0.8018018018018018,0.801,0.8014007003501751,0.8011602320464093,0.8718317504895439,58802,198,199,801,10,500,101480,max_three_models,diagnostic,oof_averaged
xgboost_oof_ensemble,max_three_models,0.92,0.8140495867768595,0.788,0.8008130081300813,0.7930756843800322,0.8718317504895439,58820,180,212,788,10,500,107800,max_three_models,diagnostic,oof_averaged
xgboost_oof_ensemble,max_three_models,0.93,0.8329764453961456,0.778,0.8045501551189245,0.7884069720308067,0.8718317504895439,58844,156,222,778,10,500,112560,max_three_models,diagnostic,oof_averaged
xgboost_oof_ensemble,max_three_models,0.94,0.8485523385300668,0.762,0.8029504741833509,0.777868517762352,0.8718317504895439,58864,136,238,762,10,500,120360,max_three_models,diagnostic,oof_averaged
xgboost_oof_ensemble,max_three_models,0.95,0.8748538011695907,0.748,0.8064690026954178,0.7703398558187435,0.8718317504895439,58893,107,252,748,10,500,127070,max_three_models,diagnostic,oof_averaged
xgboost_oof_ensemble,max_three_models,0.96,0.8861689106487148,0.724,0.7969179966978536,0.7515050861532074,0.8718317504895439,58907,93,276,724,10,500,138930,max_three_models,diagnostic,oof_averaged
xgboost_oof_ensemble,max_three_models,0.97,0.8994778067885117,0.689,0.7802944507361268,0.7228283676038607,0.8718317504895439,58923,77,311,689,10,500,156270,max_three_models,diagnostic,oof_averaged
xgboost_oof_ensemble,max_three_models,0.98,0.9187592319054653,0.622,0.7418008348240906,0.664956168484071,0.8718317504895439,58945,55,378,622,10,500,189550,max_three_models,diagnostic,oof_averaged
xgboost_oof_ensemble,max_three_models,0.99,0.9659090909090909,0.51,0.6675392670157068,0.5631625441696113,0.8718317504895439,58982,18,490,510,10,500,245180,max_three_models,diagnostic,oof_averaged
xgboost_oof_ensemble,mean_structural_indicator,0.01,0.12258145050555486,0.982,0.21795583176118077,0.4087919407210057,0.8718427428003347,51971,7029,18,982,10,500,79290,mean_structural_indicator,auxiliary,oof_averaged
xgboost_oof_ensemble,mean_structural_indicator,0.02,0.17295764664185717,0.976,0.29384314315821164,0.506066576791455,0.8718427428003347,54333,4667,24,976,10,500,58670,mean_structural_indicator,auxiliary,oof_averaged
xgboost_oof_ensemble,mean_structural_indicator,0.03,0.20299812617114305,0.975,0.3360330863346545,0.553788481199591,0.8718427428003347,55172,3828,25,975,10,500,50780,mean_structural_indicator,auxiliary,oof_averaged
xgboost_oof_ensemble,mean_structural_indicator,0.04,0.22630111524163568,0.974,0.36726998491704377,0.5864643545279383,0.8718427428003347,55670,3330,26,974,10,500,46300,mean_structural_indicator,auxiliary,oof_averaged
xgboost_oof_ensemble,mean_structural_indicator,0.05,0.2457691336196009,0.973,0.392417826174632,0.6112576956904133,0.8718427428003347,56014,2986,27,973,10,500,43360,mean_structural_indicator,auxiliary,oof_averaged
xgboost_oof_ensemble,mean_structural_indicator,0.06,0.26085790884718496,0.973,0.41141649048625795,0.6293661060802069,0.8718427428003347,56243,2757,27,973,10,500,41070,mean_structural_indicator,auxiliary,oof_averaged
xgboost_oof_ensemble,mean_structural_indicator,0.07,0.2752059074126669,0.969,0.42866622428666223,0.644196250498604,0.8718427428003347,56448,2552,31,969,10,500,41020,mean_structural_indicator,auxiliary,oof_averaged
xgboost_oof_ensemble,mean_structural_indicator,0.08,0.2875,0.966,0.44311926605504587,0.65625,0.8718427428003347,56606,2394,34,966,10,500,40940,mean_structural_indicator,auxiliary,oof_averaged
xgboost_oof_ensemble,mean_structural_indicator,0.09,0.2989467162329616,0.965,0.456480605487228,0.6675428887659104,0.8718427428003347,56737,2263,35,965,10,500,40130,mean_structural_indicator,auxiliary,oof_averaged
xgboost_oof_ensemble,mean_structural_indicator,0.1,0.30865384615384617,0.963,0.46747572815533983,0.6762640449438202,0.8718427428003347,56843,2157,37,963,10,500,40070,mean_structural_indicator,auxiliary,oof_averaged
xgboost_oof_ensemble,mean_structural_indicator,0.11,0.31620553359683795,0.96,0.4757185332011893,0.6822057987492893,0.8718427428003347,56924,2076,40,960,10,500,40760,mean_structural_indicator,auxiliary,oof_averaged
xgboost_oof_ensemble,mean_structural_indicator,0.12,0.32607956477388644,0.959,0.4866785079928952,0.6908226480334245,0.8718427428003347,57018,1982,41,959,10,500,40320,mean_structural_indicator,auxiliary,oof_averaged
xgboost_oof_ensemble,mean_structural_indicator,0.13,0.3344959888385072,0.959,0.49599172485130594,0.6982670744138634,0.8718427428003347,57092,1908,41,959,10,500,39580,mean_structural_indicator,auxiliary,oof_averaged
xgboost_oof_ensemble,mean_structural_indicator,0.14,0.3425,0.959,0.5047368421052632,0.7051470588235295,0.8718427428003347,57159,1841,41,959,10,500,38910,mean_structural_indicator,auxiliary,oof_averaged
xgboost_oof_ensemble,mean_structural_indicator,0.15,0.35016465422612514,0.957,0.5127243503884276,0.7106787464725977,0.8718427428003347,57224,1776,43,957,10,500,39260,mean_structural_indicator,auxiliary,oof_averaged
xgboost_oof_ensemble,mean_structural_indicator,0.16,0.35851183765501693,0.954,0.5211690794864791,0.7161086923885303,0.8718427428003347,57293,1707,46,954,10,500,40070,mean_structural_indicator,auxiliary,oof_averaged
xgboost_oof_ensemble,mean_structural_indicator,0.17,0.36693704132869837,0.95,0.5293953747561995,0.7208984671422067,0.8718427428003347,57361,1639,50,950,10,500,41390,mean_structural_indicator,auxiliary,oof_averaged
xgboost_oof_ensemble,mean_structural_indicator,0.18,0.3727415553809898,0.949,0.5352509870276367,0.7248701497097464,0.8718427428003347,57403,1597,51,949,10,500,41470,mean_structural_indicator,auxiliary,oof_averaged
xgboost_oof_ensemble,mean_structural_indicator,0.19,0.3795591182364729,0.947,0.5419170243204579,0.729022324865281,0.8718427428003347,57452,1548,53,947,10,500,41980,mean_structural_indicator,auxiliary,oof_averaged
xgboost_oof_ensemble,mean_structural_indicator,0.2,0.3875460876689881,0.946,0.5498401627433885,0.7343580189411582,0.8718427428003347,57505,1495,54,946,10,500,41950,mean_structural_indicator,auxiliary,oof_averaged
xgboost_oof_ensemble,mean_structural_indicator,0.21,0.3932302549101546,0.941,0.5546713822575892,0.7359612075707805,0.8718427428003347,57548,1452,59,941,10,500,44020,mean_structural_indicator,auxiliary,oof_averaged
xgboost_oof_ensemble,mean_structural_indicator,0.22,0.4013663535439795,0.94,0.5625374027528426,0.7410911384421318,0.8718427428003347,57598,1402,60,940,10,500,44020,mean_structural_indicator,auxiliary,oof_averaged
xgboost_oof_ensemble,mean_structural_indicator,0.23,0.4094076655052265,0.94,0.5703883495145631,0.7465057179161372,0.8718427428003347,57644,1356,60,940,10,500,43560,mean_structural_indicator,auxiliary,oof_averaged
xgboost_oof_ensemble,mean_structural_indicator,0.24,0.4158547387068202,0.939,0.576427255985267,0.7502396931927133,0.8718427428003347,57681,1319,61,939,10,500,43690,mean_structural_indicator,auxiliary,oof_averaged
xgboost_oof_ensemble,mean_structural_indicator,0.25,0.42264321154713574,0.937,0.5825303077401306,0.7535788965739102,0.8718427428003347,57720,1280,63,937,10,500,44300,mean_structural_indicator,auxiliary,oof_averaged
xgboost_oof_ensemble,mean_structural_indicator,0.26,0.42772186642268983,0.935,0.5869428750784683,0.75573876495312,0.8718427428003347,57749,1251,65,935,10,500,45010,mean_structural_indicator,auxiliary,oof_averaged
xgboost_oof_ensemble,mean_structural_indicator,0.27,0.4321445113478462,0.933,0.5906932573599241,0.7574281539210911,0.8718427428003347,57774,1226,67,933,10,500,45760,mean_structural_indicator,auxiliary,oof_averaged
xgboost_oof_ensemble,mean_structural_indicator,0.28,0.43796992481203006,0.932,0.5959079283887468,0.7604438642297651,0.8718427428003347,57804,1196,68,932,10,500,45960,mean_structural_indicator,auxiliary,oof_averaged
xgboost_oof_ensemble,mean_structural_indicator,0.29,0.4446564885496183,0.932,0.6020671834625323,0.7644356955380578,0.8718427428003347,57836,1164,68,932,10,500,45640,mean_structural_indicator,auxiliary,oof_averaged
xgboost_oof_ensemble,mean_structural_indicator,0.3,0.4508950169327528,0.932,0.6077600260841213,0.7680896654029998,0.8718427428003347,57865,1135,68,932,10,500,45350,mean_structural_indicator,auxiliary,oof_averaged
xgboost_oof_ensemble,mean_structural_indicator,0.31,0.4567779960707269,0.93,0.6126482213438735,0.7703777335984096,0.8718427428003347,57894,1106,70,930,10,500,46060,mean_structural_indicator,auxiliary,oof_averaged
xgboost_oof_ensemble,mean_structural_indicator,0.32,0.4630738522954092,0.928,0.6178428761651131,0.7728181212524984,0.8718427428003347,57924,1076,72,928,10,500,46760,mean_structural_indicator,auxiliary,oof_averaged
xgboost_oof_ensemble,mean_structural_indicator,0.33,0.4679454820797577,0.927,0.6219389466621938,0.7749540210667113,0.8718427428003347,57946,1054,73,927,10,500,47040,mean_structural_indicator,auxiliary,oof_averaged
xgboost_oof_ensemble,mean_structural_indicator,0.34,0.4768280123583934,0.926,0.6295037389530931,0.7791989229215752,0.8718427428003347,57984,1016,74,926,10,500,47160,mean_structural_indicator,auxiliary,oof_averaged
xgboost_oof_ensemble,mean_structural_indicator,0.35,0.4812304483837331,0.923,0.63262508567512,0.7798242649543765,0.8718427428003347,58005,995,77,923,10,500,48450,mean_structural_indicator,auxiliary,oof_averaged
xgboost_oof_ensemble,mean_structural_indicator,0.36,0.48526315789473684,0.922,0.6358620689655172,0.7813559322033898,0.8718427428003347,58022,978,78,922,10,500,48780,mean_structural_indicator,auxiliary,oof_averaged
xgboost_oof_ensemble,mean_structural_indicator,0.37,0.4896,0.918,0.6386086956521739,0.7812765957446809,0.8718427428003347,58043,957,82,918,10,500,50570,mean_structural_indicator,auxiliary,oof_averaged
xgboost_oof_ensemble,mean_structural_indicator,0.38,0.495407887628309,0.917,0.6432830585759383,0.7836267304734233,0.8718427428003347,58066,934,83,917,10,500,50840,mean_structural_indicator,auxiliary,oof_averaged
xgboost_oof_ensemble,mean_structural_indicator,0.39,0.5016411378555798,0.917,0.6485148514851485,0.7867192862045299,0.8718427428003347,58089,911,83,917,10,500,50610,mean_structural_indicator,auxiliary,oof_averaged
xgboost_oof_ensemble,mean_structural_indicator,0.4,0.5066445182724253,0.915,0.6521739130434783,0.7879779538408543,0.8718427428003347,58109,891,85,915,10,500,51410,mean_structural_indicator,auxiliary,oof_averaged
xgboost_oof_ensemble,mean_structural_indicator,0.41,0.5128923766816144,0.915,0.6573275862068966,0.7909751037344398,0.8718427428003347,58131,869,85,915,10,500,51190,mean_structural_indicator,auxiliary,oof_averaged
xgboost_oof_ensemble,mean_structural_indicator,0.42,0.5190232822260079,0.914,0.662078956899674,0.7932650581496268,0.8718427428003347,58153,847,86,914,10,500,51470,mean_structural_indicator,auxiliary,oof_averaged
xgboost_oof_ensemble,mean_structural_indicator,0.43,0.5249856404365307,0.914,0.6669098869025903,0.7960285664518376,0.8718427428003347,58173,827,86,914,10,500,51270,mean_structural_indicator,auxiliary,oof_averaged
xgboost_oof_ensemble,mean_structural_indicator,0.44,0.5296511627906977,0.911,0.6698529411764705,0.7963286713286714,0.8718427428003347,58191,809,89,911,10,500,52590,mean_structural_indicator,auxiliary,oof_averaged
xgboost_oof_ensemble,mean_structural_indicator,0.45,0.535924617196702,0.91,0.6745737583395107,0.7985257985257985,0.8718427428003347,58212,788,90,910,10,500,52880,mean_structural_indicator,auxiliary,oof_averaged
xgboost_oof_ensemble,mean_structural_indicator,0.46,0.5432835820895522,0.91,0.680373831775701,0.801762114537445,0.8718427428003347,58235,765,90,910,10,500,52650,mean_structural_indicator,auxiliary,oof_averaged
xgboost_oof_ensemble,mean_structural_indicator,0.47,0.5506367495451789,0.908,0.6855417138542846,0.8036820676225881,0.8718427428003347,58259,741,92,908,10,500,53410,mean_structural_indicator,auxiliary,oof_averaged
xgboost_oof_ensemble,mean_structural_indicator,0.48,0.5557598039215687,0.907,0.689209726443769,0.8052201704545454,0.8718427428003347,58275,725,93,907,10,500,53750,mean_structural_indicator,auxiliary,oof_averaged
xgboost_oof_ensemble,mean_structural_indicator,0.49,0.5581538461538461,0.907,0.691047619047619,0.8062222222222222,0.8718427428003347,58282,718,93,907,10,500,53680,mean_structural_indicator,auxiliary,oof_averaged
xgboost_oof_ensemble,mean_structural_indicator,0.5,0.5633540372670808,0.907,0.6950191570881226,0.8083778966131907,0.8718427428003347,58297,703,93,907,10,500,53530,mean_structural_indicator,auxiliary,oof_averaged
xgboost_oof_ensemble,mean_structural_indicator,0.51,0.5670426065162907,0.905,0.697226502311248,0.8086132952108649,0.8718427428003347,58309,691,95,905,10,500,54410,mean_structural_indicator,auxiliary,oof_averaged
xgboost_oof_ensemble,mean_structural_indicator,0.52,0.574238578680203,0.905,0.702639751552795,0.8115136298421808,0.8718427428003347,58329,671,95,905,10,500,54210,mean_structural_indicator,auxiliary,oof_averaged
xgboost_oof_ensemble,mean_structural_indicator,0.53,0.5805003207184093,0.905,0.7073075420085971,0.8139953228998021,0.8718427428003347,58346,654,95,905,10,500,54040,mean_structural_indicator,auxiliary,oof_averaged
xgboost_oof_ensemble,mean_structural_indicator,0.54,0.5871261378413524,0.903,0.7115839243498818,0.8152762730227519,0.8718427428003347,58365,635,97,903,10,500,54850,mean_structural_indicator,auxiliary,oof_averaged
xgboost_oof_ensemble,mean_structural_indicator,0.55,0.5913272010512484,0.9,0.7137192704203014,0.8149221296631656,0.8718427428003347,58378,622,100,900,10,500,56220,mean_structural_indicator,auxiliary,oof_averaged
xgboost_oof_ensemble,mean_structural_indicator,0.56,0.59721300597213,0.9,0.7179896290386917,0.8171418195024515,0.8718427428003347,58393,607,100,900,10,500,56070,mean_structural_indicator,auxiliary,oof_averaged
xgboost_oof_ensemble,mean_structural_indicator,0.57,0.6016042780748663,0.9,0.7211538461538461,0.8187772925764192,0.8718427428003347,58404,596,100,900,10,500,55960,mean_structural_indicator,auxiliary,oof_averaged
xgboost_oof_ensemble,mean_structural_indicator,0.58,0.6063470627954085,0.898,0.7239016525594518,0.8191935778142675,0.8718427428003347,58417,583,102,898,10,500,56830,mean_structural_indicator,auxiliary,oof_averaged
xgboost_oof_ensemble,mean_structural_indicator,0.59,0.6122866894197952,0.897,0.727789046653144,0.8206770356816102,0.8718427428003347,58432,568,103,897,10,500,57180,mean_structural_indicator,auxiliary,oof_averaged
xgboost_oof_ensemble,mean_structural_indicator,0.6,0.6155433287482807,0.895,0.7294213528932355,0.8204987165383205,0.8718427428003347,58441,559,105,895,10,500,58090,mean_structural_indicator,auxiliary,oof_averaged
xgboost_oof_ensemble,mean_structural_indicator,0.61,0.61875,0.891,0.730327868852459,0.8189338235294118,0.8718427428003347,58451,549,109,891,10,500,59990,mean_structural_indicator,auxiliary,oof_averaged
xgboost_oof_ensemble,mean_structural_indicator,0.62,0.6222845129642607,0.888,0.7317676143386898,0.8181315644002212,0.8718427428003347,58461,539,112,888,10,500,61390,mean_structural_indicator,auxiliary,oof_averaged
xgboost_oof_ensemble,mean_structural_indicator,0.63,0.6263269639065817,0.885,0.7335267302113552,0.8174764455939405,0.8718427428003347,58472,528,115,885,10,500,62780,mean_structural_indicator,auxiliary,oof_averaged
xgboost_oof_ensemble,mean_structural_indicator,0.64,0.6329749103942652,0.883,0.7373695198329854,0.8183503243744208,0.8718427428003347,58488,512,117,883,10,500,63620,mean_structural_indicator,auxiliary,oof_averaged
xgboost_oof_ensemble,mean_structural_indicator,0.65,0.637155297532656,0.878,0.7384356602186711,0.8162885831164002,0.8718427428003347,58500,500,122,878,10,500,66000,mean_structural_indicator,auxiliary,oof_averaged
xgboost_oof_ensemble,mean_structural_indicator,0.66,0.6419662509170947,0.875,0.7405840033855269,0.8157747529367891,0.8718427428003347,58512,488,125,875,10,500,67380,mean_structural_indicator,auxiliary,oof_averaged
xgboost_oof_ensemble,mean_structural_indicator,0.67,0.6461424332344213,0.871,0.74190800681431,0.8143231114435303,0.8718427428003347,58523,477,129,871,10,500,69270,mean_structural_indicator,auxiliary,oof_averaged
xgboost_oof_ensemble,mean_structural_indicator,0.68,0.6501128668171557,0.864,0.7419493344783169,0.8106586601613811,0.8718427428003347,58535,465,136,864,10,500,72650,mean_structural_indicator,auxiliary,oof_averaged
xgboost_oof_ensemble,mean_structural_indicator,0.69,0.6545178435839029,0.862,0.7440656020716444,0.8106074854241113,0.8718427428003347,58545,455,138,862,10,500,73550,mean_structural_indicator,auxiliary,oof_averaged
xgboost_oof_ensemble,mean_structural_indicator,0.7,0.6600153491941673,0.86,0.7468519322622666,0.8108617763530077,0.8718427428003347,58557,443,140,860,10,500,74430,mean_structural_indicator,auxiliary,oof_averaged
xgboost_oof_ensemble,mean_structural_indicator,0.71,0.6651162790697674,0.858,0.7493449781659388,0.8109640831758034,0.8718427428003347,58568,432,142,858,10,500,75320,mean_structural_indicator,auxiliary,oof_averaged
xgboost_oof_ensemble,mean_structural_indicator,0.72,0.6729411764705883,0.858,0.7542857142857143,0.8132701421800947,0.8718427428003347,58583,417,142,858,10,500,75170,mean_structural_indicator,auxiliary,oof_averaged
xgboost_oof_ensemble,mean_structural_indicator,0.73,0.6780333068992863,0.855,0.7563025210084033,0.812583159095229,0.8718427428003347,58594,406,145,855,10,500,76560,mean_structural_indicator,auxiliary,oof_averaged
xgboost_oof_ensemble,mean_structural_indicator,0.74,0.6837469975980784,0.854,0.7594486438417074,0.8134882834825681,0.8718427428003347,58605,395,146,854,10,500,76950,mean_structural_indicator,auxiliary,oof_averaged
xgboost_oof_ensemble,mean_structural_indicator,0.75,0.689375506893755,0.85,0.761307657859382,0.8121536403592585,0.8718427428003347,58617,383,150,850,10,500,78830,mean_structural_indicator,auxiliary,oof_averaged
xgboost_oof_ensemble,mean_structural_indicator,0.76,0.6962962962962963,0.846,0.763882618510158,0.8111217641418984,0.8718427428003347,58631,369,154,846,10,500,80690,mean_structural_indicator,auxiliary,oof_averaged
xgboost_oof_ensemble,mean_structural_indicator,0.77,0.7028380634390651,0.842,0.7661510464058234,0.8099268949595998,0.8718427428003347,58644,356,158,842,10,500,82560,mean_structural_indicator,auxiliary,oof_averaged
xgboost_oof_ensemble,mean_structural_indicator,0.78,0.7097046413502109,0.841,0.7697940503432494,0.81099324975892,0.8718427428003347,58656,344,159,841,10,500,82940,mean_structural_indicator,auxiliary,oof_averaged
xgboost_oof_ensemble,mean_structural_indicator,0.79,0.718562874251497,0.84,0.7745504840940526,0.812536273940801,0.8718427428003347,58671,329,160,840,10,500,83290,mean_structural_indicator,auxiliary,oof_averaged
xgboost_oof_ensemble,mean_structural_indicator,0.8,0.7288578901482128,0.836,0.7787610619469026,0.8121235671264815,0.8718427428003347,58689,311,164,836,10,500,85110,mean_structural_indicator,auxiliary,oof_averaged
xgboost_oof_ensemble,mean_structural_indicator,0.81,0.736283185840708,0.832,0.7812206572769953,0.8109161793372319,0.8718427428003347,58702,298,168,832,10,500,86980,mean_structural_indicator,auxiliary,oof_averaged
xgboost_oof_ensemble,mean_structural_indicator,0.82,0.746606334841629,0.825,0.7838479809976246,0.8080313418217434,0.8718427428003347,58720,280,175,825,10,500,90300,mean_structural_indicator,auxiliary,oof_averaged
xgboost_oof_ensemble,mean_structural_indicator,0.83,0.759447004608295,0.824,0.7904076738609113,0.8102261553588987,0.8718427428003347,58739,261,176,824,10,500,90610,mean_structural_indicator,auxiliary,oof_averaged
xgboost_oof_ensemble,mean_structural_indicator,0.84,0.7644320297951583,0.821,0.7917068466730954,0.8090264091446591,0.8718427428003347,58747,253,179,821,10,500,92030,mean_structural_indicator,auxiliary,oof_averaged
xgboost_oof_ensemble,mean_structural_indicator,0.85,0.7728557964184731,0.82,0.7957302280446386,0.8101165777514325,0.8718427428003347,58759,241,180,820,10,500,92410,mean_structural_indicator,auxiliary,oof_averaged
xgboost_oof_ensemble,mean_structural_indicator,0.86,0.7855072463768116,0.813,0.799017199017199,0.8073485600794439,0.8718427428003347,58778,222,187,813,10,500,95720,mean_structural_indicator,auxiliary,oof_averaged
xgboost_oof_ensemble,mean_structural_indicator,0.87,0.7941176470588235,0.81,0.801980198019802,0.8067729083665338,0.8718427428003347,58790,210,190,810,10,500,97100,mean_structural_indicator,auxiliary,oof_averaged
xgboost_oof_ensemble,mean_structural_indicator,0.88,0.8060301507537688,0.802,0.8040100250626566,0.8028028028028028,0.8718427428003347,58807,193,198,802,10,500,100930,mean_structural_indicator,auxiliary,oof_averaged
xgboost_oof_ensemble,mean_structural_indicator,0.89,0.8168724279835391,0.794,0.8052738336713996,0.7984714400643604,0.8718427428003347,58822,178,206,794,10,500,104780,mean_structural_indicator,auxiliary,oof_averaged
xgboost_oof_ensemble,mean_structural_indicator,0.9,0.8253968253968254,0.78,0.8020565552699229,0.788675429726997,0.8718427428003347,58835,165,220,780,10,500,111650,mean_structural_indicator,auxiliary,oof_averaged
xgboost_oof_ensemble,mean_structural_indicator,0.91,0.8326133909287257,0.771,0.8006230529595015,0.7825822168087698,0.8718427428003347,58845,155,229,771,10,500,116050,mean_structural_indicator,auxiliary,oof_averaged
xgboost_oof_ensemble,mean_structural_indicator,0.92,0.8502793296089386,0.761,0.8031662269129287,0.7773237997957099,0.8718427428003347,58866,134,239,761,10,500,120840,mean_structural_indicator,auxiliary,oof_averaged
xgboost_oof_ensemble,mean_structural_indicator,0.93,0.8627450980392157,0.748,0.8012854847348688,0.7684405177727552,0.8718427428003347,58881,119,252,748,10,500,127190,mean_structural_indicator,auxiliary,oof_averaged
xgboost_oof_ensemble,mean_structural_indicator,0.94,0.8763505402160864,0.73,0.7965084560829242,0.755224498241258,0.8718427428003347,58897,103,270,730,10,500,136030,mean_structural_indicator,auxiliary,oof_averaged
xgboost_oof_ensemble,mean_structural_indicator,0.95,0.8915211970074813,0.715,0.7935627081021087,0.7444814660558101,0.8718427428003347,58913,87,285,715,10,500,143370,mean_structural_indicator,auxiliary,oof_averaged
xgboost_oof_ensemble,mean_structural_indicator,0.96,0.8970013037809648,0.688,0.7787209960384833,0.7216278581917348,0.8718427428003347,58921,79,312,688,10,500,156790,mean_structural_indicator,auxiliary,oof_averaged
xgboost_oof_ensemble,mean_structural_indicator,0.97,0.9101283880171184,0.638,0.7501469723691946,0.6785790257392045,0.8718427428003347,58937,63,362,638,10,500,181630,mean_structural_indicator,auxiliary,oof_averaged
xgboost_oof_ensemble,mean_structural_indicator,0.98,0.9338709677419355,0.579,0.7148148148148148,0.6266233766233766,0.8718427428003347,58959,41,421,579,10,500,210910,mean_structural_indicator,auxiliary,oof_averaged
xgboost_oof_ensemble,mean_structural_indicator,0.99,0.9739130434782609,0.448,0.6136986301369863,0.5022421524663677,0.8718427428003347,58988,12,552,448,10,500,276120,mean_structural_indicator,auxiliary,oof_averaged
xgboost_oof_ensemble,mean_structural_prefixzero,0.01,0.122625,0.981,0.218,0.40875,0.8731745060539639,51981,7019,19,981,10,500,79690,mean_structural_prefixzero,diagnostic,oof_averaged
xgboost_oof_ensemble,mean_structural_prefixzero,0.02,0.17271279419571758,0.976,0.29348970079687264,0.5056470832038131,0.8731745060539639,54325,4675,24,976,10,500,58750,mean_structural_prefixzero,diagnostic,oof_averaged
xgboost_oof_ensemble,mean_structural_prefixzero,0.03,0.20350657482780213,0.975,0.3367294077016059,0.5545444204299852,0.8731745060539639,55184,3816,25,975,10,500,50660,mean_structural_prefixzero,diagnostic,oof_averaged
xgboost_oof_ensemble,mean_structural_prefixzero,0.04,0.22645896303185306,0.974,0.36747783437087345,0.5866763040597518,0.8731745060539639,55673,3327,26,974,10,500,46270,mean_structural_prefixzero,diagnostic,oof_averaged
xgboost_oof_ensemble,mean_structural_prefixzero,0.05,0.245636225651404,0.971,0.39208560468402986,0.6104614610838677,0.8731745060539639,56018,2982,29,971,10,500,44320,mean_structural_prefixzero,diagnostic,oof_averaged
xgboost_oof_ensemble,mean_structural_prefixzero,0.06,0.2623172712506768,0.969,0.41286749041329357,0.6297114634780349,0.8731745060539639,56275,2725,31,969,10,500,42750,mean_structural_prefixzero,diagnostic,oof_averaged
xgboost_oof_ensemble,mean_structural_prefixzero,0.07,0.27510668563300145,0.967,0.4283499446290144,0.6433799068529608,0.8731745060539639,56452,2548,33,967,10,500,41980,mean_structural_prefixzero,diagnostic,oof_averaged
xgboost_oof_ensemble,mean_structural_prefixzero,0.08,0.28865671641791046,0.967,0.44459770114942526,0.6578231292517007,0.8731745060539639,56617,2383,33,967,10,500,40330,mean_structural_prefixzero,diagnostic,oof_averaged
xgboost_oof_ensemble,mean_structural_prefixzero,0.09,0.2989786443825441,0.966,0.4566296383833609,0.6679574056147144,0.8731745060539639,56735,2265,34,966,10,500,39650,mean_structural_prefixzero,diagnostic,oof_averaged
xgboost_oof_ensemble,mean_structural_prefixzero,0.1,0.3095467695274831,0.963,0.4684991486256385,0.6771199549992969,0.8731745060539639,56852,2148,37,963,10,500,39980,mean_structural_prefixzero,diagnostic,oof_averaged
xgboost_oof_ensemble,mean_structural_prefixzero,0.11,0.3205598133955348,0.962,0.48087978005498627,0.6870447078988716,0.8731745060539639,56961,2039,38,962,10,500,39390,mean_structural_prefixzero,diagnostic,oof_averaged
xgboost_oof_ensemble,mean_structural_prefixzero,0.12,0.3289879931389365,0.959,0.4899106002554278,0.6934201012292118,0.8731745060539639,57044,1956,41,959,10,500,40060,mean_structural_prefixzero,diagnostic,oof_averaged
xgboost_oof_ensemble,mean_structural_prefixzero,0.13,0.33532303370786515,0.955,0.49636174636174635,0.6972838785046729,0.8731745060539639,57107,1893,45,955,10,500,41430,mean_structural_prefixzero,diagnostic,oof_averaged
xgboost_oof_ensemble,mean_structural_prefixzero,0.14,0.34442836468885674,0.952,0.5058448459086079,0.703725606150207,0.8731745060539639,57188,1812,48,952,10,500,42120,mean_structural_prefixzero,diagnostic,oof_averaged
xgboost_oof_ensemble,mean_structural_prefixzero,0.15,0.35311572700296734,0.952,0.5151515151515151,0.7108721624850657,0.8731745060539639,57256,1744,48,952,10,500,41440,mean_structural_prefixzero,diagnostic,oof_averaged
xgboost_oof_ensemble,mean_structural_prefixzero,0.16,0.35998484274346343,0.95,0.5221214619400935,0.7154691971682482,0.8731745060539639,57311,1689,50,950,10,500,41890,mean_structural_prefixzero,diagnostic,oof_averaged
xgboost_oof_ensemble,mean_structural_prefixzero,0.17,0.36644762272902975,0.948,0.5285754112071369,0.7195992105662669,0.8731745060539639,57361,1639,52,948,10,500,42390,mean_structural_prefixzero,diagnostic,oof_averaged
xgboost_oof_ensemble,mean_structural_prefixzero,0.18,0.3739130434782609,0.946,0.5359773371104816,0.7243491577335375,0.8731745060539639,57416,1584,54,946,10,500,42840,mean_structural_prefixzero,diagnostic,oof_averaged
xgboost_oof_ensemble,mean_structural_prefixzero,0.19,0.38290113452188007,0.945,0.5449826989619377,0.7305194805194806,0.8731745060539639,57477,1523,55,945,10,500,42730,mean_structural_prefixzero,diagnostic,oof_averaged
xgboost_oof_ensemble,mean_structural_prefixzero,0.2,0.389026402640264,0.943,0.5508177570093458,0.7339663760896638,0.8731745060539639,57519,1481,57,943,10,500,43310,mean_structural_prefixzero,diagnostic,oof_averaged
xgboost_oof_ensemble,mean_structural_prefixzero,0.21,0.39646464646464646,0.942,0.5580568720379147,0.7387076537013801,0.8731745060539639,57566,1434,58,942,10,500,43340,mean_structural_prefixzero,diagnostic,oof_averaged
xgboost_oof_ensemble,mean_structural_prefixzero,0.22,0.40386266094420603,0.941,0.5651651651651651,0.7432859399684044,0.8731745060539639,57611,1389,59,941,10,500,43390,mean_structural_prefixzero,diagnostic,oof_averaged
xgboost_oof_ensemble,mean_structural_prefixzero,0.23,0.4116615519508987,0.939,0.572386467540384,0.7474924375099506,0.8731745060539639,57658,1342,61,939,10,500,43920,mean_structural_prefixzero,diagnostic,oof_averaged
xgboost_oof_ensemble,mean_structural_prefixzero,0.24,0.41882247992863514,0.939,0.5792720542874769,0.7521627683434796,0.8731745060539639,57697,1303,61,939,10,500,43530,mean_structural_prefixzero,diagnostic,oof_averaged
xgboost_oof_ensemble,mean_structural_prefixzero,0.25,0.4230942715381146,0.938,0.5831520049735779,0.7543831429950136,0.8731745060539639,57721,1279,62,938,10,500,43790,mean_structural_prefixzero,diagnostic,oof_averaged
xgboost_oof_ensemble,mean_structural_prefixzero,0.26,0.4285061671996345,0.938,0.5882721856381311,0.7577960898368072,0.8731745060539639,57749,1251,62,938,10,500,43510,mean_structural_prefixzero,diagnostic,oof_averaged
xgboost_oof_ensemble,mean_structural_prefixzero,0.27,0.4336734693877551,0.935,0.5925221799746515,0.7594217024041585,0.8731745060539639,57779,1221,65,935,10,500,44710,mean_structural_prefixzero,diagnostic,oof_averaged
xgboost_oof_ensemble,mean_structural_prefixzero,0.28,0.44124587069372345,0.935,0.5995511381853158,0.7640137277332898,0.8731745060539639,57816,1184,65,935,10,500,44340,mean_structural_prefixzero,diagnostic,oof_averaged
xgboost_oof_ensemble,mean_structural_prefixzero,0.29,0.44817658349328215,0.934,0.6057068741893644,0.7675871137409599,0.8731745060539639,57850,1150,66,934,10,500,44500,mean_structural_prefixzero,diagnostic,oof_averaged
xgboost_oof_ensemble,mean_structural_prefixzero,0.3,0.45379377431906615,0.933,0.6106020942408377,0.7703104359313078,0.8731745060539639,57877,1123,67,933,10,500,44730,mean_structural_prefixzero,diagnostic,oof_averaged
xgboost_oof_ensemble,mean_structural_prefixzero,0.31,0.45956607495069035,0.932,0.6155878467635403,0.7730590577305906,0.8731745060539639,57904,1096,68,932,10,500,44960,mean_structural_prefixzero,diagnostic,oof_averaged
xgboost_oof_ensemble,mean_structural_prefixzero,0.32,0.46670005007511267,0.932,0.6219552886219553,0.7770551942637985,0.8731745060539639,57935,1065,68,932,10,500,44650,mean_structural_prefixzero,diagnostic,oof_averaged
xgboost_oof_ensemble,mean_structural_prefixzero,0.33,0.4752171691364333,0.93,0.6290158944876564,0.7805942588551285,0.8731745060539639,57973,1027,70,930,10,500,45270,mean_structural_prefixzero,diagnostic,oof_averaged
xgboost_oof_ensemble,mean_structural_prefixzero,0.34,0.4808686659772492,0.93,0.6339468302658486,0.7836198179979778,0.8731745060539639,57996,1004,70,930,10,500,45040,mean_structural_prefixzero,diagnostic,oof_averaged
xgboost_oof_ensemble,mean_structural_prefixzero,0.35,0.4863731656184486,0.928,0.6382393397524071,0.7853757616790792,0.8731745060539639,58020,980,72,928,10,500,45800,mean_structural_prefixzero,diagnostic,oof_averaged
xgboost_oof_ensemble,mean_structural_prefixzero,0.36,0.49175970228601806,0.925,0.6421381464769177,0.7864308791021936,0.8731745060539639,58044,956,75,925,10,500,47060,mean_structural_prefixzero,diagnostic,oof_averaged
xgboost_oof_ensemble,mean_structural_prefixzero,0.37,0.4954374664519592,0.923,0.6447782046804051,0.7871396895787139,0.8731745060539639,58060,940,77,923,10,500,47900,mean_structural_prefixzero,diagnostic,oof_averaged
xgboost_oof_ensemble,mean_structural_prefixzero,0.38,0.5,0.92,0.647887323943662,0.7876712328767124,0.8731745060539639,58080,920,80,920,10,500,49200,mean_structural_prefixzero,diagnostic,oof_averaged
xgboost_oof_ensemble,mean_structural_prefixzero,0.39,0.504950495049505,0.918,0.6515259048970902,0.7889309040907528,0.8731745060539639,58100,900,82,918,10,500,50000,mean_structural_prefixzero,diagnostic,oof_averaged
xgboost_oof_ensemble,mean_structural_prefixzero,0.4,0.5105790645879733,0.917,0.655937052932761,0.7910628019323671,0.8731745060539639,58121,879,83,917,10,500,50290,mean_structural_prefixzero,diagnostic,oof_averaged
xgboost_oof_ensemble,mean_structural_prefixzero,0.41,0.5166384658770445,0.916,0.6606563288856834,0.793348345747445,0.8731745060539639,58143,857,84,916,10,500,50570,mean_structural_prefixzero,diagnostic,oof_averaged
xgboost_oof_ensemble,mean_structural_prefixzero,0.42,0.5207504263786242,0.916,0.6640086988039144,0.7952769578051745,0.8731745060539639,58157,843,84,916,10,500,50430,mean_structural_prefixzero,diagnostic,oof_averaged
xgboost_oof_ensemble,mean_structural_prefixzero,0.43,0.5267702936096719,0.915,0.6686152721958348,0.7974551159142409,0.8731745060539639,58178,822,85,915,10,500,50720,mean_structural_prefixzero,diagnostic,oof_averaged
xgboost_oof_ensemble,mean_structural_prefixzero,0.44,0.5319767441860465,0.915,0.6727941176470589,0.7998251748251748,0.8731745060539639,58195,805,85,915,10,500,50550,mean_structural_prefixzero,diagnostic,oof_averaged
xgboost_oof_ensemble,mean_structural_prefixzero,0.45,0.5363849765258216,0.914,0.6760355029585798,0.8011921458625526,0.8731745060539639,58210,790,86,914,10,500,50900,mean_structural_prefixzero,diagnostic,oof_averaged
xgboost_oof_ensemble,mean_structural_prefixzero,0.46,0.541839762611276,0.913,0.6800744878957169,0.802990325417766,0.8731745060539639,58228,772,87,913,10,500,51220,mean_structural_prefixzero,diagnostic,oof_averaged
xgboost_oof_ensemble,mean_structural_prefixzero,0.47,0.5475330926594465,0.91,0.6836964688204358,0.8036029671494171,0.8731745060539639,58248,752,90,910,10,500,52520,mean_structural_prefixzero,diagnostic,oof_averaged
xgboost_oof_ensemble,mean_structural_prefixzero,0.48,0.5531914893617021,0.91,0.6880907372400756,0.8060230292294066,0.8731745060539639,58265,735,90,910,10,500,52350,mean_structural_prefixzero,diagnostic,oof_averaged
xgboost_oof_ensemble,mean_structural_prefixzero,0.49,0.5593846153846154,0.909,0.6925714285714286,0.808,0.8731745060539639,58284,716,91,909,10,500,52660,mean_structural_prefixzero,diagnostic,oof_averaged
xgboost_oof_ensemble,mean_structural_prefixzero,0.5,0.5630043451272502,0.907,0.6947529682114133,0.8082338264124042,0.8731745060539639,58296,704,93,907,10,500,53540,mean_structural_prefixzero,diagnostic,oof_averaged
xgboost_oof_ensemble,mean_structural_prefixzero,0.51,0.5708884688090737,0.906,0.7004252029377658,0.8108108108108109,0.8731745060539639,58319,681,94,906,10,500,53810,mean_structural_prefixzero,diagnostic,oof_averaged
xgboost_oof_ensemble,mean_structural_prefixzero,0.52,0.575333757151939,0.905,0.7034589972794404,0.8119504755069084,0.8731745060539639,58332,668,95,905,10,500,54180,mean_structural_prefixzero,diagnostic,oof_averaged
xgboost_oof_ensemble,mean_structural_prefixzero,0.53,0.5820991629104958,0.904,0.7081864473168821,0.8139744282369891,0.8731745060539639,58351,649,96,904,10,500,54490,mean_structural_prefixzero,diagnostic,oof_averaged
xgboost_oof_ensemble,mean_structural_prefixzero,0.54,0.5846852693056457,0.901,0.7091696182605274,0.8130301389640859,0.8731745060539639,58360,640,99,901,10,500,55900,mean_structural_prefixzero,diagnostic,oof_averaged
xgboost_oof_ensemble,mean_structural_prefixzero,0.55,0.5901315789473685,0.897,0.7119047619047619,0.8125,0.8731745060539639,58377,623,103,897,10,500,57730,mean_structural_prefixzero,diagnostic,oof_averaged
xgboost_oof_ensemble,mean_structural_prefixzero,0.56,0.5962691538974018,0.895,0.7157137145141943,0.8134884566442465,0.8731745060539639,58394,606,105,895,10,500,58560,mean_structural_prefixzero,diagnostic,oof_averaged
xgboost_oof_ensemble,mean_structural_prefixzero,0.57,0.6029709655638082,0.893,0.7198710197501008,0.8146323663565043,0.8731745060539639,58412,588,107,893,10,500,59380,mean_structural_prefixzero,diagnostic,oof_averaged
xgboost_oof_ensemble,mean_structural_prefixzero,0.58,0.6066576086956522,0.893,0.7224919093851133,0.8159722222222222,0.8731745060539639,58421,579,107,893,10,500,59290,mean_structural_prefixzero,diagnostic,oof_averaged
xgboost_oof_ensemble,mean_structural_prefixzero,0.59,0.6130584192439863,0.892,0.7266802443991853,0.8175985334555453,0.8731745060539639,58437,563,108,892,10,500,59630,mean_structural_prefixzero,diagnostic,oof_averaged
xgboost_oof_ensemble,mean_structural_prefixzero,0.6,0.6166089965397924,0.891,0.7288343558282209,0.8181818181818182,0.8731745060539639,58446,554,109,891,10,500,60040,mean_structural_prefixzero,diagnostic,oof_averaged
xgboost_oof_ensemble,mean_structural_prefixzero,0.61,0.624033731553057,0.888,0.7329756500206356,0.818735017517979,0.8731745060539639,58465,535,112,888,10,500,61350,mean_structural_prefixzero,diagnostic,oof_averaged
xgboost_oof_ensemble,mean_structural_prefixzero,0.62,0.625797306874557,0.883,0.7324761509746993,0.8159305119201626,0.8731745060539639,58472,528,117,883,10,500,63780,mean_structural_prefixzero,diagnostic,oof_averaged
xgboost_oof_ensemble,mean_structural_prefixzero,0.63,0.6307142857142857,0.883,0.7358333333333333,0.8175925925925925,0.8731745060539639,58483,517,117,883,10,500,63670,mean_structural_prefixzero,diagnostic,oof_averaged
xgboost_oof_ensemble,mean_structural_prefixzero,0.64,0.6344628695025234,0.88,0.7373271889400922,0.8167811397809541,0.8731745060539639,58493,507,120,880,10,500,65070,mean_structural_prefixzero,diagnostic,oof_averaged
xgboost_oof_ensemble,mean_structural_prefixzero,0.65,0.6394756008739986,0.878,0.7399915718499789,0.8170482039828774,0.8731745060539639,58505,495,122,878,10,500,65950,mean_structural_prefixzero,diagnostic,oof_averaged
xgboost_oof_ensemble,mean_structural_prefixzero,0.66,0.6432234432234433,0.878,0.7424947145877379,0.8182665424044734,0.8731745060539639,58513,487,122,878,10,500,65870,mean_structural_prefixzero,diagnostic,oof_averaged
xgboost_oof_ensemble,mean_structural_prefixzero,0.67,0.649331352154532,0.874,0.7450980392156863,0.817433595211373,0.8731745060539639,58528,472,126,874,10,500,67720,mean_structural_prefixzero,diagnostic,oof_averaged
xgboost_oof_ensemble,mean_structural_prefixzero,0.68,0.6576373212942062,0.874,0.7505367110347789,0.8200412835428786,0.8731745060539639,58545,455,126,874,10,500,67550,mean_structural_prefixzero,diagnostic,oof_averaged
xgboost_oof_ensemble,mean_structural_prefixzero,0.69,0.6613636363636364,0.873,0.7525862068965518,0.8204887218045113,0.8731745060539639,58553,447,127,873,10,500,67970,mean_structural_prefixzero,diagnostic,oof_averaged
xgboost_oof_ensemble,mean_structural_prefixzero,0.7,0.6671790930053805,0.868,0.7544545849630595,0.8187134502923976,0.8731745060539639,58567,433,132,868,10,500,70330,mean_structural_prefixzero,diagnostic,oof_averaged
xgboost_oof_ensemble,mean_structural_prefixzero,0.71,0.6749805144193297,0.866,0.7586508979413052,0.8196100700359644,0.8731745060539639,58583,417,134,866,10,500,71170,mean_structural_prefixzero,diagnostic,oof_averaged
xgboost_oof_ensemble,mean_structural_prefixzero,0.72,0.6841269841269841,0.862,0.7628318584070797,0.8193916349809885,0.8731745060539639,58602,398,138,862,10,500,72980,mean_structural_prefixzero,diagnostic,oof_averaged
xgboost_oof_ensemble,mean_structural_prefixzero,0.73,0.6932367149758454,0.861,0.768064228367529,0.8212514307516215,0.8731745060539639,58619,381,139,861,10,500,73310,mean_structural_prefixzero,diagnostic,oof_averaged
xgboost_oof_ensemble,mean_structural_prefixzero,0.74,0.6981285598047193,0.858,0.7698519515477793,0.8204245553643144,0.8731745060539639,58629,371,142,858,10,500,74710,mean_structural_prefixzero,diagnostic,oof_averaged
xgboost_oof_ensemble,mean_structural_prefixzero,0.75,0.7051070840197694,0.856,0.7732610659439928,0.8208668968162639,0.8731745060539639,58642,358,144,856,10,500,75580,mean_structural_prefixzero,diagnostic,oof_averaged
xgboost_oof_ensemble,mean_structural_prefixzero,0.76,0.711892797319933,0.85,0.7748404740200547,0.8182518290335002,0.8731745060539639,58656,344,150,850,10,500,78440,mean_structural_prefixzero,diagnostic,oof_averaged
xgboost_oof_ensemble,mean_structural_prefixzero,0.77,0.7135636057287279,0.847,0.7745770461819844,0.8164642375168691,0.8731745060539639,58660,340,153,847,10,500,79900,mean_structural_prefixzero,diagnostic,oof_averaged
xgboost_oof_ensemble,mean_structural_prefixzero,0.78,0.7181895815542272,0.841,0.7747581759557808,0.8131889383098047,0.8731745060539639,58670,330,159,841,10,500,82800,mean_structural_prefixzero,diagnostic,oof_averaged
xgboost_oof_ensemble,mean_structural_prefixzero,0.79,0.7238999137187231,0.839,0.777211672070403,0.8131420817987982,0.8731745060539639,58680,320,161,839,10,500,83700,mean_structural_prefixzero,diagnostic,oof_averaged
xgboost_oof_ensemble,mean_structural_prefixzero,0.8,0.731004366812227,0.837,0.7804195804195804,0.8134110787172012,0.8731745060539639,58692,308,163,837,10,500,84580,mean_structural_prefixzero,diagnostic,oof_averaged
xgboost_oof_ensemble,mean_structural_prefixzero,0.81,0.7347480106100795,0.831,0.7799155326137963,0.809783667900994,0.8731745060539639,58700,300,169,831,10,500,87500,mean_structural_prefixzero,diagnostic,oof_averaged
xgboost_oof_ensemble,mean_structural_prefixzero,0.82,0.74303683737646,0.827,0.7827733080927591,0.8087228632896538,0.8731745060539639,58714,286,173,827,10,500,89360,mean_structural_prefixzero,diagnostic,oof_averaged
xgboost_oof_ensemble,mean_structural_prefixzero,0.83,0.7548032936870998,0.825,0.7883420926899187,0.8099352051835853,0.8731745060539639,58732,268,175,825,10,500,90180,mean_structural_prefixzero,diagnostic,oof_averaged
xgboost_oof_ensemble,mean_structural_prefixzero,0.84,0.7639405204460966,0.822,0.791907514450867,0.8096926713947991,0.8731745060539639,58746,254,178,822,10,500,91540,mean_structural_prefixzero,diagnostic,oof_averaged
xgboost_oof_ensemble,mean_structural_prefixzero,0.85,0.775047258979206,0.82,0.7968901846452867,0.8105970739422697,0.8731745060539639,58762,238,180,820,10,500,92380,mean_structural_prefixzero,diagnostic,oof_averaged
xgboost_oof_ensemble,mean_structural_prefixzero,0.86,0.78702807357212,0.813,0.7998032464338416,0.8076693820782833,0.8731745060539639,58780,220,187,813,10,500,95700,mean_structural_prefixzero,diagnostic,oof_averaged
xgboost_oof_ensemble,mean_structural_prefixzero,0.87,0.796828543111992,0.804,0.8003982080637133,0.8025554002794969,0.8731745060539639,58795,205,196,804,10,500,100050,mean_structural_prefixzero,diagnostic,oof_averaged
xgboost_oof_ensemble,mean_structural_prefixzero,0.88,0.8042381432896064,0.797,0.8006027122049222,0.7984371869364857,0.8731745060539639,58806,194,203,797,10,500,103440,mean_structural_prefixzero,diagnostic,oof_averaged
xgboost_oof_ensemble,mean_structural_prefixzero,0.89,0.8164948453608247,0.792,0.8040609137055837,0.7967806841046278,0.8731745060539639,58822,178,208,792,10,500,105780,mean_structural_prefixzero,diagnostic,oof_averaged
xgboost_oof_ensemble,mean_structural_prefixzero,0.9,0.8298097251585623,0.785,0.8067831449126414,0.7935705620703599,0.8731745060539639,58839,161,215,785,10,500,109110,mean_structural_prefixzero,diagnostic,oof_averaged
xgboost_oof_ensemble,mean_structural_prefixzero,0.91,0.8405639913232104,0.775,0.8064516129032258,0.7872815928484356,0.8731745060539639,58853,147,225,775,10,500,113970,mean_structural_prefixzero,diagnostic,oof_averaged
xgboost_oof_ensemble,mean_structural_prefixzero,0.92,0.8560179977502812,0.761,0.8057173107464267,0.7782777664143997,0.8731745060539639,58872,128,239,761,10,500,120780,mean_structural_prefixzero,diagnostic,oof_averaged
xgboost_oof_ensemble,mean_structural_prefixzero,0.93,0.869615832363213,0.747,0.8036578805809576,0.7686766824449475,0.8731745060539639,58888,112,253,747,10,500,127620,mean_structural_prefixzero,diagnostic,oof_averaged
xgboost_oof_ensemble,mean_structural_prefixzero,0.94,0.8796630565583634,0.731,0.7984707809939924,0.7565721382736493,0.8731745060539639,58900,100,269,731,10,500,135500,mean_structural_prefixzero,diagnostic,oof_averaged
xgboost_oof_ensemble,mean_structural_prefixzero,0.95,0.8890274314214464,0.713,0.7913429522752498,0.7423990004164931,0.8731745060539639,58911,89,287,713,10,500,144390,mean_structural_prefixzero,diagnostic,oof_averaged
xgboost_oof_ensemble,mean_structural_prefixzero,0.96,0.8988173455978975,0.684,0.7768313458262351,0.718336483931947,0.8731745060539639,58923,77,316,684,10,500,158770,mean_structural_prefixzero,diagnostic,oof_averaged
xgboost_oof_ensemble,mean_structural_prefixzero,0.97,0.9126074498567335,0.637,0.7502944640753828,0.6779480630055342,0.8731745060539639,58939,61,363,637,10,500,182110,mean_structural_prefixzero,diagnostic,oof_averaged
xgboost_oof_ensemble,mean_structural_prefixzero,0.98,0.9357945425361156,0.583,0.718422674060382,0.6305429374864806,0.8731745060539639,58960,40,417,583,10,500,208900,mean_structural_prefixzero,diagnostic,oof_averaged
xgboost_oof_ensemble,mean_structural_prefixzero,0.99,0.9739130434782609,0.448,0.6136986301369863,0.5022421524663677,0.8731745060539639,58988,12,552,448,10,500,276120,mean_structural_prefixzero,diagnostic,oof_averaged
xgboost_oof_ensemble,mean_three_models,0.01,0.12220009955201593,0.982,0.217352810978309,0.40794283815221005,0.872758521474803,51946,7054,18,982,10,500,79540,mean_three_models,auxiliary,oof_averaged
xgboost_oof_ensemble,mean_three_models,0.02,0.17240770181946652,0.976,0.2930490917279688,0.5051236931994617,0.872758521474803,54315,4685,24,976,10,500,58850,mean_three_models,auxiliary,oof_averaged
xgboost_oof_ensemble,mean_three_models,0.03,0.20270270270270271,0.975,0.33562822719449226,0.5533484676503972,0.872758521474803,55165,3835,25,975,10,500,50850,mean_three_models,auxiliary,oof_averaged
xgboost_oof_ensemble,mean_three_models,0.04,0.22569444444444445,0.975,0.36654135338345867,0.5859375,0.872758521474803,55655,3345,25,975,10,500,45950,mean_three_models,auxiliary,oof_averaged
xgboost_oof_ensemble,mean_three_models,0.05,0.24453380246293038,0.973,0.3908415344446676,0.6097255295149768,0.872758521474803,55994,3006,27,973,10,500,43560,mean_three_models,auxiliary,oof_averaged
xgboost_oof_ensemble,mean_three_models,0.06,0.26068261220102124,0.97,0.4109298877356492,0.6281569744851703,0.872758521474803,56249,2751,30,970,10,500,42510,mean_three_models,auxiliary,oof_averaged
xgboost_oof_ensemble,mean_three_models,0.07,0.27484383872799545,0.968,0.4281291463954003,0.6434458920499867,0.872758521474803,56446,2554,32,968,10,500,41540,mean_three_models,auxiliary,oof_averaged
xgboost_oof_ensemble,mean_three_models,0.08,0.2873289708506841,0.966,0.44291609353507566,0.6560717196414018,0.872758521474803,56604,2396,34,966,10,500,40960,mean_three_models,auxiliary,oof_averaged
xgboost_oof_ensemble,mean_three_models,0.09,0.2979314603272615,0.965,0.4552960603916018,0.6665285260395082,0.872758521474803,56726,2274,35,965,10,500,40240,mean_three_models,auxiliary,oof_averaged
xgboost_oof_ensemble,mean_three_models,0.1,0.30863009303817773,0.962,0.467330580519796,0.6758465645637207,0.872758521474803,56845,2155,38,962,10,500,40550,mean_three_models,auxiliary,oof_averaged
xgboost_oof_ensemble,mean_three_models,0.11,0.31821192052980135,0.961,0.4781094527363184,0.6844729344729344,0.872758521474803,56941,2059,39,961,10,500,40090,mean_three_models,auxiliary,oof_averaged
xgboost_oof_ensemble,mean_three_models,0.12,0.3270868824531516,0.96,0.48792884371029227,0.692141312184571,0.872758521474803,57025,1975,40,960,10,500,39750,mean_three_models,auxiliary,oof_averaged
xgboost_oof_ensemble,mean_three_models,0.13,0.33472803347280333,0.96,0.4963805584281282,0.6988934187536401,0.872758521474803,57092,1908,40,960,10,500,39080,mean_three_models,auxiliary,oof_averaged
xgboost_oof_ensemble,mean_three_models,0.14,0.34288785381583664,0.957,0.5048799788973886,0.7046090413782948,0.872758521474803,57166,1834,43,957,10,500,39840,mean_three_models,auxiliary,oof_averaged
xgboost_oof_ensemble,mean_three_models,0.15,0.3503488799118619,0.954,0.5124899274778405,0.7095046854082999,0.872758521474803,57231,1769,46,954,10,500,40690,mean_three_models,auxiliary,oof_averaged
xgboost_oof_ensemble,mean_three_models,0.16,0.35927465054778995,0.951,0.5215245407183987,0.7153603129231232,0.872758521474803,57304,1696,49,951,10,500,41460,mean_three_models,auxiliary,oof_averaged
xgboost_oof_ensemble,mean_three_models,0.17,0.365919629057187,0.947,0.5278706800445931,0.7187310261080753,0.872758521474803,57359,1641,53,947,10,500,42910,mean_three_models,auxiliary,oof_averaged
xgboost_oof_ensemble,mean_three_models,0.18,0.3741604109047807,0.947,0.5363919569527046,0.7250038278977186,0.872758521474803,57416,1584,53,947,10,500,42340,mean_three_models,auxiliary,oof_averaged
xgboost_oof_ensemble,mean_three_models,0.19,0.3827460510328068,0.945,0.5448255981550879,0.7304065543360643,0.872758521474803,57476,1524,55,945,10,500,42740,mean_three_models,auxiliary,oof_averaged
xgboost_oof_ensemble,mean_three_models,0.2,0.3904052936311001,0.944,0.5523698069046226,0.7354315986288563,0.872758521474803,57526,1474,56,944,10,500,42740,mean_three_models,auxiliary,oof_averaged
xgboost_oof_ensemble,mean_three_models,0.21,0.39805825242718446,0.943,0.5598100326506382,0.7403046004082273,0.872758521474803,57574,1426,57,943,10,500,42760,mean_three_models,auxiliary,oof_averaged
xgboost_oof_ensemble,mean_three_models,0.22,0.40498710232158214,0.942,0.566446181599519,0.7445463167878597,0.872758521474803,57616,1384,58,942,10,500,42840,mean_three_models,auxiliary,oof_averaged
xgboost_oof_ensemble,mean_three_models,0.23,0.4097646033129904,0.94,0.5707346690953249,0.7467429297743883,0.872758521474803,57646,1354,60,940,10,500,43540,mean_three_models,auxiliary,oof_averaged
xgboost_oof_ensemble,mean_three_models,0.24,0.41475265017667845,0.939,0.5753676470588235,0.7495210727969349,0.872758521474803,57675,1325,61,939,10,500,43750,mean_three_models,auxiliary,oof_averaged
xgboost_oof_ensemble,mean_three_models,0.25,0.42136097341144657,0.935,0.5809257533395464,0.7517285737256794,0.872758521474803,57716,1284,65,935,10,500,45340,mean_three_models,auxiliary,oof_averaged
xgboost_oof_ensemble,mean_three_models,0.26,0.42655109489051096,0.935,0.5858395989974937,0.7550064599483204,0.872758521474803,57743,1257,65,935,10,500,45070,mean_three_models,auxiliary,oof_averaged
xgboost_oof_ensemble,mean_three_models,0.27,0.43427775197398977,0.935,0.5930859498889947,0.7597919713960669,0.872758521474803,57782,1218,65,935,10,500,44680,mean_three_models,auxiliary,oof_averaged
xgboost_oof_ensemble,mean_three_models,0.28,0.43979303857008467,0.935,0.5982085732565579,0.7631407117205354,0.872758521474803,57809,1191,65,935,10,500,44410,mean_three_models,auxiliary,oof_averaged
xgboost_oof_ensemble,mean_three_models,0.29,0.4439163498098859,0.934,0.6018041237113402,0.7650720838794234,0.872758521474803,57830,1170,66,934,10,500,44700,mean_three_models,auxiliary,oof_averaged
xgboost_oof_ensemble,mean_three_models,0.3,0.4513317191283293,0.932,0.6081566068515497,0.7683429513602638,0.872758521474803,57867,1133,68,932,10,500,45330,mean_three_models,auxiliary,oof_averaged
xgboost_oof_ensemble,mean_three_models,0.31,0.45659637076998527,0.931,0.6127015465613689,0.7708229839377381,0.872758521474803,57892,1108,69,931,10,500,45580,mean_three_models,auxiliary,oof_averaged
xgboost_oof_ensemble,mean_three_models,0.32,0.4645354645354645,0.93,0.619586942038641,0.7747417527490836,0.872758521474803,57928,1072,70,930,10,500,45720,mean_three_models,auxiliary,oof_averaged
xgboost_oof_ensemble,mean_three_models,0.33,0.469459868753155,0.93,0.6239516940623951,0.7774619628824612,0.872758521474803,57949,1051,70,930,10,500,45510,mean_three_models,auxiliary,oof_averaged
xgboost_oof_ensemble,mean_three_models,0.34,0.473953013278856,0.928,0.6274509803921569,0.7787848271231957,0.872758521474803,57970,1030,72,928,10,500,46300,mean_three_models,auxiliary,oof_averaged
xgboost_oof_ensemble,mean_three_models,0.35,0.4792746113989637,0.925,0.6313993174061433,0.7799325463743676,0.872758521474803,57995,1005,75,925,10,500,47550,mean_three_models,auxiliary,oof_averaged
xgboost_oof_ensemble,mean_three_models,0.36,0.48657187993680884,0.924,0.6374611935150052,0.7831835904390575,0.872758521474803,58025,975,76,924,10,500,47750,mean_three_models,auxiliary,oof_averaged
xgboost_oof_ensemble,mean_three_models,0.37,0.4917067950775816,0.919,0.6406413384454513,0.7829272448458,0.872758521474803,58050,950,81,919,10,500,50000,mean_three_models,auxiliary,oof_averaged
xgboost_oof_ensemble,mean_three_models,0.38,0.4997275204359673,0.917,0.6469135802469136,0.7857754927163667,0.872758521474803,58082,918,83,917,10,500,50680,mean_three_models,auxiliary,oof_averaged
xgboost_oof_ensemble,mean_three_models,0.39,0.5049614112458655,0.916,0.6510305614783227,0.7877536979704163,0.872758521474803,58102,898,84,916,10,500,50980,mean_three_models,auxiliary,oof_averaged
xgboost_oof_ensemble,mean_three_models,0.4,0.5120313374370453,0.915,0.6566200215285253,0.7905650596163816,0.872758521474803,58128,872,85,915,10,500,51220,mean_three_models,auxiliary,oof_averaged
xgboost_oof_ensemble,mean_three_models,0.41,0.5169491525423728,0.915,0.6606498194945848,0.792894280762565,0.872758521474803,58145,855,85,915,10,500,51050,mean_three_models,auxiliary,oof_averaged
xgboost_oof_ensemble,mean_three_models,0.42,0.5216647662485747,0.915,0.664488017429194,0.7950990615224192,0.872758521474803,58161,839,85,915,10,500,50890,mean_three_models,auxiliary,oof_averaged
xgboost_oof_ensemble,mean_three_models,0.43,0.5271362586605081,0.913,0.6683748169838946,0.7964061409630147,0.872758521474803,58181,819,87,913,10,500,51690,mean_three_models,auxiliary,oof_averaged
xgboost_oof_ensemble,mean_three_models,0.44,0.5332943925233645,0.913,0.6733038348082596,0.7991946778711485,0.872758521474803,58201,799,87,913,10,500,51490,mean_three_models,auxiliary,oof_averaged
xgboost_oof_ensemble,mean_three_models,0.45,0.5377358490566038,0.912,0.6765578635014837,0.800561797752809,0.872758521474803,58216,784,88,912,10,500,51840,mean_three_models,auxiliary,oof_averaged
xgboost_oof_ensemble,mean_three_models,0.46,0.5448564593301436,0.911,0.6818862275449101,0.8030677009873061,0.872758521474803,58239,761,89,911,10,500,52110,mean_three_models,auxiliary,oof_averaged
xgboost_oof_ensemble,mean_three_models,0.47,0.5515151515151515,0.91,0.6867924528301886,0.8053097345132744,0.872758521474803,58260,740,90,910,10,500,52400,mean_three_models,auxiliary,oof_averaged
xgboost_oof_ensemble,mean_three_models,0.48,0.5559633027522936,0.909,0.6899430740037951,0.8065661047027507,0.872758521474803,58274,726,91,909,10,500,52760,mean_three_models,auxiliary,oof_averaged
xgboost_oof_ensemble,mean_three_models,0.49,0.5638957816377171,0.909,0.6960183767228177,0.809871703492516,0.872758521474803,58297,703,91,909,10,500,52530,mean_three_models,auxiliary,oof_averaged
xgboost_oof_ensemble,mean_three_models,0.5,0.5678549093183239,0.908,0.6987302808772605,0.8108590819789248,0.872758521474803,58309,691,92,908,10,500,52910,mean_three_models,auxiliary,oof_averaged
xgboost_oof_ensemble,mean_three_models,0.51,0.5707992448080553,0.907,0.7006566241792198,0.8114152800143138,0.872758521474803,58318,682,93,907,10,500,53320,mean_three_models,auxiliary,oof_averaged
xgboost_oof_ensemble,mean_three_models,0.52,0.5750636132315522,0.904,0.702954898911353,0.8111988513998565,0.872758521474803,58332,668,96,904,10,500,54680,mean_three_models,auxiliary,oof_averaged
xgboost_oof_ensemble,mean_three_models,0.53,0.5794212218649518,0.901,0.7052837573385519,0.810981098109811,0.872758521474803,58346,654,99,901,10,500,56040,mean_three_models,auxiliary,oof_averaged
xgboost_oof_ensemble,mean_three_models,0.54,0.5865885416666666,0.901,0.7105678233438486,0.8137644508670521,0.872758521474803,58365,635,99,901,10,500,55850,mean_three_models,auxiliary,oof_averaged
xgboost_oof_ensemble,mean_three_models,0.55,0.5928853754940712,0.9,0.7148530579825259,0.8155128669807902,0.872758521474803,58382,618,100,900,10,500,56180,mean_three_models,auxiliary,oof_averaged
xgboost_oof_ensemble,mean_three_models,0.56,0.597601598934044,0.897,0.717313074770092,0.8153063079440102,0.872758521474803,58396,604,103,897,10,500,57540,mean_three_models,auxiliary,oof_averaged
xgboost_oof_ensemble,mean_three_models,0.57,0.6049966239027684,0.896,0.7222893994357114,0.8173690932311622,0.872758521474803,58415,585,104,896,10,500,57850,mean_three_models,auxiliary,oof_averaged
xgboost_oof_ensemble,mean_three_models,0.58,0.6084296397008837,0.895,0.7244030756778632,0.8179491866203619,0.872758521474803,58424,576,105,895,10,500,58260,mean_three_models,auxiliary,oof_averaged
xgboost_oof_ensemble,mean_three_models,0.59,0.6147484493452792,0.892,0.7278661770705834,0.8181984956888644,0.872758521474803,58441,559,108,892,10,500,59590,mean_three_models,auxiliary,oof_averaged
xgboost_oof_ensemble,mean_three_models,0.6,0.6177901320361362,0.889,0.7289872898728987,0.8172458172458172,0.872758521474803,58450,550,111,889,10,500,61000,mean_three_models,auxiliary,oof_averaged
xgboost_oof_ensemble,mean_three_models,0.61,0.6237693389592124,0.887,0.7324525185796862,0.8179638509774991,0.872758521474803,58465,535,113,887,10,500,61850,mean_three_models,auxiliary,oof_averaged
xgboost_oof_ensemble,mean_three_models,0.62,0.6297085998578535,0.886,0.7361861238055671,0.8193083040503052,0.872758521474803,58479,521,114,886,10,500,62210,mean_three_models,auxiliary,oof_averaged
xgboost_oof_ensemble,mean_three_models,0.63,0.6327845382963493,0.884,0.7375886524822695,0.8189735037984065,0.872758521474803,58487,513,116,884,10,500,63130,mean_three_models,auxiliary,oof_averaged
xgboost_oof_ensemble,mean_three_models,0.64,0.6352517985611511,0.883,0.7389121338912134,0.8191094619666048,0.872758521474803,58493,507,117,883,10,500,63570,mean_three_models,auxiliary,oof_averaged
xgboost_oof_ensemble,mean_three_models,0.65,0.6381435823060189,0.88,0.7398066414459857,0.8179959100204499,0.872758521474803,58501,499,120,880,10,500,64990,mean_three_models,auxiliary,oof_averaged
xgboost_oof_ensemble,mean_three_models,0.66,0.6434336023477623,0.877,0.7422767668218366,0.8176393809435017,0.872758521474803,58514,486,123,877,10,500,66360,mean_three_models,auxiliary,oof_averaged
xgboost_oof_ensemble,mean_three_models,0.67,0.6486686390532544,0.877,0.7457482993197279,0.8193198804185351,0.872758521474803,58525,475,123,877,10,500,66250,mean_three_models,auxiliary,oof_averaged
xgboost_oof_ensemble,mean_three_models,0.68,0.6522388059701493,0.874,0.747008547008547,0.8183520599250936,0.872758521474803,58534,466,126,874,10,500,67660,mean_three_models,auxiliary,oof_averaged
xgboost_oof_ensemble,mean_three_models,0.69,0.6591080876795162,0.872,0.7507533362031855,0.8190869810257374,0.872758521474803,58549,451,128,872,10,500,68510,mean_three_models,auxiliary,oof_averaged
xgboost_oof_ensemble,mean_three_models,0.7,0.6613272311212814,0.867,0.7503245348334054,0.8162304650724911,0.872758521474803,58556,444,133,867,10,500,70940,mean_three_models,auxiliary,oof_averaged
xgboost_oof_ensemble,mean_three_models,0.71,0.6689922480620155,0.863,0.7537117903930131,0.8156899810964083,0.872758521474803,58573,427,137,863,10,500,72770,mean_three_models,auxiliary,oof_averaged
xgboost_oof_ensemble,mean_three_models,0.72,0.6793349168646081,0.858,0.758285461776403,0.815124453733612,0.872758521474803,58595,405,142,858,10,500,75050,mean_three_models,auxiliary,oof_averaged
xgboost_oof_ensemble,mean_three_models,0.73,0.682615629984051,0.856,0.7595385980479148,0.8146174343357442,0.872758521474803,58602,398,144,856,10,500,75980,mean_three_models,auxiliary,oof_averaged
xgboost_oof_ensemble,mean_three_models,0.74,0.6877022653721683,0.85,0.7602862254025045,0.8116883116883117,0.872758521474803,58614,386,150,850,10,500,78860,mean_three_models,auxiliary,oof_averaged
xgboost_oof_ensemble,mean_three_models,0.75,0.6973684210526315,0.848,0.7653429602888087,0.8128834355828221,0.872758521474803,58632,368,152,848,10,500,79680,mean_three_models,auxiliary,oof_averaged
xgboost_oof_ensemble,mean_three_models,0.76,0.7024106400665004,0.845,0.7671357240127099,0.8120315202767634,0.872758521474803,58642,358,155,845,10,500,81080,mean_three_models,auxiliary,oof_averaged
xgboost_oof_ensemble,mean_three_models,0.77,0.7107925801011804,0.843,0.7712717291857274,0.8127651369070574,0.872758521474803,58657,343,157,843,10,500,81930,mean_three_models,auxiliary,oof_averaged
xgboost_oof_ensemble,mean_three_models,0.78,0.71733561058924,0.84,0.7738369415016122,0.8122220073486753,0.872758521474803,58669,331,160,840,10,500,83310,mean_three_models,auxiliary,oof_averaged
xgboost_oof_ensemble,mean_three_models,0.79,0.7236614853195165,0.838,0.7766450417052827,0.8123303606048856,0.872758521474803,58680,320,162,838,10,500,84200,mean_three_models,auxiliary,oof_averaged
xgboost_oof_ensemble,mean_three_models,0.8,0.731004366812227,0.837,0.7804195804195804,0.8134110787172012,0.872758521474803,58692,308,163,837,10,500,84580,mean_three_models,auxiliary,oof_averaged
xgboost_oof_ensemble,mean_three_models,0.81,0.736283185840708,0.832,0.7812206572769953,0.8109161793372319,0.872758521474803,58702,298,168,832,10,500,86980,mean_three_models,auxiliary,oof_averaged
xgboost_oof_ensemble,mean_three_models,0.82,0.7452745274527453,0.828,0.7844623401231644,0.8100176090784582,0.872758521474803,58717,283,172,828,10,500,88830,mean_three_models,auxiliary,oof_averaged
xgboost_oof_ensemble,mean_three_models,0.83,0.7543538038496792,0.823,0.7871831659493066,0.8082891376939697,0.872758521474803,58732,268,177,823,10,500,91180,mean_three_models,auxiliary,oof_averaged
xgboost_oof_ensemble,mean_three_models,0.84,0.7644859813084112,0.818,0.7903381642512077,0.8067061143984221,0.872758521474803,58748,252,182,818,10,500,93520,mean_three_models,auxiliary,oof_averaged
xgboost_oof_ensemble,mean_three_models,0.85,0.7756653992395437,0.816,0.7953216374269005,0.8076009501187649,0.872758521474803,58764,236,184,816,10,500,94360,mean_three_models,auxiliary,oof_averaged
xgboost_oof_ensemble,mean_three_models,0.86,0.7846750727449079,0.809,0.7966518956179222,0.8040151063406877,0.872758521474803,58778,222,191,809,10,500,97720,mean_three_models,auxiliary,oof_averaged
xgboost_oof_ensemble,mean_three_models,0.87,0.7952522255192879,0.804,0.799602187966186,0.8022350828178009,0.872758521474803,58793,207,196,804,10,500,100070,mean_three_models,auxiliary,oof_averaged
xgboost_oof_ensemble,mean_three_models,0.88,0.807070707070707,0.799,0.8030150753768844,0.8006012024048096,0.872758521474803,58809,191,201,799,10,500,102410,mean_three_models,auxiliary,oof_averaged
xgboost_oof_ensemble,mean_three_models,0.89,0.8209109730848861,0.793,0.8067141403865717,0.7984293193717278,0.872758521474803,58827,173,207,793,10,500,105230,mean_three_models,auxiliary,oof_averaged
xgboost_oof_ensemble,mean_three_models,0.9,0.8296296296296296,0.784,0.8061696658097687,0.7927199191102123,0.872758521474803,58839,161,216,784,10,500,109610,mean_three_models,auxiliary,oof_averaged
xgboost_oof_ensemble,mean_three_models,0.91,0.8451472191930207,0.775,0.8085550339071466,0.7880821639210901,0.872758521474803,58858,142,225,775,10,500,113920,mean_three_models,auxiliary,oof_averaged
xgboost_oof_ensemble,mean_three_models,0.92,0.8556933483652762,0.759,0.8044515103338633,0.7765500306936771,0.872758521474803,58872,128,241,759,10,500,121780,mean_three_models,auxiliary,oof_averaged
xgboost_oof_ensemble,mean_three_models,0.93,0.868144690781797,0.744,0.8012924071082391,0.7659048795552811,0.872758521474803,58887,113,256,744,10,500,129130,mean_three_models,auxiliary,oof_averaged
xgboost_oof_ensemble,mean_three_models,0.94,0.8813559322033898,0.728,0.7973713033953997,0.7542478242851223,0.872758521474803,58902,98,272,728,10,500,136980,mean_three_models,auxiliary,oof_averaged
xgboost_oof_ensemble,mean_three_models,0.95,0.8886107634543179,0.71,0.7893274041133963,0.7397374453011044,0.872758521474803,58911,89,290,710,10,500,145890,mean_three_models,auxiliary,oof_averaged
xgboost_oof_ensemble,mean_three_models,0.96,0.899736147757256,0.682,0.7758816837315131,0.7166876839007986,0.872758521474803,58924,76,318,682,10,500,159760,mean_three_models,auxiliary,oof_averaged
xgboost_oof_ensemble,mean_three_models,0.97,0.9123563218390804,0.635,0.7488207547169812,0.676107325383305,0.872758521474803,58939,61,365,635,10,500,183110,mean_three_models,auxiliary,oof_averaged
xgboost_oof_ensemble,mean_three_models,0.98,0.9397394136807817,0.577,0.7149938042131351,0.6252709146077157,0.872758521474803,58963,37,423,577,10,500,211870,mean_three_models,auxiliary,oof_averaged
xgboost_oof_ensemble,mean_three_models,0.99,0.9760348583877996,0.448,0.6141192597669637,0.5023547880690737,0.872758521474803,58989,11,552,448,10,500,276110,mean_three_models,auxiliary,oof_averaged
xgboost_oof_ensemble,rank_average_three,0.01,0.016743967985533213,1.0,0.03293644912142022,0.07846460461685734,0.8728311912312564,277,58723,0,1000,10,500,587230,rank_average_three,auxiliary,oof_averaged
xgboost_oof_ensemble,rank_average_three,0.02,0.016883051104995696,1.0,0.033205492188407966,0.07907513719536303,0.8728311912312564,769,58231,0,1000,10,500,582310,rank_average_three,auxiliary,oof_averaged
xgboost_oof_ensemble,rank_average_three,0.03,0.01703055281174427,1.0,0.03349073981044241,0.07972192990847922,0.8728311912312564,1282,57718,0,1000,10,500,577180,rank_average_three,auxiliary,oof_averaged
xgboost_oof_ensemble,rank_average_three,0.04,0.017194539014409024,1.0,0.03380776902532202,0.08044016860259338,0.8728311912312564,1842,57158,0,1000,10,500,571580,rank_average_three,auxiliary,oof_averaged
xgboost_oof_ensemble,rank_average_three,0.05,0.01736804626847526,1.0,0.034143093705720676,0.08119914903291814,0.8728311912312564,2423,56577,0,1000,10,500,565770,rank_average_three,auxiliary,oof_averaged
xgboost_oof_ensemble,rank_average_three,0.06,0.01755094160801727,1.0,0.034496438242751434,0.08199813044262591,0.8728311912312564,3023,55977,0,1000,10,500,559770,rank_average_three,auxiliary,oof_averaged
xgboost_oof_ensemble,rank_average_three,0.07,0.0177367860943597,1.0,0.03485535029627048,0.08280887711162636,0.8728311912312564,3620,55380,0,1000,10,500,553800,rank_average_three,auxiliary,oof_averaged
xgboost_oof_ensemble,rank_average_three,0.08,0.017923395408026097,1.0,0.03521560755726938,0.08362182864214875,0.8728311912312564,4207,54793,0,1000,10,500,547930,rank_average_three,auxiliary,oof_averaged
xgboost_oof_ensemble,rank_average_three,0.09,0.0181257930034439,1.0,0.03560619547801317,0.08450228156160217,0.8728311912312564,4830,54170,0,1000,10,500,541700,rank_average_three,auxiliary,oof_averaged
xgboost_oof_ensemble,rank_average_three,0.1,0.018303407841700255,0.999,0.03594818279956819,0.08526800955957664,0.8728311912312564,5419,53581,1,999,10,500,536310,rank_average_three,auxiliary,oof_averaged
xgboost_oof_ensemble,rank_average_three,0.11,0.018513713862120088,0.999,0.03635371179039301,0.08618012422360248,0.8728311912312564,6039,52961,1,999,10,500,530110,rank_average_three,auxiliary,oof_averaged
xgboost_oof_ensemble,rank_average_three,0.12,0.018736636783075133,0.999,0.03678338672263338,0.08714539935098922,0.8728311912312564,6681,52319,1,999,10,500,523690,rank_average_three,auxiliary,oof_averaged
xgboost_oof_ensemble,rank_average_three,0.13,0.01893666274524686,0.998,0.037168075676883544,0.08800395047793728,0.8728311912312564,7296,51704,2,998,10,500,518040,rank_average_three,auxiliary,oof_averaged
xgboost_oof_ensemble,rank_average_three,0.14,0.019167242836291003,0.998,0.037612120298484965,0.08899907255475493,0.8728311912312564,7930,51070,2,998,10,500,511700,rank_average_three,auxiliary,oof_averaged
xgboost_oof_ensemble,rank_average_three,0.15,0.01938654597020144,0.998,0.03803426132357705,0.08994394275311379,0.8728311912312564,8519,50481,2,998,10,500,505810,rank_average_three,auxiliary,oof_averaged
xgboost_oof_ensemble,rank_average_three,0.16,0.01962750998092316,0.998,0.038497888016664414,0.09098036355680347,0.8728311912312564,9151,49849,2,998,10,500,499490,rank_average_three,auxiliary,oof_averaged
xgboost_oof_ensemble,rank_average_three,0.17,0.01986702233547,0.998,0.038958504118358904,0.09200870302762106,0.8728311912312564,9764,49236,2,998,10,500,493360,rank_average_three,auxiliary,oof_averaged
xgboost_oof_ensemble,rank_average_three,0.18,0.02010394424076387,0.998,0.039413925200426525,0.09302412288878117,0.8728311912312564,10356,48644,2,998,10,500,487440,rank_average_three,auxiliary,oof_averaged
xgboost_oof_ensemble,rank_average_three,0.19,0.02035400036747443,0.997,0.039893563811695974,0.09408678255289432,0.8728311912312564,11014,47986,3,997,10,500,481360,rank_average_three,auxiliary,oof_averaged
xgboost_oof_ensemble,rank_average_three,0.2,0.020622608335918915,0.997,0.04040936265072449,0.09523354666157226,0.8728311912312564,11652,47348,3,997,10,500,474980,rank_average_three,auxiliary,oof_averaged
xgboost_oof_ensemble,rank_average_three,0.21,0.02088701736743972,0.997,0.04091683253647426,0.09636015695977422,0.8728311912312564,12264,46736,3,997,10,500,468860,rank_average_three,auxiliary,oof_averaged
xgboost_oof_ensemble,rank_average_three,0.22,0.021151561439239647,0.997,0.0414242978228353,0.09748513767209012,0.8728311912312564,12861,46139,3,997,10,500,462890,rank_average_three,auxiliary,oof_averaged
xgboost_oof_ensemble,rank_average_three,0.23,0.021435789383156673,0.997,0.04196922817873756,0.0986913741561244,0.8728311912312564,13486,45514,3,997,10,500,456640,rank_average_three,auxiliary,oof_averaged
xgboost_oof_ensemble,rank_average_three,0.24,0.021741500752338792,0.997,0.042555007789657893,0.09998595984515715,0.8728311912312564,14140,44860,3,997,10,500,450100,rank_average_three,auxiliary,oof_averaged
xgboost_oof_ensemble,rank_average_three,0.25,0.022009104167587397,0.996,0.043066545596056556,0.10110853940796687,0.8728311912312564,14742,44258,4,996,10,500,444580,rank_average_three,auxiliary,oof_averaged
xgboost_oof_ensemble,rank_average_three,0.26,0.022317327298393422,0.996,0.043656446558109976,0.10240802813136195,0.8728311912312564,15367,43633,4,996,10,500,438330,rank_average_three,auxiliary,oof_averaged
xgboost_oof_ensemble,rank_average_three,0.27,0.022645627756809603,0.996,0.0442843804188342,0.10378892084531699,0.8728311912312564,16014,42986,4,996,10,500,431860,rank_average_three,auxiliary,oof_averaged
xgboost_oof_ensemble,rank_average_three,0.28,0.022969420229694202,0.996,0.04490329561336279,0.1051475866728601,0.8728311912312564,16634,42366,4,996,10,500,425660,rank_average_three,auxiliary,oof_averaged
xgboost_oof_ensemble,rank_average_three,0.29,0.023284628872004675,0.996,0.045505425471159336,0.10646712987707109,0.8728311912312564,17221,41779,4,996,10,500,419790,rank_average_three,auxiliary,oof_averaged
xgboost_oof_ensemble,rank_average_three,0.3,0.023594972729428502,0.995,0.046096826499884176,0.10775395278319255,0.8728311912312564,17825,41175,5,995,10,500,414250,rank_average_three,auxiliary,oof_averaged
xgboost_oof_ensemble,rank_average_three,0.31,0.02391999423035315,0.995,0.046716904946357725,0.10910805535451894,0.8728311912312564,18398,40602,5,995,10,500,408520,rank_average_three,auxiliary,oof_averaged
xgboost_oof_ensemble,rank_average_three,0.32,0.024267108921516022,0.995,0.0473786962525594,0.11055064219368028,0.8728311912312564,18993,40007,5,995,10,500,402570,rank_average_three,auxiliary,oof_averaged
xgboost_oof_ensemble,rank_average_three,0.33,0.024650068128328997,0.995,0.04810830412184214,0.11213794657951087,0.8728311912312564,19630,39370,5,995,10,500,396200,rank_average_three,auxiliary,oof_averaged
xgboost_oof_ensemble,rank_average_three,0.34,0.025023262832281266,0.995,0.048818781738341144,0.11368050636382332,0.8728311912312564,20232,38768,5,995,10,500,390180,rank_average_three,auxiliary,oof_averaged
xgboost_oof_ensemble,rank_average_three,0.35,0.025411175809582184,0.995,0.04955672875784441,0.1152794512929836,0.8728311912312564,20839,38161,5,995,10,500,384110,rank_average_three,auxiliary,oof_averaged
xgboost_oof_ensemble,rank_average_three,0.36,0.02583006671685574,0.995,0.05035297689835783,0.11700101126502199,0.8728311912312564,21474,37526,5,995,10,500,377760,rank_average_three,auxiliary,oof_averaged
xgboost_oof_ensemble,rank_average_three,0.37,0.02623322523662633,0.995,0.05111870328033086,0.11865296095780963,0.8728311912312564,22066,36934,5,995,10,500,371840,rank_average_three,auxiliary,oof_averaged
xgboost_oof_ensemble,rank_average_three,0.38,0.02668561926728531,0.995,0.05197722405056679,0.12050089618756964,0.8728311912312564,22709,36291,5,995,10,500,365410,rank_average_three,auxiliary,oof_averaged
xgboost_oof_ensemble,rank_average_three,0.39,0.027150185549006767,0.995,0.052858053548661285,0.12239224562094075,0.8728311912312564,23347,35653,5,995,10,500,359030,rank_average_three,auxiliary,oof_averaged
xgboost_oof_ensemble,rank_average_three,0.4,0.027605149262013094,0.995,0.05371990065867617,0.12423833782838878,0.8728311912312564,23951,35049,5,995,10,500,352990,rank_average_three,auxiliary,oof_averaged
xgboost_oof_ensemble,rank_average_three,0.41,0.02811925957326551,0.995,0.0546928679400852,0.12631712580931828,0.8728311912312564,24610,34390,5,995,10,500,346400,rank_average_three,auxiliary,oof_averaged
xgboost_oof_ensemble,rank_average_three,0.42,0.028624032680302638,0.995,0.055647213444814186,0.12835066174763293,0.8728311912312564,25234,33766,5,995,10,500,340160,rank_average_three,auxiliary,oof_averaged
xgboost_oof_ensemble,rank_average_three,0.43,0.029121667105686772,0.995,0.05658714135411039,0.13034820656588153,0.8728311912312564,25828,33172,5,995,10,500,334220,rank_average_three,auxiliary,oof_averaged
xgboost_oof_ensemble,rank_average_three,0.44,0.02962808563856713,0.995,0.05754272330335714,0.13237367958917595,0.8728311912312564,26412,32588,5,995,10,500,328380,rank_average_three,auxiliary,oof_averaged
xgboost_oof_ensemble,rank_average_three,0.45,0.03021469132428411,0.995,0.058648433585806486,0.13471067666729847,0.8728311912312564,27064,31936,5,995,10,500,321860,rank_average_three,auxiliary,oof_averaged
xgboost_oof_ensemble,rank_average_three,0.46,0.030798279010740705,0.995,0.0597472002882277,0.13702591786707796,0.8728311912312564,27688,31312,5,995,10,500,315620,rank_average_three,auxiliary,oof_averaged
xgboost_oof_ensemble,rank_average_three,0.47,0.03139692657221293,0.995,0.06087302315622037,0.13939088285562187,0.8728311912312564,28304,30696,5,995,10,500,309460,rank_average_three,auxiliary,oof_averaged
xgboost_oof_ensemble,rank_average_three,0.48,0.03205644511743291,0.995,0.062111801242236024,0.1419846456805274,0.8728311912312564,28956,30044,5,995,10,500,302940,rank_average_three,auxiliary,oof_averaged
xgboost_oof_ensemble,rank_average_three,0.49,0.03259726603575184,0.992,0.06312038686688724,0.14405204460966542,0.8728311912312564,29560,29440,8,992,10,500,298400,rank_average_three,auxiliary,oof_averaged
xgboost_oof_ensemble,rank_average_three,0.5,0.03328412293651859,0.992,0.06440721984157902,0.1467281978464087,0.8728311912312564,30188,28812,8,992,10,500,292120,rank_average_three,auxiliary,oof_averaged
xgboost_oof_ensemble,rank_average_three,0.51,0.033993557672537866,0.992,0.06573454376780863,0.14947863299379183,0.8728311912312564,30810,28190,8,992,10,500,285900,rank_average_three,auxiliary,oof_averaged
xgboost_oof_ensemble,rank_average_three,0.52,0.034713230919970604,0.992,0.06707914933901342,0.15225465819443165,0.8728311912312564,31415,27585,8,992,10,500,279850,rank_average_three,auxiliary,oof_averaged
xgboost_oof_ensemble,rank_average_three,0.53,0.035432367753687896,0.992,0.0684208711245991,0.15501453261243242,0.8728311912312564,31995,27005,8,992,10,500,274050,rank_average_three,auxiliary,oof_averaged
xgboost_oof_ensemble,rank_average_three,0.54,0.03623082542001461,0.992,0.06990838618745596,0.15806246016571066,0.8728311912312564,32612,26388,8,992,10,500,267880,rank_average_three,auxiliary,oof_averaged
xgboost_oof_ensemble,rank_average_three,0.55,0.037093818943274875,0.992,0.07151353494575208,0.16133754025306574,0.8728311912312564,33249,25751,8,992,10,500,261510,rank_average_three,auxiliary,oof_averaged
xgboost_oof_ensemble,rank_average_three,0.56,0.03795821535164919,0.992,0.07311859659467826,0.16459812835999205,0.8728311912312564,33858,25142,8,992,10,500,255420,rank_average_three,auxiliary,oof_averaged
xgboost_oof_ensemble,rank_average_three,0.57,0.038866904360772635,0.992,0.07480300116879689,0.1680046065779223,0.8728311912312564,34469,24531,8,992,10,500,249310,rank_average_three,auxiliary,oof_averaged
xgboost_oof_ensemble,rank_average_three,0.58,0.0397802462204756,0.992,0.07649304082970274,0.171406849362408,0.8728311912312564,35055,23945,8,992,10,500,243450,rank_average_three,auxiliary,oof_averaged
xgboost_oof_ensemble,rank_average_three,0.59,0.040810443520158134,0.991,0.07839259581537002,0.17519357918184067,0.8728311912312564,35708,23292,9,991,10,500,237420,rank_average_three,auxiliary,oof_averaged
xgboost_oof_ensemble,rank_average_three,0.6,0.04185496473370782,0.991,0.0803177047453094,0.17902951909527767,0.8728311912312564,36314,22686,9,991,10,500,231360,rank_average_three,auxiliary,oof_averaged
xgboost_oof_ensemble,rank_average_three,0.61,0.04297671191291903,0.991,0.08238081383266137,0.18311837096714587,0.8728311912312564,36932,22068,9,991,10,500,225180,rank_average_three,auxiliary,oof_averaged
xgboost_oof_ensemble,rank_average_three,0.62,0.04405090326599626,0.99,0.08434864104967198,0.18697590088388608,0.8728311912312564,37516,21484,10,990,10,500,219840,rank_average_three,auxiliary,oof_averaged
xgboost_oof_ensemble,rank_average_three,0.63,0.045304777594728174,0.99,0.08664449501137755,0.191474547423797,0.8728311912312564,38138,20862,10,990,10,500,213620,rank_average_three,auxiliary,oof_averaged
xgboost_oof_ensemble,rank_average_three,0.64,0.04651381319300883,0.99,0.0888529886914378,0.19577598481252967,0.8728311912312564,38706,20294,10,990,10,500,207940,rank_average_three,auxiliary,oof_averaged
xgboost_oof_ensemble,rank_average_three,0.65,0.047847121432027094,0.989,0.0912782648823258,0.20044588569112282,0.8728311912312564,39319,19681,11,989,10,500,202310,rank_average_three,auxiliary,oof_averaged
xgboost_oof_ensemble,rank_average_three,0.66,0.049331604150039905,0.989,0.09397567464842266,0.20563040585495676,0.8728311912312564,39941,19059,11,989,10,500,196090,rank_average_three,auxiliary,oof_averaged
xgboost_oof_ensemble,rank_average_three,0.67,0.05086401974902283,0.989,0.09675210330659362,0.21092816925439345,0.8728311912312564,40545,18455,11,989,10,500,190050,rank_average_three,auxiliary,oof_averaged
xgboost_oof_ensemble,rank_average_three,0.68,0.0524223470794021,0.989,0.09956709956709957,0.216259949269658,0.8728311912312564,41123,17877,11,989,10,500,184270,rank_average_three,auxiliary,oof_averaged
xgboost_oof_ensemble,rank_average_three,0.69,0.05406735184780232,0.989,0.10252954592577235,0.2218284586398708,0.8728311912312564,41697,17303,11,989,10,500,178530,rank_average_three,auxiliary,oof_averaged
xgboost_oof_ensemble,rank_average_three,0.7,0.05589499886852229,0.988,0.10580424073677447,0.2279018269053331,0.8728311912312564,42312,16688,12,988,10,500,172880,rank_average_three,auxiliary,oof_averaged
xgboost_oof_ensemble,rank_average_three,0.71,0.05778453620306469,0.988,0.10918333517515748,0.23414541662716845,0.8728311912312564,42890,16110,12,988,10,500,167100,rank_average_three,auxiliary,oof_averaged
xgboost_oof_ensemble,rank_average_three,0.72,0.06005713938362409,0.988,0.11323133344793995,0.24155298029436215,0.8728311912312564,43537,15463,12,988,10,500,160630,rank_average_three,auxiliary,oof_averaged
xgboost_oof_ensemble,rank_average_three,0.73,0.06250395394445499,0.988,0.11757006009400844,0.24940677538244055,0.8728311912312564,44181,14819,12,988,10,500,154190,rank_average_three,auxiliary,oof_averaged
xgboost_oof_ensemble,rank_average_three,0.74,0.06506420810009877,0.988,0.12208835341365462,0.25749283294240294,0.8728311912312564,44803,14197,12,988,10,500,147970,rank_average_three,auxiliary,oof_averaged
xgboost_oof_ensemble,rank_average_three,0.75,0.0676490747087046,0.987,0.12661962796664528,0.26546530392684237,0.8728311912312564,45397,13603,13,987,10,500,142530,rank_average_three,auxiliary,oof_averaged
xgboost_oof_ensemble,rank_average_three,0.76,0.07061601201974672,0.987,0.13180209654804032,0.27451743894976915,0.8728311912312564,46010,12990,13,987,10,500,136400,rank_average_three,auxiliary,oof_averaged
xgboost_oof_ensemble,rank_average_three,0.77,0.0737337516808606,0.987,0.13721673849575977,0.2838490739675601,0.8728311912312564,46601,12399,13,987,10,500,130490,rank_average_three,auxiliary,oof_averaged
xgboost_oof_ensemble,rank_average_three,0.78,0.07709130672498633,0.987,0.1430123886111715,0.29369755400821285,0.8728311912312564,47184,11816,13,987,10,500,124660,rank_average_three,auxiliary,oof_averaged
xgboost_oof_ensemble,rank_average_three,0.79,0.08084200180194938,0.987,0.1494435612082671,0.30446048491578753,0.8728311912312564,47778,11222,13,987,10,500,118720,rank_average_three,auxiliary,oof_averaged
xgboost_oof_ensemble,rank_average_three,0.8,0.084455114464546,0.985,0.15557134960120034,0.3144352933665326,0.8728311912312564,48322,10678,15,985,10,500,114280,rank_average_three,auxiliary,oof_averaged
xgboost_oof_ensemble,rank_average_three,0.81,0.0889872617219261,0.985,0.16322810506255697,0.32682991572101666,0.8728311912312564,48916,10084,15,985,10,500,108340,rank_average_three,auxiliary,oof_averaged
xgboost_oof_ensemble,rank_average_three,0.82,0.09379165873167015,0.985,0.17127456094592244,0.339608329885533,0.8728311912312564,49483,9517,15,985,10,500,102670,rank_average_three,auxiliary,oof_averaged
xgboost_oof_ensemble,rank_average_three,0.83,0.09920435089132844,0.985,0.18025436910970813,0.3535788642400747,0.8728311912312564,50056,8944,15,985,10,500,96940,rank_average_three,auxiliary,oof_averaged
xgboost_oof_ensemble,rank_average_three,0.84,0.1056307758435418,0.983,0.19076266252668347,0.3693822335788366,0.8728311912312564,50677,8323,17,983,10,500,91730,rank_average_three,auxiliary,oof_averaged
xgboost_oof_ensemble,rank_average_three,0.85,0.11275521908694655,0.983,0.20230500102901833,0.38646013524139017,0.8728311912312564,51265,7735,17,983,10,500,85850,rank_average_three,auxiliary,oof_averaged
xgboost_oof_ensemble,rank_average_three,0.86,0.12035788699595538,0.982,0.21443389016268152,0.4038161032979686,0.8728311912312564,51823,7177,18,982,10,500,80770,rank_average_three,auxiliary,oof_averaged
xgboost_oof_ensemble,rank_average_three,0.87,0.12960760998810938,0.981,0.22896487338079122,0.4239778718990405,0.8728311912312564,52412,6588,19,981,10,500,75380,rank_average_three,auxiliary,oof_averaged
xgboost_oof_ensemble,rank_average_three,0.88,0.1402002861230329,0.98,0.2453066332916145,0.445859872611465,0.8728311912312564,52990,6010,20,980,10,500,70100,rank_average_three,auxiliary,oof_averaged
xgboost_oof_ensemble,rank_average_three,0.89,0.15261106780982073,0.979,0.2640593391773432,0.4699951992318771,0.8728311912312564,53564,5436,21,979,10,500,64860,rank_average_three,auxiliary,oof_averaged
xgboost_oof_ensemble,rank_average_three,0.9,0.16763898421413864,0.977,0.28617457527826595,0.497049247049247,0.8728311912312564,54149,4851,23,977,10,500,60010,rank_average_three,auxiliary,oof_averaged
xgboost_oof_ensemble,rank_average_three,0.91,0.18512898330804248,0.976,0.3112244897959184,0.5263157894736842,0.8728311912312564,54704,4296,24,976,10,500,54960,rank_average_three,auxiliary,oof_averaged
xgboost_oof_ensemble,rank_average_three,0.92,0.20639288738357325,0.975,0.34067085953878407,0.5588033012379643,0.8728311912312564,55251,3749,25,975,10,500,49990,rank_average_three,auxiliary,oof_averaged
xgboost_oof_ensemble,rank_average_three,0.93,0.2348685796961659,0.974,0.37847289683310664,0.5977660488523383,0.8728311912312564,55827,3173,26,974,10,500,44730,rank_average_three,auxiliary,oof_averaged
xgboost_oof_ensemble,rank_average_three,0.94,0.27288087862573923,0.969,0.4258404746209624,0.6416368692888359,0.8728311912312564,56418,2582,31,969,10,500,41320,rank_average_three,auxiliary,oof_averaged
xgboost_oof_ensemble,rank_average_three,0.95,0.3231338264963013,0.961,0.4836436839456467,0.6889876684829366,0.8728311912312564,56987,2013,39,961,10,500,39630,rank_average_three,auxiliary,oof_averaged
xgboost_oof_ensemble,rank_average_three,0.96,0.39847715736040606,0.942,0.5600475624256838,0.740100565681961,0.8728311912312564,57578,1422,58,942,10,500,43220,rank_average_three,auxiliary,oof_averaged
xgboost_oof_ensemble,rank_average_three,0.97,0.5169683257918553,0.914,0.6604046242774566,0.7923023578363384,0.8728311912312564,58146,854,86,914,10,500,51540,rank_average_three,auxiliary,oof_averaged
xgboost_oof_ensemble,rank_average_three,0.98,0.7099494097807757,0.842,0.7703568161024703,0.8118010026995758,0.8728311912312564,58656,344,158,842,10,500,82440,rank_average_three,auxiliary,oof_averaged
xgboost_oof_ensemble,rank_average_three,0.99,0.9381270903010034,0.561,0.7021276595744681,0.6100478468899522,0.8728311912312564,58963,37,439,561,10,500,219870,rank_average_three,auxiliary,oof_averaged
xgboost_oof_ensemble,structural_all_single,0.01,0.12287287287287288,0.982,0.21841637010676157,0.4094396264176117,0.8710981135618879,51990,7010,18,982,10,500,79100,structural_all_single,main,oof_averaged
xgboost_oof_ensemble,structural_all_single,0.02,0.17348027017419126,0.976,0.29459704195593117,0.5069603158113443,0.8710981135618879,54350,4650,24,976,10,500,58500,structural_all_single,main,oof_averaged
xgboost_oof_ensemble,structural_all_single,0.03,0.20595690747782003,0.975,0.3400767352633415,0.5581634989695443,0.8710981135618879,55241,3759,25,975,10,500,50090,structural_all_single,main,oof_averaged
xgboost_oof_ensemble,structural_all_single,0.04,0.22933835648693196,0.974,0.37125976748618256,0.5905177640354068,0.8710981135618879,55727,3273,26,974,10,500,45730,structural_all_single,main,oof_averaged
xgboost_oof_ensemble,structural_all_single,0.05,0.24802245470783363,0.972,0.3952022768855458,0.6137138527591868,0.8710981135618879,56053,2947,28,972,10,500,43470,structural_all_single,main,oof_averaged
xgboost_oof_ensemble,structural_all_single,0.06,0.26288659793814434,0.969,0.41357234314980795,0.6303669008587042,0.8710981135618879,56283,2717,31,969,10,500,42670,structural_all_single,main,oof_averaged
xgboost_oof_ensemble,structural_all_single,0.07,0.27636467562160616,0.967,0.42987330517892863,0.6447526336844913,0.8710981135618879,56468,2532,33,967,10,500,41820,structural_all_single,main,oof_averaged
xgboost_oof_ensemble,structural_all_single,0.08,0.2892215568862275,0.966,0.44516129032258067,0.6580381471389646,0.8710981135618879,56626,2374,34,966,10,500,40740,structural_all_single,main,oof_averaged
xgboost_oof_ensemble,structural_all_single,0.09,0.30131004366812225,0.966,0.4593437945791726,0.6702747710241466,0.8710981135618879,56760,2240,34,966,10,500,39400,structural_all_single,main,oof_averaged
xgboost_oof_ensemble,structural_all_single,0.1,0.3112261404076351,0.962,0.47030065998533366,0.67832463686363,0.8710981135618879,56871,2129,38,962,10,500,40290,structural_all_single,main,oof_averaged
xgboost_oof_ensemble,structural_all_single,0.11,0.3194675540765391,0.96,0.4794007490636704,0.6852248394004282,0.8710981135618879,56955,2045,40,960,10,500,40450,structural_all_single,main,oof_averaged
xgboost_oof_ensemble,structural_all_single,0.12,0.32819986310746063,0.959,0.4890362060173381,0.6927188673793702,0.8710981135618879,57037,1963,41,959,10,500,40130,structural_all_single,main,oof_averaged
xgboost_oof_ensemble,structural_all_single,0.13,0.3370865587614356,0.958,0.4986985944820406,0.7000876936568254,0.8710981135618879,57116,1884,42,958,10,500,39840,structural_all_single,main,oof_averaged
xgboost_oof_ensemble,structural_all_single,0.14,0.3436265709156194,0.957,0.5056803170409512,0.705232129697863,0.8710981135618879,57172,1828,43,957,10,500,39780,structural_all_single,main,oof_averaged
xgboost_oof_ensemble,structural_all_single,0.15,0.35151068533529845,0.954,0.5137318255250404,0.710455764075067,0.8710981135618879,57240,1760,46,954,10,500,40600,structural_all_single,main,oof_averaged
xgboost_oof_ensemble,structural_all_single,0.16,0.36074270557029176,0.952,0.523220665017862,0.7169754481096551,0.8710981135618879,57313,1687,48,952,10,500,40870,structural_all_single,main,oof_averaged
xgboost_oof_ensemble,structural_all_single,0.17,0.3682576639503298,0.949,0.5306122448979592,0.7214535502508742,0.8710981135618879,57372,1628,51,949,10,500,41780,structural_all_single,main,oof_averaged
xgboost_oof_ensemble,structural_all_single,0.18,0.3752969121140142,0.948,0.5377197958026092,0.726325467361324,0.8710981135618879,57422,1578,52,948,10,500,41780,structural_all_single,main,oof_averaged
xgboost_oof_ensemble,structural_all_single,0.19,0.38116410670978174,0.943,0.5428900402993667,0.7282978066110596,0.8710981135618879,57469,1531,57,943,10,500,43810,structural_all_single,main,oof_averaged
xgboost_oof_ensemble,structural_all_single,0.2,0.38740222313709344,0.941,0.5488480606590843,0.7318400995489189,0.8710981135618879,57512,1488,59,941,10,500,44380,structural_all_single,main,oof_averaged
xgboost_oof_ensemble,structural_all_single,0.21,0.3938886563415655,0.941,0.5553260548834464,0.7364219752699953,0.8710981135618879,57552,1448,59,941,10,500,43980,structural_all_single,main,oof_averaged
xgboost_oof_ensemble,structural_all_single,0.22,0.4021413276231263,0.939,0.5631184407796102,0.7411207576953434,0.8710981135618879,57604,1396,61,939,10,500,44460,structural_all_single,main,oof_averaged
xgboost_oof_ensemble,structural_all_single,0.23,0.4093286835222319,0.939,0.5701275045537341,0.7459485224022879,0.8710981135618879,57645,1355,61,939,10,500,44050,structural_all_single,main,oof_averaged
xgboost_oof_ensemble,structural_all_single,0.24,0.4161490683229814,0.938,0.576521204671174,0.7499200511672529,0.8710981135618879,57684,1316,62,938,10,500,44160,structural_all_single,main,oof_averaged
xgboost_oof_ensemble,structural_all_single,0.25,0.4232158988256549,0.937,0.5830740510267579,0.7539427100096556,0.8710981135618879,57723,1277,63,937,10,500,44270,structural_all_single,main,oof_averaged
xgboost_oof_ensemble,structural_all_single,0.26,0.4308045977011494,0.937,0.590236220472441,0.7587044534412956,0.8710981135618879,57762,1238,63,937,10,500,43880,structural_all_single,main,oof_averaged
xgboost_oof_ensemble,structural_all_single,0.27,0.4370023419203747,0.933,0.5952153110047846,0.7603911980440098,0.8710981135618879,57798,1202,67,933,10,500,45520,structural_all_single,main,oof_averaged
xgboost_oof_ensemble,structural_all_single,0.28,0.44365192582025675,0.933,0.6013535288430552,0.764378174668196,0.8710981135618879,57830,1170,67,933,10,500,45200,structural_all_single,main,oof_averaged
xgboost_oof_ensemble,structural_all_single,0.29,0.44932432432432434,0.931,0.6061197916666666,0.7666337285902504,0.8710981135618879,57859,1141,69,931,10,500,45910,structural_all_single,main,oof_averaged
xgboost_oof_ensemble,structural_all_single,0.3,0.45481191988275527,0.931,0.6110928782408926,0.7698032082024144,0.8710981135618879,57884,1116,69,931,10,500,45660,structural_all_single,main,oof_averaged
xgboost_oof_ensemble,structural_all_single,0.31,0.46226415094339623,0.931,0.6177836761778368,0.7740272697040239,0.8710981135618879,57917,1083,69,931,10,500,45330,structural_all_single,main,oof_averaged
xgboost_oof_ensemble,structural_all_single,0.32,0.46683417085427137,0.929,0.6214046822742475,0.7754590984974958,0.8710981135618879,57939,1061,71,929,10,500,46110,structural_all_single,main,oof_averaged
xgboost_oof_ensemble,structural_all_single,0.33,0.47106598984771575,0.928,0.6249158249158249,0.7772194304857621,0.8710981135618879,57958,1042,72,928,10,500,46420,structural_all_single,main,oof_averaged
xgboost_oof_ensemble,structural_all_single,0.34,0.4768280123583934,0.926,0.6295037389530931,0.7791989229215752,0.8710981135618879,57984,1016,74,926,10,500,47160,structural_all_single,main,oof_averaged
xgboost_oof_ensemble,structural_all_single,0.35,0.48125,0.924,0.6328767123287671,0.7804054054054054,0.8710981135618879,58004,996,76,924,10,500,47960,structural_all_single,main,oof_averaged
xgboost_oof_ensemble,structural_all_single,0.36,0.48785638859556496,0.924,0.6385625431928127,0.7838479809976246,0.8710981135618879,58030,970,76,924,10,500,47700,structural_all_single,main,oof_averaged
xgboost_oof_ensemble,structural_all_single,0.37,0.49279231179925254,0.923,0.6425339366515838,0.7857994210795164,0.8710981135618879,58050,950,77,923,10,500,48000,structural_all_single,main,oof_averaged
xgboost_oof_ensemble,structural_all_single,0.38,0.4997289972899729,0.922,0.6481546572934974,0.7887082976903336,0.8710981135618879,58077,923,78,922,10,500,48230,structural_all_single,main,oof_averaged
xgboost_oof_ensemble,structural_all_single,0.39,0.5052169137836353,0.92,0.65225097483162,0.790242226421577,0.8710981135618879,58099,901,80,920,10,500,49010,structural_all_single,main,oof_averaged
xgboost_oof_ensemble,structural_all_single,0.4,0.5099889012208657,0.919,0.655960028551035,0.791968286797656,0.8710981135618879,58117,883,81,919,10,500,49330,structural_all_single,main,oof_averaged
xgboost_oof_ensemble,structural_all_single,0.41,0.5137101287073307,0.918,0.658772874058127,0.7931570762052877,0.8710981135618879,58131,869,82,918,10,500,49690,structural_all_single,main,oof_averaged
xgboost_oof_ensemble,structural_all_single,0.42,0.5186440677966102,0.918,0.6628158844765343,0.7954939341421143,0.8710981135618879,58148,852,82,918,10,500,49520,structural_all_single,main,oof_averaged
xgboost_oof_ensemble,structural_all_single,0.43,0.524327418431597,0.916,0.6669093556607207,0.7969375326257178,0.8710981135618879,58169,831,84,916,10,500,50310,structural_all_single,main,oof_averaged
xgboost_oof_ensemble,structural_all_single,0.44,0.527681660899654,0.915,0.6693489392831017,0.7978723404255319,0.8710981135618879,58181,819,85,915,10,500,50690,structural_all_single,main,oof_averaged
xgboost_oof_ensemble,structural_all_single,0.45,0.5323615160349854,0.913,0.6725598526703499,0.7987751531058618,0.8710981135618879,58198,802,87,913,10,500,51520,structural_all_single,main,oof_averaged
xgboost_oof_ensemble,structural_all_single,0.46,0.5374189746611667,0.912,0.6763070077864294,0.8004212743549236,0.8710981135618879,58215,785,88,912,10,500,51850,structural_all_single,main,oof_averaged
xgboost_oof_ensemble,structural_all_single,0.47,0.5415676959619953,0.912,0.6795827123695977,0.8022519352568613,0.8710981135618879,58228,772,88,912,10,500,51720,structural_all_single,main,oof_averaged
xgboost_oof_ensemble,structural_all_single,0.48,0.546875,0.91,0.6831831831831832,0.803319209039548,0.8710981135618879,58246,754,90,910,10,500,52540,structural_all_single,main,oof_averaged
xgboost_oof_ensemble,structural_all_single,0.49,0.5523114355231143,0.908,0.686838124054463,0.8043940467753367,0.8710981135618879,58264,736,92,908,10,500,53360,structural_all_single,main,oof_averaged
xgboost_oof_ensemble,structural_all_single,0.5,0.5587692307692308,0.908,0.6918095238095238,0.8071111111111111,0.8710981135618879,58283,717,92,908,10,500,53170,structural_all_single,main,oof_averaged
xgboost_oof_ensemble,structural_all_single,0.51,0.5631611698817672,0.905,0.6942846183352512,0.8070269306224362,0.8710981135618879,58298,702,95,905,10,500,54520,structural_all_single,main,oof_averaged
xgboost_oof_ensemble,structural_all_single,0.52,0.5682819383259912,0.903,0.697566628041715,0.807836822329576,0.8710981135618879,58314,686,97,903,10,500,55360,structural_all_single,main,oof_averaged
xgboost_oof_ensemble,structural_all_single,0.53,0.5745222929936306,0.902,0.7019455252918287,0.8096947935368043,0.8710981135618879,58332,668,98,902,10,500,55680,structural_all_single,main,oof_averaged
xgboost_oof_ensemble,structural_all_single,0.54,0.5780346820809249,0.9,0.7039499413375049,0.8097894547417671,0.8710981135618879,58343,657,100,900,10,500,56570,structural_all_single,main,oof_averaged
xgboost_oof_ensemble,structural_all_single,0.55,0.5843648208469056,0.897,0.7076923076923077,0.8102981029810298,0.8710981135618879,58362,638,103,897,10,500,57880,structural_all_single,main,oof_averaged
xgboost_oof_ensemble,structural_all_single,0.56,0.5894736842105263,0.896,0.7111111111111111,0.8115942028985508,0.8710981135618879,58376,624,104,896,10,500,58240,structural_all_single,main,oof_averaged
xgboost_oof_ensemble,structural_all_single,0.57,0.5936254980079682,0.894,0.713487629688747,0.8118416273156557,0.8710981135618879,58388,612,106,894,10,500,59120,structural_all_single,main,oof_averaged
xgboost_oof_ensemble,structural_all_single,0.58,0.5974547890154053,0.892,0.7156036903329323,0.811942472237393,0.8710981135618879,58399,601,108,892,10,500,60010,structural_all_single,main,oof_averaged
xgboost_oof_ensemble,structural_all_single,0.59,0.6028416779431665,0.891,0.7191283292978208,0.8132530120481928,0.8710981135618879,58413,587,109,891,10,500,60370,structural_all_single,main,oof_averaged
xgboost_oof_ensemble,structural_all_single,0.6,0.6104252400548696,0.89,0.7241659886086249,0.815316965921583,0.8710981135618879,58432,568,110,890,10,500,60680,structural_all_single,main,oof_averaged
xgboost_oof_ensemble,structural_all_single,0.61,0.6176880222841226,0.887,0.7282430213464697,0.8158572479764533,0.8710981135618879,58451,549,113,887,10,500,61990,structural_all_single,main,oof_averaged
xgboost_oof_ensemble,structural_all_single,0.62,0.6226282501756851,0.886,0.7313248039620306,0.8168910197307763,0.8710981135618879,58463,537,114,886,10,500,62370,structural_all_single,main,oof_averaged
xgboost_oof_ensemble,structural_all_single,0.63,0.6281050390347764,0.885,0.7347447073474471,0.8180809761508597,0.8710981135618879,58476,524,115,885,10,500,62740,structural_all_single,main,oof_averaged
xgboost_oof_ensemble,structural_all_single,0.64,0.6318051575931232,0.882,0.7362270450751253,0.8172720533728688,0.8710981135618879,58486,514,118,882,10,500,64140,structural_all_single,main,oof_averaged
xgboost_oof_ensemble,structural_all_single,0.65,0.6346570397111914,0.879,0.7371069182389937,0.8161559888579387,0.8710981135618879,58494,506,121,879,10,500,65560,structural_all_single,main,oof_averaged
xgboost_oof_ensemble,structural_all_single,0.66,0.6392128279883382,0.877,0.739460370994941,0.8162695457930007,0.8710981135618879,58505,495,123,877,10,500,66450,structural_all_single,main,oof_averaged
xgboost_oof_ensemble,structural_all_single,0.67,0.6454478164322723,0.872,0.741811994895789,0.8148009717809755,0.8710981135618879,58521,479,128,872,10,500,68790,structural_all_single,main,oof_averaged
xgboost_oof_ensemble,structural_all_single,0.68,0.6522064323111444,0.872,0.7462558836114677,0.8169383548810193,0.8710981135618879,58535,465,128,872,10,500,68650,structural_all_single,main,oof_averaged
xgboost_oof_ensemble,structural_all_single,0.69,0.6593489780469342,0.871,0.7505385609651013,0.8184551775981959,0.8710981135618879,58550,450,129,871,10,500,69000,structural_all_single,main,oof_averaged
xgboost_oof_ensemble,structural_all_single,0.7,0.6669224865694551,0.869,0.7546678245766392,0.819347539128795,0.8710981135618879,58566,434,131,869,10,500,69840,structural_all_single,main,oof_averaged
xgboost_oof_ensemble,structural_all_single,0.71,0.6715724244771495,0.867,0.7568747271933653,0.8193158193158193,0.8710981135618879,58576,424,133,867,10,500,70740,structural_all_single,main,oof_averaged
xgboost_oof_ensemble,structural_all_single,0.72,0.672911787665886,0.862,0.7558088557650153,0.8161333080855898,0.8710981135618879,58581,419,138,862,10,500,73190,structural_all_single,main,oof_averaged
xgboost_oof_ensemble,structural_all_single,0.73,0.6787687450670876,0.86,0.7587119541243935,0.816404025061705,0.8710981135618879,58593,407,140,860,10,500,74070,structural_all_single,main,oof_averaged
xgboost_oof_ensemble,structural_all_single,0.74,0.6848,0.856,0.7608888888888888,0.8152380952380952,0.8710981135618879,58606,394,144,856,10,500,75940,structural_all_single,main,oof_averaged
xgboost_oof_ensemble,structural_all_single,0.75,0.6911883589329022,0.855,0.7644166294143943,0.816307046018713,0.8710981135618879,58618,382,145,855,10,500,76320,structural_all_single,main,oof_averaged
xgboost_oof_ensemble,structural_all_single,0.76,0.696078431372549,0.852,0.7661870503597122,0.8154670750382849,0.8710981135618879,58628,372,148,852,10,500,77720,structural_all_single,main,oof_averaged
xgboost_oof_ensemble,structural_all_single,0.77,0.7021452145214522,0.851,0.7694394213381555,0.8163852647735994,0.8710981135618879,58639,361,149,851,10,500,78110,structural_all_single,main,oof_averaged
xgboost_oof_ensemble,structural_all_single,0.78,0.71081307627829,0.848,0.7733698130414957,0.8164837280955132,0.8710981135618879,58655,345,152,848,10,500,79450,structural_all_single,main,oof_averaged
xgboost_oof_ensemble,structural_all_single,0.79,0.7158608990670059,0.844,0.7746672785681505,0.8148291175902684,0.8710981135618879,58665,335,156,844,10,500,81350,structural_all_single,main,oof_averaged
xgboost_oof_ensemble,structural_all_single,0.8,0.7219846022241232,0.844,0.7782388197325957,0.8164054942929,0.8710981135618879,58675,325,156,844,10,500,81250,structural_all_single,main,oof_averaged
xgboost_oof_ensemble,structural_all_single,0.81,0.7299651567944251,0.838,0.7802607076350093,0.8139083139083139,0.8710981135618879,58690,310,162,838,10,500,84100,structural_all_single,main,oof_averaged
xgboost_oof_ensemble,structural_all_single,0.82,0.7413333333333333,0.834,0.7849411764705883,0.8136585365853658,0.8710981135618879,58709,291,166,834,10,500,85910,structural_all_single,main,oof_averaged
xgboost_oof_ensemble,structural_all_single,0.83,0.7495479204339964,0.829,0.7872744539411206,0.8117900509204857,0.8710981135618879,58723,277,171,829,10,500,88270,structural_all_single,main,oof_averaged
xgboost_oof_ensemble,structural_all_single,0.84,0.759447004608295,0.824,0.7904076738609113,0.8102261553588987,0.8710981135618879,58739,261,176,824,10,500,90610,structural_all_single,main,oof_averaged
xgboost_oof_ensemble,structural_all_single,0.85,0.7716165413533834,0.821,0.7955426356589147,0.8106240126382307,0.8710981135618879,58757,243,179,821,10,500,91930,structural_all_single,main,oof_averaged
xgboost_oof_ensemble,structural_all_single,0.86,0.7812798471824259,0.818,0.7992183683439179,0.8103824053893403,0.8710981135618879,58771,229,182,818,10,500,93290,structural_all_single,main,oof_averaged
xgboost_oof_ensemble,structural_all_single,0.87,0.7947214076246334,0.813,0.8037567968363816,0.8092773243081823,0.8710981135618879,58790,210,187,813,10,500,95600,structural_all_single,main,oof_averaged
xgboost_oof_ensemble,structural_all_single,0.88,0.8007968127490039,0.804,0.8023952095808383,0.8033573141486811,0.8710981135618879,58800,200,196,804,10,500,100000,structural_all_single,main,oof_averaged
xgboost_oof_ensemble,structural_all_single,0.89,0.8109756097560976,0.798,0.8044354838709677,0.800561797752809,0.8710981135618879,58814,186,202,798,10,500,102860,structural_all_single,main,oof_averaged
xgboost_oof_ensemble,structural_all_single,0.9,0.8163900414937759,0.787,0.8014256619144603,0.7927074939564867,0.8710981135618879,58823,177,213,787,10,500,108270,structural_all_single,main,oof_averaged
xgboost_oof_ensemble,structural_all_single,0.91,0.8342303552206674,0.775,0.8035251425609123,0.7861635220125787,0.8710981135618879,58846,154,225,775,10,500,114040,structural_all_single,main,oof_averaged
xgboost_oof_ensemble,structural_all_single,0.92,0.844542447629548,0.766,0.8033560566334557,0.7805176278785408,0.8710981135618879,58859,141,234,766,10,500,118410,structural_all_single,main,oof_averaged
xgboost_oof_ensemble,structural_all_single,0.93,0.857630979498861,0.753,0.8019169329073482,0.7718327183271833,0.8710981135618879,58875,125,247,753,10,500,124750,structural_all_single,main,oof_averaged
xgboost_oof_ensemble,structural_all_single,0.94,0.8717647058823529,0.741,0.8010810810810811,0.7639175257731958,0.8710981135618879,58891,109,259,741,10,500,130590,structural_all_single,main,oof_averaged
xgboost_oof_ensemble,structural_all_single,0.95,0.8851851851851852,0.717,0.7922651933701658,0.7453222453222453,0.8710981135618879,58907,93,283,717,10,500,142430,structural_all_single,main,oof_averaged
xgboost_oof_ensemble,structural_all_single,0.96,0.8941176470588236,0.684,0.775070821529745,0.7177334732423925,0.8710981135618879,58919,81,316,684,10,500,158810,structural_all_single,main,oof_averaged
xgboost_oof_ensemble,structural_all_single,0.97,0.9090909090909091,0.65,0.7580174927113703,0.689289501590668,0.8710981135618879,58935,65,350,650,10,500,175650,structural_all_single,main,oof_averaged
xgboost_oof_ensemble,structural_all_single,0.98,0.9357945425361156,0.583,0.718422674060382,0.6305429374864806,0.8710981135618879,58960,40,417,583,10,500,208900,structural_all_single,main,oof_averaged
xgboost_oof_ensemble,structural_all_single,0.99,0.9718614718614719,0.449,0.6142270861833106,0.5031376064545047,0.8710981135618879,58987,13,551,449,10,500,275630,structural_all_single,main,oof_averaged
xgboost_oof_ensemble,weighted_60_25_15,0.01,0.12230663843567069,0.982,0.21752132019049727,0.40818023110815527,0.8726573131718885,51953,7047,18,982,10,500,79470,weighted_60_25_15,main,oof_averaged
xgboost_oof_ensemble,weighted_60_25_15,0.02,0.17252960933356903,0.976,0.2932251765059336,0.5053329191260226,0.8726573131718885,54319,4681,24,976,10,500,58810,weighted_60_25_15,main,oof_averaged
xgboost_oof_ensemble,weighted_60_25_15,0.03,0.203676624190516,0.975,0.336962156557802,0.5547968589962444,0.8726573131718885,55188,3812,25,975,10,500,50620,weighted_60_25_15,main,oof_averaged
xgboost_oof_ensemble,weighted_60_25_15,0.04,0.22593365808397123,0.974,0.36678591602334776,0.5859704006738058,0.8726573131718885,55663,3337,26,974,10,500,46370,weighted_60_25_15,main,oof_averaged
xgboost_oof_ensemble,weighted_60_25_15,0.05,0.24614607025524388,0.974,0.3929796247730482,0.6120397134598466,0.8726573131718885,56017,2983,26,974,10,500,42830,weighted_60_25_15,main,oof_averaged
xgboost_oof_ensemble,weighted_60_25_15,0.06,0.261596548004315,0.97,0.41206457094307564,0.6292163985469642,0.8726573131718885,56262,2738,30,970,10,500,42380,weighted_60_25_15,main,oof_averaged
xgboost_oof_ensemble,weighted_60_25_15,0.07,0.27570492737111935,0.968,0.4291731323431612,0.6443882305951272,0.8726573131718885,56457,2543,32,968,10,500,41430,weighted_60_25_15,main,oof_averaged
xgboost_oof_ensemble,weighted_60_25_15,0.08,0.2863070539419087,0.966,0.44170096021947874,0.6550040683482506,0.8726573131718885,56592,2408,34,966,10,500,41080,weighted_60_25_15,main,oof_averaged
xgboost_oof_ensemble,weighted_60_25_15,0.09,0.2991320520768754,0.965,0.4566966398485566,0.667727650152228,0.8726573131718885,56739,2261,35,965,10,500,40110,weighted_60_25_15,main,oof_averaged
xgboost_oof_ensemble,weighted_60_25_15,0.1,0.31018964963034396,0.965,0.4694721478958891,0.6785262269722965,0.8726573131718885,56854,2146,35,965,10,500,38960,weighted_60_25_15,main,oof_averaged
xgboost_oof_ensemble,weighted_60_25_15,0.11,0.31738700098977235,0.962,0.47730091788638057,0.684113212914237,0.8726573131718885,56931,2069,38,962,10,500,39690,weighted_60_25_15,main,oof_averaged
xgboost_oof_ensemble,weighted_60_25_15,0.12,0.3265236636023153,0.959,0.4871729743459487,0.6912209889001009,0.8726573131718885,57022,1978,41,959,10,500,40280,weighted_60_25_15,main,oof_averaged
xgboost_oof_ensemble,weighted_60_25_15,0.13,0.3346153846153846,0.957,0.4958549222797927,0.6975218658892128,0.8726573131718885,57097,1903,43,957,10,500,40530,weighted_60_25_15,main,oof_averaged
xgboost_oof_ensemble,weighted_60_25_15,0.14,0.34239713774597497,0.957,0.5043478260869565,0.7041942604856513,0.8726573131718885,57162,1838,43,957,10,500,39880,weighted_60_25_15,main,oof_averaged
xgboost_oof_ensemble,weighted_60_25_15,0.15,0.3513612950699043,0.955,0.5137170521785906,0.7107770169693362,0.8726573131718885,57237,1763,45,955,10,500,40130,weighted_60_25_15,main,oof_averaged
xgboost_oof_ensemble,weighted_60_25_15,0.16,0.35870384325546345,0.952,0.5210727969348659,0.7153591824466486,0.8726573131718885,57298,1702,48,952,10,500,41020,weighted_60_25_15,main,oof_averaged
xgboost_oof_ensemble,weighted_60_25_15,0.17,0.3657692307692308,0.951,0.5283333333333333,0.7204545454545455,0.8726573131718885,57351,1649,49,951,10,500,40990,weighted_60_25_15,main,oof_averaged
xgboost_oof_ensemble,weighted_60_25_15,0.18,0.37470355731225297,0.948,0.5371104815864023,0.7258805513016845,0.8726573131718885,57418,1582,52,948,10,500,41820,weighted_60_25_15,main,oof_averaged
xgboost_oof_ensemble,weighted_60_25_15,0.19,0.3801287208366854,0.945,0.5421686746987951,0.7284921369102683,0.8726573131718885,57459,1541,55,945,10,500,42910,weighted_60_25_15,main,oof_averaged
xgboost_oof_ensemble,weighted_60_25_15,0.2,0.3873615100533443,0.944,0.5493162641838812,0.7332608357930713,0.8726573131718885,57507,1493,56,944,10,500,42930,weighted_60_25_15,main,oof_averaged
xgboost_oof_ensemble,weighted_60_25_15,0.21,0.3943839061190277,0.941,0.5558180744240993,0.7367679298465393,0.8726573131718885,57555,1445,59,941,10,500,43950,weighted_60_25_15,main,oof_averaged
xgboost_oof_ensemble,weighted_60_25_15,0.22,0.4013663535439795,0.94,0.5625374027528426,0.7410911384421318,0.8726573131718885,57598,1402,60,940,10,500,44020,weighted_60_25_15,main,oof_averaged
xgboost_oof_ensemble,weighted_60_25_15,0.23,0.4095860566448802,0.94,0.5705614567526556,0.7466243050039714,0.8726573131718885,57645,1355,60,940,10,500,43550,weighted_60_25_15,main,oof_averaged
xgboost_oof_ensemble,weighted_60_25_15,0.24,0.4146772767462423,0.938,0.575107296137339,0.7489619929734909,0.8726573131718885,57676,1324,62,938,10,500,44240,weighted_60_25_15,main,oof_averaged
xgboost_oof_ensemble,weighted_60_25_15,0.25,0.42181162685894547,0.936,0.581547064305685,0.7525325615050651,0.8726573131718885,57717,1283,64,936,10,500,44830,weighted_60_25_15,main,oof_averaged
xgboost_oof_ensemble,weighted_60_25_15,0.26,0.42922794117647056,0.934,0.5881612090680101,0.7561528497409327,0.8726573131718885,57758,1242,66,934,10,500,45420,weighted_60_25_15,main,oof_averaged
xgboost_oof_ensemble,weighted_60_25_15,0.27,0.43421664342166433,0.934,0.5928276737543637,0.7592261420907169,0.8726573131718885,57783,1217,66,934,10,500,45170,weighted_60_25_15,main,oof_averaged
xgboost_oof_ensemble,weighted_60_25_15,0.28,0.4409820585457979,0.934,0.5991019884541373,0.7633213468453743,0.8726573131718885,57816,1184,66,934,10,500,44840,weighted_60_25_15,main,oof_averaged
xgboost_oof_ensemble,weighted_60_25_15,0.29,0.44731800766283525,0.934,0.6049222797927462,0.7670827858081471,0.8726573131718885,57846,1154,66,934,10,500,44540,weighted_60_25_15,main,oof_averaged
xgboost_oof_ensemble,weighted_60_25_15,0.3,0.45295829291949563,0.934,0.6100587851077727,0.7703728142527219,0.8726573131718885,57872,1128,66,934,10,500,44280,weighted_60_25_15,main,oof_averaged
xgboost_oof_ensemble,weighted_60_25_15,0.31,0.4584358091490408,0.932,0.6145730300032971,0.7724183656555611,0.8726573131718885,57899,1101,68,932,10,500,45010,weighted_60_25_15,main,oof_averaged
xgboost_oof_ensemble,weighted_60_25_15,0.32,0.4631474103585657,0.93,0.6183510638297872,0.7739680426098535,0.8726573131718885,57922,1078,70,930,10,500,45780,weighted_60_25_15,main,oof_averaged
xgboost_oof_ensemble,weighted_60_25_15,0.33,0.4701417004048583,0.929,0.6243279569892473,0.7772757697456493,0.8726573131718885,57953,1047,71,929,10,500,45970,weighted_60_25_15,main,oof_averaged
xgboost_oof_ensemble,weighted_60_25_15,0.34,0.4766546947152386,0.929,0.6300440827399119,0.7808034963859473,0.8726573131718885,57980,1020,71,929,10,500,45700,weighted_60_25_15,main,oof_averaged
xgboost_oof_ensemble,weighted_60_25_15,0.35,0.4840731070496084,0.927,0.6360205831903946,0.7836010143702451,0.8726573131718885,58012,988,73,927,10,500,46380,weighted_60_25_15,main,oof_averaged
xgboost_oof_ensemble,weighted_60_25_15,0.36,0.4896551724137931,0.923,0.6398613518197573,0.784197111299915,0.8726573131718885,58038,962,77,923,10,500,48120,weighted_60_25_15,main,oof_averaged
xgboost_oof_ensemble,weighted_60_25_15,0.37,0.4943518020441097,0.919,0.6428821266176985,0.7842635261990101,0.8726573131718885,58060,940,81,919,10,500,49900,weighted_60_25_15,main,oof_averaged
xgboost_oof_ensemble,weighted_60_25_15,0.38,0.4980967917346384,0.916,0.6452976400140895,0.7843808871382086,0.8726573131718885,58077,923,84,916,10,500,51230,weighted_60_25_15,main,oof_averaged
xgboost_oof_ensemble,weighted_60_25_15,0.39,0.503023639362287,0.915,0.6491663710535651,0.7862175631551813,0.8726573131718885,58096,904,85,915,10,500,51540,weighted_60_25_15,main,oof_averaged
xgboost_oof_ensemble,weighted_60_25_15,0.4,0.5077691453940066,0.915,0.6531049250535332,0.7885211995863496,0.8726573131718885,58113,887,85,915,10,500,51370,weighted_60_25_15,main,oof_averaged
xgboost_oof_ensemble,weighted_60_25_15,0.41,0.5134680134680135,0.915,0.6578001437814522,0.7912487028709789,0.8726573131718885,58133,867,85,915,10,500,51170,weighted_60_25_15,main,oof_averaged
xgboost_oof_ensemble,weighted_60_25_15,0.42,0.5184344866704481,0.914,0.6615997104596453,0.792989762276592,0.8726573131718885,58151,849,86,914,10,500,51490,weighted_60_25_15,main,oof_averaged
xgboost_oof_ensemble,weighted_60_25_15,0.43,0.524712643678161,0.913,0.6664233576642336,0.7952961672473867,0.8726573131718885,58173,827,87,913,10,500,51770,weighted_60_25_15,main,oof_averaged
xgboost_oof_ensemble,weighted_60_25_15,0.44,0.5296167247386759,0.912,0.6700955180014695,0.7969241523942677,0.8726573131718885,58190,810,88,912,10,500,52100,weighted_60_25_15,main,oof_averaged
xgboost_oof_ensemble,weighted_60_25_15,0.45,0.5374189746611667,0.912,0.6763070077864294,0.8004212743549236,0.8726573131718885,58215,785,88,912,10,500,51850,weighted_60_25_15,main,oof_averaged
xgboost_oof_ensemble,weighted_60_25_15,0.46,0.5438282647584973,0.912,0.6813597310422115,0.8032411484939228,0.8726573131718885,58235,765,88,912,10,500,51650,weighted_60_25_15,main,oof_averaged
xgboost_oof_ensemble,weighted_60_25_15,0.47,0.5480769230769231,0.912,0.6846846846846847,0.8050847457627118,0.8726573131718885,58248,752,88,912,10,500,51520,weighted_60_25_15,main,oof_averaged
xgboost_oof_ensemble,weighted_60_25_15,0.48,0.5541362530413625,0.911,0.68910741301059,0.8070517363571935,0.8726573131718885,58267,733,89,911,10,500,51830,weighted_60_25_15,main,oof_averaged
xgboost_oof_ensemble,weighted_60_25_15,0.49,0.558282208588957,0.91,0.6920152091254753,0.8081705150976909,0.8726573131718885,58280,720,90,910,10,500,52200,weighted_60_25_15,main,oof_averaged
xgboost_oof_ensemble,weighted_60_25_15,0.5,0.5642458100558659,0.909,0.6962849482956721,0.8100160399215826,0.8726573131718885,58298,702,91,909,10,500,52520,weighted_60_25_15,main,oof_averaged
xgboost_oof_ensemble,weighted_60_25_15,0.51,0.5693659761456371,0.907,0.6995757809487081,0.810834972286787,0.8726573131718885,58314,686,93,907,10,500,53360,weighted_60_25_15,main,oof_averaged
xgboost_oof_ensemble,weighted_60_25_15,0.52,0.573510773130545,0.905,0.7020946470131885,0.8112226604517748,0.8726573131718885,58327,673,95,905,10,500,54230,weighted_60_25_15,main,oof_averaged
xgboost_oof_ensemble,weighted_60_25_15,0.53,0.5783749200255918,0.904,0.7054233320327741,0.8125112349451735,0.8726573131718885,58341,659,96,904,10,500,54590,weighted_60_25_15,main,oof_averaged
xgboost_oof_ensemble,weighted_60_25_15,0.54,0.5854922279792746,0.904,0.710691823899371,0.8152958152958153,0.8726573131718885,58360,640,96,904,10,500,54400,weighted_60_25_15,main,oof_averaged
xgboost_oof_ensemble,weighted_60_25_15,0.55,0.5882352941176471,0.9,0.7114624505928854,0.8137432188065099,0.8726573131718885,58370,630,100,900,10,500,56300,weighted_60_25_15,main,oof_averaged
xgboost_oof_ensemble,weighted_60_25_15,0.56,0.5965494359654944,0.899,0.7171918627842042,0.8162338841474487,0.8726573131718885,58392,608,101,899,10,500,56580,weighted_60_25_15,main,oof_averaged
xgboost_oof_ensemble,weighted_60_25_15,0.57,0.604306864064603,0.898,0.7224456958970233,0.8184469558877142,0.8726573131718885,58412,588,102,898,10,500,56880,weighted_60_25_15,main,oof_averaged
xgboost_oof_ensemble,weighted_60_25_15,0.58,0.6095238095238096,0.896,0.725506072874494,0.8190127970749543,0.8726573131718885,58426,574,104,896,10,500,57740,weighted_60_25_15,main,oof_averaged
xgboost_oof_ensemble,weighted_60_25_15,0.59,0.6120630568882797,0.893,0.7263115087433917,0.8179153691152226,0.8726573131718885,58434,566,107,893,10,500,59160,weighted_60_25_15,main,oof_averaged
xgboost_oof_ensemble,weighted_60_25_15,0.6,0.6171983356449375,0.89,0.7289107289107289,0.8177140757074605,0.8726573131718885,58448,552,110,890,10,500,60520,weighted_60_25_15,main,oof_averaged
xgboost_oof_ensemble,weighted_60_25_15,0.61,0.6201117318435754,0.888,0.7302631578947368,0.8173784977908689,0.8726573131718885,58456,544,112,888,10,500,61440,weighted_60_25_15,main,oof_averaged
xgboost_oof_ensemble,weighted_60_25_15,0.62,0.6245589273112209,0.885,0.732312784443525,0.8168728078272106,0.8726573131718885,58468,532,115,885,10,500,62820,weighted_60_25_15,main,oof_averaged
xgboost_oof_ensemble,weighted_60_25_15,0.63,0.6295503211991434,0.882,0.7346938775510204,0.8165154600999814,0.8726573131718885,58481,519,118,882,10,500,64190,weighted_60_25_15,main,oof_averaged
xgboost_oof_ensemble,weighted_60_25_15,0.64,0.6340762041696621,0.882,0.7377666248431619,0.8180300500834724,0.8726573131718885,58491,509,118,882,10,500,64090,weighted_60_25_15,main,oof_averaged
xgboost_oof_ensemble,weighted_60_25_15,0.65,0.6394756008739986,0.878,0.7399915718499789,0.8170482039828774,0.8726573131718885,58505,495,122,878,10,500,65950,weighted_60_25_15,main,oof_averaged
xgboost_oof_ensemble,weighted_60_25_15,0.66,0.6443791329904482,0.877,0.7429055484963998,0.8179444133557172,0.8726573131718885,58516,484,123,877,10,500,66340,weighted_60_25_15,main,oof_averaged
xgboost_oof_ensemble,weighted_60_25_15,0.67,0.6483679525222552,0.874,0.7444633730834753,0.8171278982797308,0.8726573131718885,58526,474,126,874,10,500,67740,weighted_60_25_15,main,oof_averaged
xgboost_oof_ensemble,weighted_60_25_15,0.68,0.6556390977443609,0.872,0.7484978540772532,0.8180112570356473,0.8726573131718885,58542,458,128,872,10,500,68580,weighted_60_25_15,main,oof_averaged
xgboost_oof_ensemble,weighted_60_25_15,0.69,0.6598173515981736,0.867,0.749351771823682,0.8157696650357547,0.8726573131718885,58553,447,133,867,10,500,70970,weighted_60_25_15,main,oof_averaged
xgboost_oof_ensemble,weighted_60_25_15,0.7,0.6638526477359938,0.865,0.7511940946591402,0.8155760890062229,0.8726573131718885,58562,438,135,865,10,500,71880,weighted_60_25_15,main,oof_averaged
xgboost_oof_ensemble,weighted_60_25_15,0.71,0.670817120622568,0.862,0.7544857768052516,0.815515610217597,0.8726573131718885,58577,423,138,862,10,500,73230,weighted_60_25_15,main,oof_averaged
xgboost_oof_ensemble,weighted_60_25_15,0.72,0.6748031496062992,0.857,0.7550660792951542,0.8130929791271347,0.8726573131718885,58587,413,143,857,10,500,75630,weighted_60_25_15,main,oof_averaged
xgboost_oof_ensemble,weighted_60_25_15,0.73,0.6801587301587302,0.857,0.7584070796460177,0.814638783269962,0.8726573131718885,58597,403,143,857,10,500,75530,weighted_60_25_15,main,oof_averaged
xgboost_oof_ensemble,weighted_60_25_15,0.74,0.6870474658085277,0.854,0.7614801604993312,0.8144192256341789,0.8726573131718885,58611,389,146,854,10,500,76890,weighted_60_25_15,main,oof_averaged
xgboost_oof_ensemble,weighted_60_25_15,0.75,0.6934959349593496,0.853,0.7650224215246637,0.8154875717017208,0.8726573131718885,58623,377,147,853,10,500,77270,weighted_60_25_15,main,oof_averaged
xgboost_oof_ensemble,weighted_60_25_15,0.76,0.7028145695364238,0.849,0.7690217391304348,0.8150921658986175,0.8726573131718885,58641,359,151,849,10,500,79090,weighted_60_25_15,main,oof_averaged
xgboost_oof_ensemble,weighted_60_25_15,0.77,0.7115222876366695,0.846,0.7729556875285518,0.8151859703218346,0.8726573131718885,58657,343,154,846,10,500,80430,weighted_60_25_15,main,oof_averaged
xgboost_oof_ensemble,weighted_60_25_15,0.78,0.7168367346938775,0.843,0.7748161764705882,0.8143353941267388,0.8726573131718885,58667,333,157,843,10,500,81830,weighted_60_25_15,main,oof_averaged
xgboost_oof_ensemble,weighted_60_25_15,0.79,0.7200342465753424,0.841,0.775830258302583,0.8136609907120743,0.8726573131718885,58673,327,159,841,10,500,82770,weighted_60_25_15,main,oof_averaged
xgboost_oof_ensemble,weighted_60_25_15,0.8,0.7302001740644039,0.839,0.7808282922289437,0.814721305107788,0.8726573131718885,58690,310,161,839,10,500,83600,weighted_60_25_15,main,oof_averaged
xgboost_oof_ensemble,weighted_60_25_15,0.81,0.7354497354497355,0.834,0.781630740393627,0.8122321776392676,0.8726573131718885,58700,300,166,834,10,500,86000,weighted_60_25_15,main,oof_averaged
xgboost_oof_ensemble,weighted_60_25_15,0.82,0.7441441441441441,0.826,0.7829383886255924,0.8082191780821918,0.8726573131718885,58716,284,174,826,10,500,89840,weighted_60_25_15,main,oof_averaged
xgboost_oof_ensemble,weighted_60_25_15,0.83,0.7573529411764706,0.824,0.789272030651341,0.809748427672956,0.8726573131718885,58736,264,176,824,10,500,90640,weighted_60_25_15,main,oof_averaged
xgboost_oof_ensemble,weighted_60_25_15,0.84,0.7670720299345183,0.82,0.7926534557757371,0.8088380351154074,0.8726573131718885,58751,249,180,820,10,500,92490,weighted_60_25_15,main,oof_averaged
xgboost_oof_ensemble,weighted_60_25_15,0.85,0.7780952380952381,0.817,0.7970731707317074,0.808910891089109,0.8726573131718885,58767,233,183,817,10,500,93830,weighted_60_25_15,main,oof_averaged
xgboost_oof_ensemble,weighted_60_25_15,0.86,0.7889641819941917,0.815,0.8017707820954255,0.8096562686270614,0.8726573131718885,58782,218,185,815,10,500,94680,weighted_60_25_15,main,oof_averaged
xgboost_oof_ensemble,weighted_60_25_15,0.87,0.7964426877470355,0.806,0.8011928429423459,0.8040702314445332,0.8726573131718885,58794,206,194,806,10,500,99060,weighted_60_25_15,main,oof_averaged
xgboost_oof_ensemble,weighted_60_25_15,0.88,0.8072653884964682,0.8,0.8036162732295329,0.8014425966740132,0.8726573131718885,58809,191,200,800,10,500,101910,weighted_60_25_15,main,oof_averaged
xgboost_oof_ensemble,weighted_60_25_15,0.89,0.8200620475698035,0.793,0.8063040162684291,0.7982685725790215,0.8726573131718885,58826,174,207,793,10,500,105240,weighted_60_25_15,main,oof_averaged
xgboost_oof_ensemble,weighted_60_25_15,0.9,0.8263157894736842,0.785,0.8051282051282052,0.7929292929292929,0.8726573131718885,58835,165,215,785,10,500,109150,weighted_60_25_15,main,oof_averaged
xgboost_oof_ensemble,weighted_60_25_15,0.91,0.8378378378378378,0.775,0.8051948051948052,0.7868020304568528,0.8726573131718885,58850,150,225,775,10,500,114000,weighted_60_25_15,main,oof_averaged
xgboost_oof_ensemble,weighted_60_25_15,0.92,0.851063829787234,0.76,0.8029582673005811,0.7766196607398325,0.8726573131718885,58867,133,240,760,10,500,121330,weighted_60_25_15,main,oof_averaged
xgboost_oof_ensemble,weighted_60_25_15,0.93,0.8719441210710128,0.749,0.8058095750403442,0.7707347190779996,0.8726573131718885,58890,110,251,749,10,500,126600,weighted_60_25_15,main,oof_averaged
xgboost_oof_ensemble,weighted_60_25_15,0.94,0.8824242424242424,0.728,0.7978082191780822,0.7544041450777202,0.8726573131718885,58903,97,272,728,10,500,136970,weighted_60_25_15,main,oof_averaged
xgboost_oof_ensemble,weighted_60_25_15,0.95,0.8901373283395755,0.713,0.7917823431426985,0.7425536346594459,0.8726573131718885,58912,88,287,713,10,500,144380,weighted_60_25_15,main,oof_averaged
xgboost_oof_ensemble,weighted_60_25_15,0.96,0.8965968586387435,0.685,0.7766439909297053,0.7189336691855583,0.8726573131718885,58921,79,315,685,10,500,158290,weighted_60_25_15,main,oof_averaged
xgboost_oof_ensemble,weighted_60_25_15,0.97,0.91,0.637,0.7494117647058823,0.6776595744680851,0.8726573131718885,58937,63,363,637,10,500,182130,weighted_60_25_15,main,oof_averaged
xgboost_oof_ensemble,weighted_60_25_15,0.98,0.9369951534733441,0.58,0.7164916615194564,0.6278415241394241,0.8726573131718885,58961,39,420,580,10,500,210390,weighted_60_25_15,main,oof_averaged
xgboost_oof_ensemble,weighted_60_25_15,0.99,0.9781181619256017,0.447,0.6135895676046671,0.5014583800762845,0.8726573131718885,58990,10,553,447,10,500,276600,weighted_60_25_15,main,oof_averaged
xgboost_oof_ensemble,weighted_70_20_10,0.01,0.12258145050555486,0.982,0.21795583176118077,0.4087919407210057,0.8725621778602894,51971,7029,18,982,10,500,79290,weighted_70_20_10,main,oof_averaged
xgboost_oof_ensemble,weighted_70_20_10,0.02,0.17304964539007092,0.976,0.29397590361445786,0.5062240663900415,0.8725621778602894,54336,4664,24,976,10,500,58640,weighted_70_20_10,main,oof_averaged
xgboost_oof_ensemble,weighted_70_20_10,0.03,0.20376175548589343,0.975,0.33707865168539325,0.5549231644849175,0.8725621778602894,55190,3810,25,975,10,500,50600,weighted_70_20_10,main,oof_averaged
xgboost_oof_ensemble,weighted_70_20_10,0.04,0.22698671638312748,0.974,0.36817236817236815,0.5873839102641418,0.8725621778602894,55683,3317,26,974,10,500,46170,weighted_70_20_10,main,oof_averaged
xgboost_oof_ensemble,weighted_70_20_10,0.05,0.24658227848101266,0.974,0.3935353535353535,0.6125786163522012,0.8725621778602894,56024,2976,26,974,10,500,42760,weighted_70_20_10,main,oof_averaged
xgboost_oof_ensemble,weighted_70_20_10,0.06,0.2622330359556637,0.97,0.4128537986805703,0.6299519418106247,0.8725621778602894,56271,2729,30,970,10,500,42290,weighted_70_20_10,main,oof_averaged
xgboost_oof_ensemble,weighted_70_20_10,0.07,0.27586206896551724,0.968,0.4293634952317587,0.6445598614995339,0.8725621778602894,56459,2541,32,968,10,500,41410,weighted_70_20_10,main,oof_averaged
xgboost_oof_ensemble,weighted_70_20_10,0.08,0.287797619047619,0.967,0.44357798165137613,0.6569293478260869,0.8725621778602894,56607,2393,33,967,10,500,40430,weighted_70_20_10,main,oof_averaged
xgboost_oof_ensemble,weighted_70_20_10,0.09,0.29820766378244745,0.965,0.45561850802644005,0.6668048645660586,0.8725621778602894,56729,2271,35,965,10,500,40210,weighted_70_20_10,main,oof_averaged
xgboost_oof_ensemble,weighted_70_20_10,0.1,0.3105889925973608,0.965,0.46992938884830776,0.6789081187561559,0.8725621778602894,56858,2142,35,965,10,500,38920,weighted_70_20_10,main,oof_averaged
xgboost_oof_ensemble,weighted_70_20_10,0.11,0.31735537190082647,0.96,0.47701863354037266,0.6832740213523132,0.8725621778602894,56935,2065,40,960,10,500,40650,weighted_70_20_10,main,oof_averaged
xgboost_oof_ensemble,weighted_70_20_10,0.12,0.3267394270122783,0.958,0.4872838250254323,0.690998268897865,0.8725621778602894,57026,1974,42,958,10,500,40740,weighted_70_20_10,main,oof_averaged
xgboost_oof_ensemble,weighted_70_20_10,0.13,0.33543638275499477,0.957,0.49675577472099663,0.6982343499197432,0.8725621778602894,57104,1896,43,957,10,500,40460,weighted_70_20_10,main,oof_averaged
xgboost_oof_ensemble,weighted_70_20_10,0.14,0.34375,0.957,0.5058139534883721,0.7053360849056604,0.8725621778602894,57173,1827,43,957,10,500,39770,weighted_70_20_10,main,oof_averaged
xgboost_oof_ensemble,weighted_70_20_10,0.15,0.35198821796759944,0.956,0.5145317545748116,0.711733174508636,0.8725621778602894,57240,1760,44,956,10,500,39600,weighted_70_20_10,main,oof_averaged
xgboost_oof_ensemble,weighted_70_20_10,0.16,0.3585402558314522,0.953,0.5210497539639147,0.7156803844998498,0.8725621778602894,57295,1705,47,953,10,500,40550,weighted_70_20_10,main,oof_averaged
xgboost_oof_ensemble,weighted_70_20_10,0.17,0.3667566525260316,0.951,0.5293626495964375,0.7212194752009707,0.8725621778602894,57358,1642,49,951,10,500,40920,weighted_70_20_10,main,oof_averaged
xgboost_oof_ensemble,weighted_70_20_10,0.18,0.3745067087608524,0.949,0.5370684776457272,0.7262014080195899,0.8725621778602894,57415,1585,51,949,10,500,41350,weighted_70_20_10,main,oof_averaged
xgboost_oof_ensemble,weighted_70_20_10,0.19,0.3805309734513274,0.946,0.5427423981640849,0.7292630280604379,0.8725621778602894,57460,1540,54,946,10,500,42400,weighted_70_20_10,main,oof_averaged
xgboost_oof_ensemble,weighted_70_20_10,0.2,0.38704387043870436,0.944,0.5489968013957546,0.7330330796707564,0.8725621778602894,57505,1495,56,944,10,500,42950,weighted_70_20_10,main,oof_averaged
xgboost_oof_ensemble,weighted_70_20_10,0.21,0.3933946488294314,0.941,0.5548349056603774,0.7360763454317898,0.8725621778602894,57549,1451,59,941,10,500,44010,weighted_70_20_10,main,oof_averaged
xgboost_oof_ensemble,weighted_70_20_10,0.22,0.4017094017094017,0.94,0.562874251497006,0.7413249211356467,0.8725621778602894,57600,1400,60,940,10,500,44000,weighted_70_20_10,main,oof_averaged
xgboost_oof_ensemble,weighted_70_20_10,0.23,0.4079861111111111,0.94,0.5690072639225182,0.7455583756345178,0.8725621778602894,57636,1364,60,940,10,500,43640,weighted_70_20_10,main,oof_averaged
xgboost_oof_ensemble,weighted_70_20_10,0.24,0.41423519009725907,0.937,0.5744941753525444,0.7481635260300223,0.8725621778602894,57675,1325,63,937,10,500,44750,weighted_70_20_10,main,oof_averaged
xgboost_oof_ensemble,weighted_70_20_10,0.25,0.4218820351193156,0.937,0.5818068922694816,0.7530943578202861,0.8725621778602894,57716,1284,63,937,10,500,44340,weighted_70_20_10,main,oof_averaged
xgboost_oof_ensemble,weighted_70_20_10,0.26,0.4302807179015186,0.935,0.589347620548377,0.7573303094119553,0.8725621778602894,57762,1238,65,935,10,500,44880,weighted_70_20_10,main,oof_averaged
xgboost_oof_ensemble,weighted_70_20_10,0.27,0.4346207538389949,0.934,0.5932041918069229,0.7594730850544804,0.8725621778602894,57785,1215,66,934,10,500,45150,weighted_70_20_10,main,oof_averaged
xgboost_oof_ensemble,weighted_70_20_10,0.28,0.44139886578449905,0.934,0.5994865211810013,0.763570961412688,0.8725621778602894,57818,1182,66,934,10,500,44820,weighted_70_20_10,main,oof_averaged
xgboost_oof_ensemble,weighted_70_20_10,0.29,0.44877344877344877,0.933,0.6060409223773953,0.7673959532817898,0.8725621778602894,57854,1146,67,933,10,500,44960,weighted_70_20_10,main,oof_averaged
xgboost_oof_ensemble,weighted_70_20_10,0.3,0.45335276967930027,0.933,0.6102027468933944,0.7700561241333773,0.8725621778602894,57875,1125,67,933,10,500,44750,weighted_70_20_10,main,oof_averaged
xgboost_oof_ensemble,weighted_70_20_10,0.31,0.4586206896551724,0.931,0.6145214521452145,0.7719734660033167,0.8725621778602894,57901,1099,69,931,10,500,45490,weighted_70_20_10,main,oof_averaged
xgboost_oof_ensemble,weighted_70_20_10,0.32,0.4645354645354645,0.93,0.619586942038641,0.7747417527490836,0.8725621778602894,57928,1072,70,930,10,500,45720,weighted_70_20_10,main,oof_averaged
xgboost_oof_ensemble,weighted_70_20_10,0.33,0.4696663296258847,0.929,0.6239086635325722,0.7770157243225159,0.8725621778602894,57951,1049,71,929,10,500,45990,weighted_70_20_10,main,oof_averaged
xgboost_oof_ensemble,weighted_70_20_10,0.34,0.4788659793814433,0.929,0.6319727891156462,0.781986531986532,0.8725621778602894,57989,1011,71,929,10,500,45610,weighted_70_20_10,main,oof_averaged
xgboost_oof_ensemble,weighted_70_20_10,0.35,0.4850863422291994,0.927,0.636894537959464,0.7841312806631704,0.8725621778602894,58016,984,73,927,10,500,46340,weighted_70_20_10,main,oof_averaged
xgboost_oof_ensemble,weighted_70_20_10,0.36,0.48915917503966155,0.925,0.6399169837426496,0.7850959090137498,0.8725621778602894,58034,966,75,925,10,500,47160,weighted_70_20_10,main,oof_averaged
xgboost_oof_ensemble,weighted_70_20_10,0.37,0.49356913183279744,0.921,0.6427076064200977,0.7850323900443232,0.8725621778602894,58055,945,79,921,10,500,48950,weighted_70_20_10,main,oof_averaged
xgboost_oof_ensemble,weighted_70_20_10,0.38,0.499455930359086,0.918,0.6469344608879493,0.7862281603288798,0.8725621778602894,58080,920,82,918,10,500,50200,weighted_70_20_10,main,oof_averaged
xgboost_oof_ensemble,weighted_70_20_10,0.39,0.5024711696869851,0.915,0.6487061325771003,0.7859474317127642,0.8725621778602894,58094,906,85,915,10,500,51560,weighted_70_20_10,main,oof_averaged
xgboost_oof_ensemble,weighted_70_20_10,0.4,0.5063641394576647,0.915,0.6519415746348415,0.7878422593421732,0.8725621778602894,58108,892,85,915,10,500,51420,weighted_70_20_10,main,oof_averaged
xgboost_oof_ensemble,weighted_70_20_10,0.41,0.5134680134680135,0.915,0.6578001437814522,0.7912487028709789,0.8725621778602894,58133,867,85,915,10,500,51170,weighted_70_20_10,main,oof_averaged
xgboost_oof_ensemble,weighted_70_20_10,0.42,0.5172608941709111,0.914,0.6606432959884351,0.7924397433674354,0.8725621778602894,58147,853,86,914,10,500,51530,weighted_70_20_10,main,oof_averaged
xgboost_oof_ensemble,weighted_70_20_10,0.43,0.5246842709529277,0.914,0.6666666666666666,0.7958899338209683,0.8725621778602894,58172,828,86,914,10,500,51280,weighted_70_20_10,main,oof_averaged
xgboost_oof_ensemble,weighted_70_20_10,0.44,0.5293093441671504,0.912,0.6698494307748807,0.7967849030228901,0.8725621778602894,58189,811,88,912,10,500,52110,weighted_70_20_10,main,oof_averaged
xgboost_oof_ensemble,weighted_70_20_10,0.45,0.5364705882352941,0.912,0.6755555555555556,0.8,0.8725621778602894,58212,788,88,912,10,500,51880,weighted_70_20_10,main,oof_averaged
xgboost_oof_ensemble,weighted_70_20_10,0.46,0.5425342058298632,0.912,0.680343155538978,0.802675585284281,0.8725621778602894,58231,769,88,912,10,500,51690,weighted_70_20_10,main,oof_averaged
xgboost_oof_ensemble,weighted_70_20_10,0.47,0.5470905818836233,0.912,0.6839145106861643,0.8046585494970884,0.8725621778602894,58245,755,88,912,10,500,51550,weighted_70_20_10,main,oof_averaged
xgboost_oof_ensemble,weighted_70_20_10,0.48,0.5521212121212121,0.911,0.6875471698113208,0.8061946902654867,0.8725621778602894,58261,739,89,911,10,500,51890,weighted_70_20_10,main,oof_averaged
xgboost_oof_ensemble,weighted_70_20_10,0.49,0.5579399141630901,0.91,0.6917521854808057,0.808026993429231,0.8725621778602894,58279,721,90,910,10,500,52210,weighted_70_20_10,main,oof_averaged
xgboost_oof_ensemble,weighted_70_20_10,0.5,0.5642458100558659,0.909,0.6962849482956721,0.8100160399215826,0.8725621778602894,58298,702,91,909,10,500,52520,weighted_70_20_10,main,oof_averaged
xgboost_oof_ensemble,weighted_70_20_10,0.51,0.568295739348371,0.907,0.6987673343605547,0.8104002859185132,0.8725621778602894,58311,689,93,907,10,500,53390,weighted_70_20_10,main,oof_averaged
xgboost_oof_ensemble,weighted_70_20_10,0.52,0.5723310170562224,0.906,0.7015098722415796,0.8113917248790973,0.8725621778602894,58323,677,94,906,10,500,53770,weighted_70_20_10,main,oof_averaged
xgboost_oof_ensemble,weighted_70_20_10,0.53,0.5768985322271857,0.904,0.7043241137514609,0.8119274294952398,0.8725621778602894,58337,663,96,904,10,500,54630,weighted_70_20_10,main,oof_averaged
xgboost_oof_ensemble,weighted_70_20_10,0.54,0.5809155383623469,0.901,0.706389651117209,0.8115654836966313,0.8725621778602894,58350,650,99,901,10,500,56000,weighted_70_20_10,main,oof_averaged
xgboost_oof_ensemble,weighted_70_20_10,0.55,0.5902823374917925,0.899,0.7126436781609196,0.8138692739453196,0.8725621778602894,58376,624,101,899,10,500,56740,weighted_70_20_10,main,oof_averaged
xgboost_oof_ensemble,weighted_70_20_10,0.56,0.5966777408637873,0.898,0.7169660678642714,0.815622161671208,0.8725621778602894,58393,607,102,898,10,500,57070,weighted_70_20_10,main,oof_averaged
xgboost_oof_ensemble,weighted_70_20_10,0.57,0.6005361930294906,0.896,0.7191011235955056,0.8157319737800437,0.8725621778602894,58404,596,104,896,10,500,57960,weighted_70_20_10,main,oof_averaged
xgboost_oof_ensemble,weighted_70_20_10,0.58,0.6063685636856369,0.895,0.722940226171244,0.8172023374726077,0.8725621778602894,58419,581,105,895,10,500,58310,weighted_70_20_10,main,oof_averaged
xgboost_oof_ensemble,weighted_70_20_10,0.59,0.6129032258064516,0.893,0.726902726902727,0.8182151365218985,0.8725621778602894,58436,564,107,893,10,500,59140,weighted_70_20_10,main,oof_averaged
xgboost_oof_ensemble,weighted_70_20_10,0.6,0.6164478230822391,0.892,0.7290559869227625,0.8187993390857352,0.8725621778602894,58445,555,108,892,10,500,59550,weighted_70_20_10,main,oof_averaged
xgboost_oof_ensemble,weighted_70_20_10,0.61,0.6205450733752621,0.888,0.7305635540929658,0.8175290001841281,0.8725621778602894,58457,543,112,888,10,500,61430,weighted_70_20_10,main,oof_averaged
xgboost_oof_ensemble,weighted_70_20_10,0.62,0.6228008444757214,0.885,0.7311028500619579,0.8162700608743774,0.8725621778602894,58464,536,115,885,10,500,62860,weighted_70_20_10,main,oof_averaged
xgboost_oof_ensemble,weighted_70_20_10,0.63,0.6271306818181818,0.883,0.7333887043189369,0.8163831360946746,0.8725621778602894,58475,525,117,883,10,500,63750,weighted_70_20_10,main,oof_averaged
xgboost_oof_ensemble,weighted_70_20_10,0.64,0.6335493160547156,0.88,0.7367099204688154,0.8164780107626647,0.8725621778602894,58491,509,120,880,10,500,65090,weighted_70_20_10,main,oof_averaged
xgboost_oof_ensemble,weighted_70_20_10,0.65,0.6375545851528385,0.876,0.7379949452401011,0.815035355414961,0.8725621778602894,58502,498,124,876,10,500,66980,weighted_70_20_10,main,oof_averaged
xgboost_oof_ensemble,weighted_70_20_10,0.66,0.6438557763061075,0.875,0.7418397626112759,0.8163836536667288,0.8725621778602894,58516,484,125,875,10,500,67340,weighted_70_20_10,main,oof_averaged
xgboost_oof_ensemble,weighted_70_20_10,0.67,0.649331352154532,0.874,0.7450980392156863,0.817433595211373,0.8725621778602894,58528,472,126,874,10,500,67720,weighted_70_20_10,main,oof_averaged
xgboost_oof_ensemble,weighted_70_20_10,0.68,0.6536731634182908,0.872,0.7472150814053128,0.817397825271841,0.8725621778602894,58538,462,128,872,10,500,68620,weighted_70_20_10,main,oof_averaged
xgboost_oof_ensemble,weighted_70_20_10,0.69,0.6580742987111448,0.868,0.7485985338507978,0.8159428463996992,0.8725621778602894,58549,451,132,868,10,500,70510,weighted_70_20_10,main,oof_averaged
xgboost_oof_ensemble,weighted_70_20_10,0.7,0.6646201074443592,0.866,0.752062527138515,0.8165189515368659,0.8725621778602894,58563,437,134,866,10,500,71370,weighted_70_20_10,main,oof_averaged
xgboost_oof_ensemble,weighted_70_20_10,0.71,0.6718628215120811,0.862,0.7551467367498905,0.8158243422297937,0.8725621778602894,58579,421,138,862,10,500,73210,weighted_70_20_10,main,oof_averaged
xgboost_oof_ensemble,weighted_70_20_10,0.72,0.6748031496062992,0.857,0.7550660792951542,0.8130929791271347,0.8725621778602894,58587,413,143,857,10,500,75630,weighted_70_20_10,main,oof_averaged
xgboost_oof_ensemble,weighted_70_20_10,0.73,0.6793650793650794,0.856,0.7575221238938054,0.8136882129277566,0.8725621778602894,58596,404,144,856,10,500,76040,weighted_70_20_10,main,oof_averaged
xgboost_oof_ensemble,weighted_70_20_10,0.74,0.6856455493183641,0.855,0.7610146862483311,0.8147512864493996,0.8725621778602894,58608,392,145,855,10,500,76420,weighted_70_20_10,main,oof_averaged
xgboost_oof_ensemble,weighted_70_20_10,0.75,0.6926196269261963,0.854,0.7648902821316614,0.8159755398433021,0.8725621778602894,58621,379,146,854,10,500,76790,weighted_70_20_10,main,oof_averaged
xgboost_oof_ensemble,weighted_70_20_10,0.76,0.7018121911037891,0.852,0.7696476964769647,0.8170310701956272,0.8725621778602894,58638,362,148,852,10,500,77620,weighted_70_20_10,main,oof_averaged
xgboost_oof_ensemble,weighted_70_20_10,0.77,0.7078464106844741,0.848,0.7716105550500455,0.8156983455175068,0.8725621778602894,58650,350,152,848,10,500,79500,weighted_70_20_10,main,oof_averaged
xgboost_oof_ensemble,weighted_70_20_10,0.78,0.714527027027027,0.846,0.7747252747252747,0.8159722222222222,0.8725621778602894,58662,338,154,846,10,500,80380,weighted_70_20_10,main,oof_averaged
xgboost_oof_ensemble,weighted_70_20_10,0.79,0.7232219365895458,0.844,0.7789570835256114,0.816721501838591,0.8725621778602894,58677,323,156,844,10,500,81230,weighted_70_20_10,main,oof_averaged
xgboost_oof_ensemble,weighted_70_20_10,0.8,0.7279029462738301,0.84,0.7799442896935933,0.8149010477299186,0.8725621778602894,58686,314,160,840,10,500,83140,weighted_70_20_10,main,oof_averaged
xgboost_oof_ensemble,weighted_70_20_10,0.81,0.7326297273526825,0.833,0.7795975666822649,0.8107845045746545,0.8725621778602894,58696,304,167,833,10,500,86540,weighted_70_20_10,main,oof_averaged
xgboost_oof_ensemble,weighted_70_20_10,0.82,0.7470641373080398,0.827,0.7850023730422402,0.8096729978460936,0.8725621778602894,58720,280,173,827,10,500,89300,weighted_70_20_10,main,oof_averaged
xgboost_oof_ensemble,weighted_70_20_10,0.83,0.7561869844179652,0.825,0.7890961262553802,0.8102533883323512,0.8725621778602894,58734,266,175,825,10,500,90160,weighted_70_20_10,main,oof_averaged
xgboost_oof_ensemble,weighted_70_20_10,0.84,0.7648698884758365,0.823,0.7928709055876686,0.8106776989755713,0.8725621778602894,58747,253,177,823,10,500,91030,weighted_70_20_10,main,oof_averaged
xgboost_oof_ensemble,weighted_70_20_10,0.85,0.780743565300286,0.819,0.7994143484626647,0.8110516934046346,0.8725621778602894,58770,230,181,819,10,500,92800,weighted_70_20_10,main,oof_averaged
xgboost_oof_ensemble,weighted_70_20_10,0.86,0.7879961277831559,0.814,0.8007870142646335,0.8086628253526723,0.8725621778602894,58781,219,186,814,10,500,95190,weighted_70_20_10,main,oof_averaged
xgboost_oof_ensemble,weighted_70_20_10,0.87,0.7940886699507389,0.806,0.8,0.8035892323030908,0.8725621778602894,58791,209,194,806,10,500,99090,weighted_70_20_10,main,oof_averaged
xgboost_oof_ensemble,weighted_70_20_10,0.88,0.806060606060606,0.798,0.8020100502512563,0.7995991983967936,0.8725621778602894,58808,192,202,798,10,500,102920,weighted_70_20_10,main,oof_averaged
xgboost_oof_ensemble,weighted_70_20_10,0.89,0.8199588477366255,0.797,0.808316430020284,0.8014883346741754,0.8725621778602894,58825,175,203,797,10,500,103250,weighted_70_20_10,main,oof_averaged
xgboost_oof_ensemble,weighted_70_20_10,0.9,0.8256302521008403,0.786,0.805327868852459,0.7936187399030694,0.8725621778602894,58834,166,214,786,10,500,108660,weighted_70_20_10,main,oof_averaged
xgboost_oof_ensemble,weighted_70_20_10,0.91,0.8369330453563715,0.775,0.8047767393561787,0.7866423061307348,0.8725621778602894,58849,151,225,775,10,500,114010,weighted_70_20_10,main,oof_averaged
xgboost_oof_ensemble,weighted_70_20_10,0.92,0.8472686733556298,0.76,0.8012651555086979,0.7759852971206861,0.8725621778602894,58863,137,240,760,10,500,121370,weighted_70_20_10,main,oof_averaged
xgboost_oof_ensemble,weighted_70_20_10,0.93,0.8650519031141869,0.75,0.8034279592929834,0.7704951715635915,0.8725621778602894,58883,117,250,750,10,500,126170,weighted_70_20_10,main,oof_averaged
xgboost_oof_ensemble,weighted_70_20_10,0.94,0.8827085852478839,0.73,0.7991242474001095,0.7561632483944479,0.8725621778602894,58903,97,270,730,10,500,135970,weighted_70_20_10,main,oof_averaged
xgboost_oof_ensemble,weighted_70_20_10,0.95,0.8891656288916563,0.714,0.7920133111480865,0.7432854465958776,0.8725621778602894,58911,89,286,714,10,500,143890,weighted_70_20_10,main,oof_averaged
xgboost_oof_ensemble,weighted_70_20_10,0.96,0.8976377952755905,0.684,0.7763904653802497,0.7181856362872743,0.8725621778602894,58922,78,316,684,10,500,158780,weighted_70_20_10,main,oof_averaged
xgboost_oof_ensemble,weighted_70_20_10,0.97,0.9089615931721194,0.639,0.7504403992953611,0.6793536040825006,0.8725621778602894,58936,64,361,639,10,500,181140,weighted_70_20_10,main,oof_averaged
xgboost_oof_ensemble,weighted_70_20_10,0.98,0.9371980676328503,0.582,0.7180752621838371,0.629733823847652,0.8725621778602894,58961,39,418,582,10,500,209390,weighted_70_20_10,main,oof_averaged
xgboost_oof_ensemble,weighted_70_20_10,0.99,0.9758771929824561,0.445,0.6112637362637363,0.499326750448833,0.8725621778602894,58989,11,555,445,10,500,277610,weighted_70_20_10,main,oof_averaged
xgboost_oof_ensemble,weighted_70_30_indicator,0.01,0.12241336325105959,0.982,0.21769009088893815,0.4084179005157212,0.8720547214510629,51960,7040,18,982,10,500,79400,weighted_70_30_indicator,main,oof_averaged
xgboost_oof_ensemble,weighted_70_30_indicator,0.02,0.1728657456606447,0.976,0.2937105025579296,0.5059091851544681,0.8720547214510629,54330,4670,24,976,10,500,58700,weighted_70_30_indicator,main,oof_averaged
xgboost_oof_ensemble,weighted_70_30_indicator,0.03,0.2035490605427975,0.975,0.33678756476683935,0.5546075085324232,0.8720547214510629,55185,3815,25,975,10,500,50650,weighted_70_30_indicator,main,oof_averaged
xgboost_oof_ensemble,weighted_70_30_indicator,0.04,0.2267753201396973,0.974,0.36789423984891406,0.5871006630500302,0.8720547214510629,55679,3321,26,974,10,500,46210,weighted_70_30_indicator,main,oof_averaged
xgboost_oof_ensemble,weighted_70_30_indicator,0.05,0.2467696985051938,0.974,0.39377400444713967,0.6128098653579968,0.8720547214510629,56027,2973,26,974,10,500,42730,weighted_70_30_indicator,main,oof_averaged
xgboost_oof_ensemble,weighted_70_30_indicator,0.06,0.261596548004315,0.97,0.41206457094307564,0.6292163985469642,0.8720547214510629,56262,2738,30,970,10,500,42380,weighted_70_30_indicator,main,oof_averaged
xgboost_oof_ensemble,weighted_70_30_indicator,0.07,0.2752059074126669,0.969,0.42866622428666223,0.644196250498604,0.8720547214510629,56448,2552,31,969,10,500,41020,weighted_70_30_indicator,main,oof_averaged
xgboost_oof_ensemble,weighted_70_30_indicator,0.08,0.28848448687350836,0.967,0.4443933823529412,0.6576441784548422,0.8720547214510629,56615,2385,33,967,10,500,40350,weighted_70_30_indicator,main,oof_averaged
xgboost_oof_ensemble,weighted_70_30_indicator,0.09,0.2984843798329725,0.965,0.45594141270966215,0.6670814323240702,0.8720547214510629,56732,2268,35,965,10,500,40180,weighted_70_30_indicator,main,oof_averaged
xgboost_oof_ensemble,weighted_70_30_indicator,0.1,0.3092253294760527,0.962,0.46801264899051326,0.676416819012797,0.8720547214510629,56851,2149,38,962,10,500,40490,weighted_70_30_indicator,main,oof_averaged
xgboost_oof_ensemble,weighted_70_30_indicator,0.11,0.317911434236616,0.962,0.4778936910084451,0.6846000569313977,0.8720547214510629,56936,2064,38,962,10,500,39640,weighted_70_30_indicator,main,oof_averaged
xgboost_oof_ensemble,weighted_70_30_indicator,0.12,0.32585796805980294,0.959,0.4864316510271367,0.6906236497191416,0.8720547214510629,57016,1984,41,959,10,500,40340,weighted_70_30_indicator,main,oof_averaged
xgboost_oof_ensemble,weighted_70_30_indicator,0.13,0.33403141361256544,0.957,0.49521345407503237,0.6970138383102695,0.8720547214510629,57092,1908,43,957,10,500,40580,weighted_70_30_indicator,main,oof_averaged
xgboost_oof_ensemble,weighted_70_30_indicator,0.14,0.3441208198489752,0.957,0.5062152869611214,0.7056481344934376,0.8720547214510629,57176,1824,43,957,10,500,39740,weighted_70_30_indicator,main,oof_averaged
xgboost_oof_ensemble,weighted_70_30_indicator,0.15,0.3522476050110538,0.956,0.5148088314485729,0.7119451891569855,0.8720547214510629,57242,1758,44,956,10,500,39580,weighted_70_30_indicator,main,oof_averaged
xgboost_oof_ensemble,weighted_70_30_indicator,0.16,0.35891647855530473,0.954,0.5215965008201203,0.7164313607689997,0.8720547214510629,57296,1704,46,954,10,500,40040,weighted_70_30_indicator,main,oof_averaged
xgboost_oof_ensemble,weighted_70_30_indicator,0.17,0.3666794921123509,0.953,0.5295915532092248,0.7220791028943779,0.8720547214510629,57354,1646,47,953,10,500,39960,weighted_70_30_indicator,main,oof_averaged
xgboost_oof_ensemble,weighted_70_30_indicator,0.18,0.37386498223450454,0.947,0.5360883102179451,0.7247818766263585,0.8720547214510629,57414,1586,53,947,10,500,42360,weighted_70_30_indicator,main,oof_averaged
xgboost_oof_ensemble,weighted_70_30_indicator,0.19,0.3808373590982287,0.946,0.5430539609644087,0.729487970388649,0.8720547214510629,57462,1538,54,946,10,500,42380,weighted_70_30_indicator,main,oof_averaged
xgboost_oof_ensemble,weighted_70_30_indicator,0.2,0.38672675133142154,0.944,0.5486777099680326,0.7328054649899084,0.8720547214510629,57503,1497,56,944,10,500,42970,weighted_70_30_indicator,main,oof_averaged
xgboost_oof_ensemble,weighted_70_30_indicator,0.21,0.39290187891440503,0.941,0.5543446244477173,0.7357310398749023,0.8720547214510629,57546,1454,59,941,10,500,44040,weighted_70_30_indicator,main,oof_averaged
xgboost_oof_ensemble,weighted_70_30_indicator,0.22,0.4005959982971477,0.941,0.5619587936697522,0.7410615845014963,0.8720547214510629,57592,1408,59,941,10,500,43580,weighted_70_30_indicator,main,oof_averaged
xgboost_oof_ensemble,weighted_70_30_indicator,0.23,0.4078260869565217,0.938,0.5684848484848485,0.7444444444444445,0.8720547214510629,57638,1362,62,938,10,500,44620,weighted_70_30_indicator,main,oof_averaged
xgboost_oof_ensemble,weighted_70_30_indicator,0.24,0.4150442477876106,0.938,0.5754601226993865,0.7492012779552716,0.8720547214510629,57678,1322,62,938,10,500,44220,weighted_70_30_indicator,main,oof_averaged
xgboost_oof_ensemble,weighted_70_30_indicator,0.25,0.42112359550561795,0.937,0.5810852713178295,0.7526104417670683,0.8720547214510629,57712,1288,63,937,10,500,44380,weighted_70_30_indicator,main,oof_averaged
xgboost_oof_ensemble,weighted_70_30_indicator,0.26,0.42772186642268983,0.935,0.5869428750784683,0.75573876495312,0.8720547214510629,57749,1251,65,935,10,500,45010,weighted_70_30_indicator,main,oof_averaged
xgboost_oof_ensemble,weighted_70_30_indicator,0.27,0.43375174337517436,0.933,0.5921929546175817,0.7584132661355877,0.8720547214510629,57782,1218,67,933,10,500,45680,weighted_70_30_indicator,main,oof_averaged
xgboost_oof_ensemble,weighted_70_30_indicator,0.28,0.4412878787878788,0.932,0.5989717223650386,0.762434554973822,0.8720547214510629,57820,1180,68,932,10,500,45800,weighted_70_30_indicator,main,oof_averaged
xgboost_oof_ensemble,weighted_70_30_indicator,0.29,0.4493731918997107,0.932,0.6063760572543917,0.7672044781033915,0.8720547214510629,57858,1142,68,932,10,500,45420,weighted_70_30_indicator,main,oof_averaged
xgboost_oof_ensemble,weighted_70_30_indicator,0.3,0.45282101167315175,0.931,0.6092931937172775,0.7686591809775429,0.8720547214510629,57875,1125,69,931,10,500,45750,weighted_70_30_indicator,main,oof_averaged
xgboost_oof_ensemble,weighted_70_30_indicator,0.31,0.4597530864197531,0.931,0.6155371900826446,0.7726141078838175,0.8720547214510629,57906,1094,69,931,10,500,45440,weighted_70_30_indicator,main,oof_averaged
xgboost_oof_ensemble,weighted_70_30_indicator,0.32,0.46473236618309155,0.929,0.6195398466155385,0.7742957159526588,0.8720547214510629,57930,1070,71,929,10,500,46200,weighted_70_30_indicator,main,oof_averaged
xgboost_oof_ensemble,weighted_70_30_indicator,0.33,0.4713343480466768,0.929,0.6253786603837092,0.7779266454530229,0.8720547214510629,57958,1042,71,929,10,500,45920,weighted_70_30_indicator,main,oof_averaged
xgboost_oof_ensemble,weighted_70_30_indicator,0.34,0.47761194029850745,0.928,0.6306489976214746,0.7807504627292613,0.8720547214510629,57985,1015,72,928,10,500,46150,weighted_70_30_indicator,main,oof_averaged
xgboost_oof_ensemble,weighted_70_30_indicator,0.35,0.4822916666666667,0.926,0.6342465753424658,0.7820945945945946,0.8720547214510629,58006,994,74,926,10,500,46940,weighted_70_30_indicator,main,oof_averaged
xgboost_oof_ensemble,weighted_70_30_indicator,0.36,0.48762506582411796,0.926,0.6388409796481546,0.7848787930157654,0.8720547214510629,58027,973,74,926,10,500,46730,weighted_70_30_indicator,main,oof_averaged
xgboost_oof_ensemble,weighted_70_30_indicator,0.37,0.49328318108543795,0.918,0.6417336595595945,0.7831428083944719,0.8720547214510629,58057,943,82,918,10,500,50430,weighted_70_30_indicator,main,oof_averaged
xgboost_oof_ensemble,weighted_70_30_indicator,0.38,0.497828447339848,0.917,0.645320197044335,0.7848339609722698,0.8720547214510629,58075,925,83,917,10,500,50750,weighted_70_30_indicator,main,oof_averaged
xgboost_oof_ensemble,weighted_70_30_indicator,0.39,0.5013698630136987,0.915,0.647787610619469,0.7854077253218884,0.8720547214510629,58090,910,85,915,10,500,51600,weighted_70_30_indicator,main,oof_averaged
xgboost_oof_ensemble,weighted_70_30_indicator,0.4,0.505524861878453,0.915,0.6512455516014235,0.7874354561101549,0.8720547214510629,58105,895,85,915,10,500,51450,weighted_70_30_indicator,main,oof_averaged
xgboost_oof_ensemble,weighted_70_30_indicator,0.41,0.509192200557103,0.914,0.6540250447227192,0.7886108714408974,0.8720547214510629,58119,881,86,914,10,500,51810,weighted_70_30_indicator,main,oof_averaged
xgboost_oof_ensemble,weighted_70_30_indicator,0.42,0.5178470254957507,0.914,0.6611211573236889,0.792714657415438,0.8720547214510629,58149,851,86,914,10,500,51510,weighted_70_30_indicator,main,oof_averaged
xgboost_oof_ensemble,weighted_70_30_indicator,0.43,0.5234822451317297,0.914,0.6656955571740714,0.7953358858336234,0.8720547214510629,58168,832,86,914,10,500,51320,weighted_70_30_indicator,main,oof_averaged
xgboost_oof_ensemble,weighted_70_30_indicator,0.44,0.5313953488372093,0.914,0.6720588235294118,0.798951048951049,0.8720547214510629,58194,806,86,914,10,500,51060,weighted_70_30_indicator,main,oof_averaged
xgboost_oof_ensemble,weighted_70_30_indicator,0.45,0.5373749264273102,0.913,0.6765468692108189,0.8010177224074398,0.8720547214510629,58214,786,87,913,10,500,51360,weighted_70_30_indicator,main,oof_averaged
xgboost_oof_ensemble,weighted_70_30_indicator,0.46,0.5418894830659536,0.912,0.6798360044726053,0.8023931022347351,0.8720547214510629,58229,771,88,912,10,500,51710,weighted_70_30_indicator,main,oof_averaged
xgboost_oof_ensemble,weighted_70_30_indicator,0.47,0.5464349910125824,0.912,0.683402023229674,0.8043746692538366,0.8720547214510629,58243,757,88,912,10,500,51570,weighted_70_30_indicator,main,oof_averaged
xgboost_oof_ensemble,weighted_70_30_indicator,0.48,0.5521844660194175,0.91,0.6873111782477341,0.8055949008498584,0.8720547214510629,58262,738,90,910,10,500,52380,weighted_70_30_indicator,main,oof_averaged
xgboost_oof_ensemble,weighted_70_30_indicator,0.49,0.5559633027522936,0.909,0.6899430740037951,0.8065661047027507,0.8720547214510629,58274,726,91,909,10,500,52760,weighted_70_30_indicator,main,oof_averaged
xgboost_oof_ensemble,weighted_70_30_indicator,0.5,0.5630043451272502,0.907,0.6947529682114133,0.8082338264124042,0.8720547214510629,58296,704,93,907,10,500,53540,weighted_70_30_indicator,main,oof_averaged
xgboost_oof_ensemble,weighted_70_30_indicator,0.51,0.567313713212273,0.906,0.6977281478629187,0.8093621582990888,0.8720547214510629,58309,691,94,906,10,500,53910,weighted_70_30_indicator,main,oof_averaged
xgboost_oof_ensemble,weighted_70_30_indicator,0.52,0.5734177215189873,0.906,0.7023255813953488,0.8118279569892473,0.8720547214510629,58326,674,94,906,10,500,53740,weighted_70_30_indicator,main,oof_averaged
xgboost_oof_ensemble,weighted_70_30_indicator,0.53,0.5777351247600768,0.903,0.70464299648849,0.811612439331296,0.8720547214510629,58340,660,97,903,10,500,55100,weighted_70_30_indicator,main,oof_averaged
xgboost_oof_ensemble,weighted_70_30_indicator,0.54,0.5809155383623469,0.901,0.706389651117209,0.8115654836966313,0.8720547214510629,58350,650,99,901,10,500,56000,weighted_70_30_indicator,main,oof_averaged
xgboost_oof_ensemble,weighted_70_30_indicator,0.55,0.5895081967213115,0.899,0.712079207920792,0.8135746606334842,0.8720547214510629,58374,626,101,899,10,500,56760,weighted_70_30_indicator,main,oof_averaged
xgboost_oof_ensemble,weighted_70_30_indicator,0.56,0.5970744680851063,0.898,0.7172523961661342,0.8157703488372093,0.8720547214510629,58394,606,102,898,10,500,57060,weighted_70_30_indicator,main,oof_averaged
xgboost_oof_ensemble,weighted_70_30_indicator,0.57,0.602013422818792,0.897,0.7204819277108434,0.8169398907103825,0.8720547214510629,58407,593,103,897,10,500,57430,weighted_70_30_indicator,main,oof_averaged
xgboost_oof_ensemble,weighted_70_30_indicator,0.58,0.6064908722109533,0.897,0.7236789027833804,0.8185800328527103,0.8720547214510629,58418,582,103,897,10,500,57320,weighted_70_30_indicator,main,oof_averaged
xgboost_oof_ensemble,weighted_70_30_indicator,0.59,0.6113387978142076,0.895,0.726461038961039,0.8189970717423133,0.8720547214510629,58431,569,105,895,10,500,58190,weighted_70_30_indicator,main,oof_averaged
xgboost_oof_ensemble,weighted_70_30_indicator,0.6,0.616551724137931,0.894,0.7297959183673469,0.8201834862385321,0.8720547214510629,58444,556,106,894,10,500,58560,weighted_70_30_indicator,main,oof_averaged
xgboost_oof_ensemble,weighted_70_30_indicator,0.61,0.6181566181566182,0.892,0.7302496930004093,0.8194010655888296,0.8720547214510629,58449,551,108,892,10,500,59510,weighted_70_30_indicator,main,oof_averaged
xgboost_oof_ensemble,weighted_70_30_indicator,0.62,0.6218487394957983,0.888,0.7314662273476112,0.8179808400884304,0.8720547214510629,58460,540,112,888,10,500,61400,weighted_70_30_indicator,main,oof_averaged
xgboost_oof_ensemble,weighted_70_30_indicator,0.63,0.6259758694109298,0.882,0.7322540473225405,0.8153078202995009,0.8720547214510629,58473,527,118,882,10,500,64270,weighted_70_30_indicator,main,oof_averaged
xgboost_oof_ensemble,weighted_70_30_indicator,0.64,0.632183908045977,0.88,0.7357859531772575,0.8160237388724035,0.8720547214510629,58488,512,120,880,10,500,65120,weighted_70_30_indicator,main,oof_averaged
xgboost_oof_ensemble,weighted_70_30_indicator,0.65,0.6364952932657495,0.879,0.7383452330953381,0.8167626835160751,0.8720547214510629,58498,502,121,879,10,500,65520,weighted_70_30_indicator,main,oof_averaged
xgboost_oof_ensemble,weighted_70_30_indicator,0.66,0.6414956011730205,0.875,0.7402707275803723,0.8156226696495152,0.8720547214510629,58511,489,125,875,10,500,67390,weighted_70_30_indicator,main,oof_averaged
xgboost_oof_ensemble,weighted_70_30_indicator,0.67,0.6468842729970327,0.872,0.7427597955706985,0.8152580403889305,0.8720547214510629,58524,476,128,872,10,500,68760,weighted_70_30_indicator,main,oof_averaged
xgboost_oof_ensemble,weighted_70_30_indicator,0.68,0.653122648607976,0.868,0.7453842851009017,0.8144117095139801,0.8720547214510629,58539,461,132,868,10,500,70610,weighted_70_30_indicator,main,oof_averaged
xgboost_oof_ensemble,weighted_70_30_indicator,0.69,0.6570561456752656,0.866,0.7471958584987057,0.8142158706280557,0.8720547214510629,58548,452,134,866,10,500,71520,weighted_70_30_indicator,main,oof_averaged
xgboost_oof_ensemble,weighted_70_30_indicator,0.7,0.6633358954650269,0.863,0.7501086484137331,0.81399735898887,0.8720547214510629,58562,438,137,863,10,500,72880,weighted_70_30_indicator,main,oof_averaged
xgboost_oof_ensemble,weighted_70_30_indicator,0.71,0.6695245518316446,0.859,0.7525186158563294,0.8129850463751657,0.8720547214510629,58576,424,141,859,10,500,74740,weighted_70_30_indicator,main,oof_averaged
xgboost_oof_ensemble,weighted_70_30_indicator,0.72,0.6726844583987441,0.857,0.7537379067722075,0.8124762988244217,0.8720547214510629,58583,417,143,857,10,500,75670,weighted_70_30_indicator,main,oof_averaged
xgboost_oof_ensemble,weighted_70_30_indicator,0.73,0.6783161239078633,0.854,0.7560867640548915,0.8119414337326488,0.8720547214510629,58595,405,146,854,10,500,77050,weighted_70_30_indicator,main,oof_averaged
xgboost_oof_ensemble,weighted_70_30_indicator,0.74,0.6832,0.854,0.7591111111111111,0.8133333333333334,0.8720547214510629,58604,396,146,854,10,500,76960,weighted_70_30_indicator,main,oof_averaged
xgboost_oof_ensemble,weighted_70_30_indicator,0.75,0.691497975708502,0.854,0.7642058165548098,0.8156638013371538,0.8720547214510629,58619,381,146,854,10,500,76810,weighted_70_30_indicator,main,oof_averaged
xgboost_oof_ensemble,weighted_70_30_indicator,0.76,0.6986076986076986,0.853,0.7681224673570464,0.816893315456809,0.8720547214510629,58632,368,147,853,10,500,77180,weighted_70_30_indicator,main,oof_averaged
xgboost_oof_ensemble,weighted_70_30_indicator,0.77,0.7040731504571903,0.847,0.7689514298683613,0.813953488372093,0.8720547214510629,58644,356,153,847,10,500,80060,weighted_70_30_indicator,main,oof_averaged
xgboost_oof_ensemble,weighted_70_30_indicator,0.78,0.712363330529857,0.847,0.7738693467336684,0.8161495471189054,0.8720547214510629,58658,342,153,847,10,500,79920,weighted_70_30_indicator,main,oof_averaged
xgboost_oof_ensemble,weighted_70_30_indicator,0.79,0.7196581196581197,0.842,0.776036866359447,0.8143133462282398,0.8720547214510629,58672,328,158,842,10,500,82280,weighted_70_30_indicator,main,oof_averaged
xgboost_oof_ensemble,weighted_70_30_indicator,0.8,0.7253032928942807,0.837,0.7771587743732591,0.8119906868451688,0.8720547214510629,58683,317,163,837,10,500,84670,weighted_70_30_indicator,main,oof_averaged
xgboost_oof_ensemble,weighted_70_30_indicator,0.81,0.7343336275375111,0.832,0.7801218940459447,0.8104422365088643,0.8720547214510629,58699,301,168,832,10,500,87010,weighted_70_30_indicator,main,oof_averaged
xgboost_oof_ensemble,weighted_70_30_indicator,0.82,0.7443744374437443,0.827,0.7835149218379914,0.8090393269418901,0.8720547214510629,58716,284,173,827,10,500,89340,weighted_70_30_indicator,main,oof_averaged
xgboost_oof_ensemble,weighted_70_30_indicator,0.83,0.7561869844179652,0.825,0.7890961262553802,0.8102533883323512,0.8720547214510629,58734,266,175,825,10,500,90160,weighted_70_30_indicator,main,oof_averaged
xgboost_oof_ensemble,weighted_70_30_indicator,0.84,0.7680074836295603,0.821,0.7936201063315611,0.8098244229631091,0.8720547214510629,58752,248,179,821,10,500,91980,weighted_70_30_indicator,main,oof_averaged
xgboost_oof_ensemble,weighted_70_30_indicator,0.85,0.777988614800759,0.82,0.7984420642648491,0.8112386228729719,0.8720547214510629,58766,234,180,820,10,500,92340,weighted_70_30_indicator,main,oof_averaged
xgboost_oof_ensemble,weighted_70_30_indicator,0.86,0.7876447876447876,0.816,0.8015717092337917,0.8101667990468626,0.8720547214510629,58780,220,184,816,10,500,94200,weighted_70_30_indicator,main,oof_averaged
xgboost_oof_ensemble,weighted_70_30_indicator,0.87,0.7944936086529006,0.808,0.8011898859692613,0.8052621088299781,0.8720547214510629,58791,209,192,808,10,500,98090,weighted_70_30_indicator,main,oof_averaged
xgboost_oof_ensemble,weighted_70_30_indicator,0.88,0.8046092184368737,0.803,0.8038038038038038,0.8033213285314126,0.8720547214510629,58805,195,197,803,10,500,100450,weighted_70_30_indicator,main,oof_averaged
xgboost_oof_ensemble,weighted_70_30_indicator,0.89,0.8162217659137577,0.795,0.8054711246200608,0.7991556091676719,0.8720547214510629,58821,179,205,795,10,500,104290,weighted_70_30_indicator,main,oof_averaged
xgboost_oof_ensemble,weighted_70_30_indicator,0.9,0.8247639034627492,0.786,0.804915514592934,0.7934585099939431,0.8720547214510629,58833,167,214,786,10,500,108670,weighted_70_30_indicator,main,oof_averaged
xgboost_oof_ensemble,weighted_70_30_indicator,0.91,0.8344086021505376,0.776,0.8041450777202073,0.7870182555780934,0.8720547214510629,58846,154,224,776,10,500,113540,weighted_70_30_indicator,main,oof_averaged
xgboost_oof_ensemble,weighted_70_30_indicator,0.92,0.8442714126807565,0.759,0.7993680884676145,0.7746478873239436,0.8720547214510629,58860,140,241,759,10,500,121900,weighted_70_30_indicator,main,oof_averaged
xgboost_oof_ensemble,weighted_70_30_indicator,0.93,0.8642117376294591,0.751,0.8036383092562868,0.7712055863627029,0.8720547214510629,58882,118,249,751,10,500,125680,weighted_70_30_indicator,main,oof_averaged
xgboost_oof_ensemble,weighted_70_30_indicator,0.94,0.8795180722891566,0.73,0.7978142076502732,0.7556935817805382,0.8720547214510629,58900,100,270,730,10,500,136000,weighted_70_30_indicator,main,oof_averaged
xgboost_oof_ensemble,weighted_70_30_indicator,0.95,0.8891656288916563,0.714,0.7920133111480865,0.7432854465958776,0.8720547214510629,58911,89,286,714,10,500,143890,weighted_70_30_indicator,main,oof_averaged
xgboost_oof_ensemble,weighted_70_30_indicator,0.96,0.8954248366013072,0.685,0.7762039660056658,0.7187827911857293,0.8720547214510629,58920,80,315,685,10,500,158300,weighted_70_30_indicator,main,oof_averaged
xgboost_oof_ensemble,weighted_70_30_indicator,0.97,0.9113018597997139,0.637,0.7498528546203649,0.6778037880400085,0.8720547214510629,58938,62,363,637,10,500,182120,weighted_70_30_indicator,main,oof_averaged
xgboost_oof_ensemble,weighted_70_30_indicator,0.98,0.9356913183279743,0.582,0.717632552404439,0.6295975768065772,0.8720547214510629,58960,40,418,582,10,500,209400,weighted_70_30_indicator,main,oof_averaged
xgboost_oof_ensemble,weighted_70_30_indicator,0.99,0.9760348583877996,0.448,0.6141192597669637,0.5023547880690737,0.8720547214510629,58989,11,552,448,10,500,276110,weighted_70_30_indicator,main,oof_averaged
xgboost_oof_ensemble,weighted_80_20_indicator,0.01,0.12290362953692115,0.982,0.21846496106785318,0.40950792326939117,0.8718351930275412,51992,7008,18,982,10,500,79080,weighted_80_20_indicator,main,oof_averaged
xgboost_oof_ensemble,weighted_80_20_indicator,0.02,0.17277394229067092,0.976,0.29357798165137616,0.5057518913877086,0.8718351930275412,54327,4673,24,976,10,500,58730,weighted_80_20_indicator,main,oof_averaged
xgboost_oof_ensemble,weighted_80_20_indicator,0.03,0.20431232991417209,0.976,0.337891639259131,0.5559986327902472,0.8718351930275412,55199,3801,24,976,10,500,50010,weighted_80_20_indicator,main,oof_averaged
xgboost_oof_ensemble,weighted_80_20_indicator,0.04,0.22746380196170013,0.974,0.3687996970844377,0.5880222168558319,0.8718351930275412,55692,3308,26,974,10,500,46080,weighted_80_20_indicator,main,oof_averaged
xgboost_oof_ensemble,weighted_80_20_indicator,0.05,0.2467696985051938,0.974,0.39377400444713967,0.6128098653579968,0.8718351930275412,56027,2973,26,974,10,500,42730,weighted_80_20_indicator,main,oof_averaged
xgboost_oof_ensemble,weighted_80_20_indicator,0.06,0.2626453881525561,0.971,0.41345539706195444,0.6307652332077432,0.8718351930275412,56274,2726,29,971,10,500,41760,weighted_80_20_indicator,main,oof_averaged
xgboost_oof_ensemble,weighted_80_20_indicator,0.07,0.27554796470253345,0.968,0.4289829381785952,0.6442166910688141,0.8718351930275412,56455,2545,32,968,10,500,41450,weighted_80_20_indicator,main,oof_averaged
xgboost_oof_ensemble,weighted_80_20_indicator,0.08,0.2883984491500149,0.967,0.4442912933609005,0.6575547395620835,0.8718351930275412,56614,2386,33,967,10,500,40360,weighted_80_20_indicator,main,oof_averaged
xgboost_oof_ensemble,weighted_80_20_indicator,0.09,0.2990074441687345,0.964,0.4564393939393939,0.667220376522702,0.8718351930275412,56740,2260,36,964,10,500,40600,weighted_80_20_indicator,main,oof_averaged
xgboost_oof_ensemble,weighted_80_20_indicator,0.1,0.30952380952380953,0.962,0.46835443037974683,0.676702307259426,0.8718351930275412,56854,2146,38,962,10,500,40460,weighted_80_20_indicator,main,oof_averaged
xgboost_oof_ensemble,weighted_80_20_indicator,0.11,0.3175809649702578,0.961,0.47739692001987083,0.683888414460575,0.8718351930275412,56935,2065,39,961,10,500,40150,weighted_80_20_indicator,main,oof_averaged
xgboost_oof_ensemble,weighted_80_20_indicator,0.12,0.32663487738419617,0.959,0.4872967479674797,0.691320645905421,0.8718351930275412,57023,1977,41,959,10,500,40270,weighted_80_20_indicator,main,oof_averaged
xgboost_oof_ensemble,weighted_80_20_indicator,0.13,0.33508403361344535,0.957,0.49636929460580914,0.697928821470245,0.8718351930275412,57101,1899,43,957,10,500,40490,weighted_80_20_indicator,main,oof_averaged
xgboost_oof_ensemble,weighted_80_20_indicator,0.14,0.34252955929774276,0.956,0.5043524136111844,0.7038727727875129,0.8718351930275412,57165,1835,44,956,10,500,40350,weighted_80_20_indicator,main,oof_averaged
xgboost_oof_ensemble,weighted_80_20_indicator,0.15,0.3522476050110538,0.956,0.5148088314485729,0.7119451891569855,0.8718351930275412,57242,1758,44,956,10,500,39580,weighted_80_20_indicator,main,oof_averaged
xgboost_oof_ensemble,weighted_80_20_indicator,0.16,0.35935143288084465,0.953,0.5219058050383352,0.7163259170174384,0.8718351930275412,57301,1699,47,953,10,500,40490,weighted_80_20_indicator,main,oof_averaged
xgboost_oof_ensemble,weighted_80_20_indicator,0.17,0.36633281972265025,0.951,0.5289210233592881,0.7208914493632504,0.8718351930275412,57355,1645,49,951,10,500,40950,weighted_80_20_indicator,main,oof_averaged
xgboost_oof_ensemble,weighted_80_20_indicator,0.18,0.3735224586288416,0.948,0.535895986433013,0.724992352401346,0.8718351930275412,57410,1590,52,948,10,500,41900,weighted_80_20_indicator,main,oof_averaged
xgboost_oof_ensemble,weighted_80_20_indicator,0.19,0.3814516129032258,0.946,0.5436781609195402,0.7299382716049383,0.8718351930275412,57466,1534,54,946,10,500,42340,weighted_80_20_indicator,main,oof_averaged
xgboost_oof_ensemble,weighted_80_20_indicator,0.2,0.3879062114356232,0.943,0.5496939667735354,0.7331674700668637,0.8718351930275412,57512,1488,57,943,10,500,43380,weighted_80_20_indicator,main,oof_averaged
xgboost_oof_ensemble,weighted_80_20_indicator,0.21,0.392991239048811,0.942,0.5546070061819253,0.7362826324839769,0.8718351930275412,57545,1455,58,942,10,500,43550,weighted_80_20_indicator,main,oof_averaged
xgboost_oof_ensemble,weighted_80_20_indicator,0.22,0.40068201193520886,0.94,0.5618649133293485,0.7406240151276394,0.8718351930275412,57594,1406,60,940,10,500,44060,weighted_80_20_indicator,main,oof_averaged
xgboost_oof_ensemble,weighted_80_20_indicator,0.23,0.4072790294627383,0.94,0.5683192261185006,0.7450856055802156,0.8718351930275412,57632,1368,60,940,10,500,43680,weighted_80_20_indicator,main,oof_averaged
xgboost_oof_ensemble,weighted_80_20_indicator,0.24,0.4144183989385228,0.937,0.5746703465194726,0.7482830218814885,0.8718351930275412,57676,1324,63,937,10,500,44740,weighted_80_20_indicator,main,oof_averaged
xgboost_oof_ensemble,weighted_80_20_indicator,0.25,0.42162162162162165,0.936,0.5813664596273292,0.752411575562701,0.8718351930275412,57716,1284,64,936,10,500,44840,weighted_80_20_indicator,main,oof_averaged
xgboost_oof_ensemble,weighted_80_20_indicator,0.26,0.42922794117647056,0.934,0.5881612090680101,0.7561528497409327,0.8718351930275412,57758,1242,66,934,10,500,45420,weighted_80_20_indicator,main,oof_averaged
xgboost_oof_ensemble,weighted_80_20_indicator,0.27,0.4361851332398317,0.933,0.5944568333864289,0.7598957484932399,0.8718351930275412,57794,1206,67,933,10,500,45560,weighted_80_20_indicator,main,oof_averaged
xgboost_oof_ensemble,weighted_80_20_indicator,0.28,0.44218009478672987,0.933,0.6,0.7635024549918167,0.8718351930275412,57823,1177,67,933,10,500,45270,weighted_80_20_indicator,main,oof_averaged
xgboost_oof_ensemble,weighted_80_20_indicator,0.29,0.4489402697495183,0.932,0.6059817945383615,0.7669519420671495,0.8718351930275412,57856,1144,68,932,10,500,45440,weighted_80_20_indicator,main,oof_averaged
xgboost_oof_ensemble,weighted_80_20_indicator,0.3,0.45436798438262566,0.931,0.6106920301738274,0.769548685733179,0.8718351930275412,57882,1118,69,931,10,500,45680,weighted_80_20_indicator,main,oof_averaged
xgboost_oof_ensemble,weighted_80_20_indicator,0.31,0.45925925925925926,0.93,0.6148760330578512,0.7717842323651453,0.8718351930275412,57905,1095,70,930,10,500,45950,weighted_80_20_indicator,main,oof_averaged
xgboost_oof_ensemble,weighted_80_20_indicator,0.32,0.46616541353383456,0.93,0.6210350584307178,0.7756463719766472,0.8718351930275412,57935,1065,70,930,10,500,45650,weighted_80_20_indicator,main,oof_averaged
xgboost_oof_ensemble,weighted_80_20_indicator,0.33,0.471841704718417,0.93,0.6260518343991922,0.778764026126277,0.8718351930275412,57959,1041,70,930,10,500,45410,weighted_80_20_indicator,main,oof_averaged
xgboost_oof_ensemble,weighted_80_20_indicator,0.34,0.477319587628866,0.926,0.6299319727891156,0.7794612794612794,0.8718351930275412,57986,1014,74,926,10,500,47140,weighted_80_20_indicator,main,oof_averaged
xgboost_oof_ensemble,weighted_80_20_indicator,0.35,0.4845630559916274,0.926,0.6362074888354518,0.7832854001015057,0.8718351930275412,58015,985,74,926,10,500,46850,weighted_80_20_indicator,main,oof_averaged
xgboost_oof_ensemble,weighted_80_20_indicator,0.36,0.4881015335801163,0.923,0.6385333794534763,0.7833984043456119,0.8718351930275412,58032,968,77,923,10,500,48180,weighted_80_20_indicator,main,oof_averaged
xgboost_oof_ensemble,weighted_80_20_indicator,0.37,0.4922501336183859,0.921,0.6415882967607106,0.7843638221768012,0.8718351930275412,58050,950,79,921,10,500,49000,weighted_80_20_indicator,main,oof_averaged
xgboost_oof_ensemble,weighted_80_20_indicator,0.38,0.49810708491076255,0.921,0.6465426465426466,0.7873140707813301,0.8718351930275412,58072,928,79,921,10,500,48780,weighted_80_20_indicator,main,oof_averaged
xgboost_oof_ensemble,weighted_80_20_indicator,0.39,0.5035733919736118,0.916,0.6498758424973394,0.787076817322564,0.8718351930275412,58097,903,84,916,10,500,51030,weighted_80_20_indicator,main,oof_averaged
xgboost_oof_ensemble,weighted_80_20_indicator,0.4,0.5074875207986689,0.915,0.6528719229397074,0.788385317938997,0.8718351930275412,58112,888,85,915,10,500,51380,weighted_80_20_indicator,main,oof_averaged
xgboost_oof_ensemble,weighted_80_20_indicator,0.41,0.5114717403469502,0.914,0.6559024040186581,0.7897010540867462,0.8718351930275412,58127,873,86,914,10,500,51730,weighted_80_20_indicator,main,oof_averaged
xgboost_oof_ensemble,weighted_80_20_indicator,0.42,0.5166760881854154,0.914,0.6601661249548574,0.7921650199341307,0.8718351930275412,58145,855,86,914,10,500,51550,weighted_80_20_indicator,main,oof_averaged
xgboost_oof_ensemble,weighted_80_20_indicator,0.43,0.52378223495702,0.914,0.6659380692167577,0.7954743255004352,0.8718351930275412,58169,831,86,914,10,500,51310,weighted_80_20_indicator,main,oof_averaged
xgboost_oof_ensemble,weighted_80_20_indicator,0.44,0.53047011027278,0.914,0.6713183988248256,0.7985322383365367,0.8718351930275412,58191,809,86,914,10,500,51090,weighted_80_20_indicator,main,oof_averaged
xgboost_oof_ensemble,weighted_80_20_indicator,0.45,0.5357981220657277,0.913,0.6752958579881657,0.8003155680224404,0.8718351930275412,58209,791,87,913,10,500,51410,weighted_80_20_indicator,main,oof_averaged
xgboost_oof_ensemble,weighted_80_20_indicator,0.46,0.5421615201900237,0.913,0.680327868852459,0.8031315974665728,0.8718351930275412,58229,771,87,913,10,500,51210,weighted_80_20_indicator,main,oof_averaged
xgboost_oof_ensemble,weighted_80_20_indicator,0.47,0.5444776119402985,0.912,0.6818691588785046,0.8035242290748899,0.8718351930275412,58237,763,88,912,10,500,51630,weighted_80_20_indicator,main,oof_averaged
xgboost_oof_ensemble,weighted_80_20_indicator,0.48,0.5490668272125225,0.912,0.685456595264938,0.8055113937466879,0.8718351930275412,58251,749,88,912,10,500,51490,weighted_80_20_indicator,main,oof_averaged
xgboost_oof_ensemble,weighted_80_20_indicator,0.49,0.5542682926829269,0.909,0.6886363636363636,0.8058510638297872,0.8718351930275412,58269,731,91,909,10,500,52810,weighted_80_20_indicator,main,oof_averaged
xgboost_oof_ensemble,weighted_80_20_indicator,0.5,0.5607649599012955,0.909,0.6936283861121709,0.8085749866571784,0.8718351930275412,58288,712,91,909,10,500,52620,weighted_80_20_indicator,main,oof_averaged
xgboost_oof_ensemble,weighted_80_20_indicator,0.51,0.5672295184490307,0.907,0.6979607541362063,0.8099660653688159,0.8718351930275412,58308,692,93,907,10,500,53420,weighted_80_20_indicator,main,oof_averaged
xgboost_oof_ensemble,weighted_80_20_indicator,0.52,0.5710675931775111,0.904,0.699961285327139,0.8096005731685474,0.8718351930275412,58321,679,96,904,10,500,54790,weighted_80_20_indicator,main,oof_averaged
xgboost_oof_ensemble,weighted_80_20_indicator,0.53,0.5745222929936306,0.902,0.7019455252918287,0.8096947935368043,0.8718351930275412,58332,668,98,902,10,500,55680,weighted_80_20_indicator,main,oof_averaged
xgboost_oof_ensemble,weighted_80_20_indicator,0.54,0.5813953488372093,0.9,0.706436420722135,0.8111031002162942,0.8718351930275412,58352,648,100,900,10,500,56480,weighted_80_20_indicator,main,oof_averaged
xgboost_oof_ensemble,weighted_80_20_indicator,0.55,0.5864318330071755,0.899,0.7098302408211606,0.8123983372492318,0.8718351930275412,58366,634,101,899,10,500,56840,weighted_80_20_indicator,main,oof_averaged
xgboost_oof_ensemble,weighted_80_20_indicator,0.56,0.5935228023793787,0.898,0.714683645045762,0.814438599673499,0.8718351930275412,58385,615,102,898,10,500,57150,weighted_80_20_indicator,main,oof_averaged
xgboost_oof_ensemble,weighted_80_20_indicator,0.57,0.6002682763246143,0.895,0.718586912886391,0.8149699508286287,0.8718351930275412,58404,596,105,895,10,500,58460,weighted_80_20_indicator,main,oof_averaged
xgboost_oof_ensemble,weighted_80_20_indicator,0.58,0.6073369565217391,0.894,0.7233009708737864,0.8168859649122807,0.8718351930275412,58422,578,106,894,10,500,58780,weighted_80_20_indicator,main,oof_averaged
xgboost_oof_ensemble,weighted_80_20_indicator,0.59,0.6095563139931741,0.893,0.7245436105476674,0.8170173833485819,0.8718351930275412,58428,572,107,893,10,500,59220,weighted_80_20_indicator,main,oof_averaged
xgboost_oof_ensemble,weighted_80_20_indicator,0.6,0.6140592694693315,0.891,0.7270501835985312,0.8172812328013208,0.8718351930275412,58440,560,109,891,10,500,60100,weighted_80_20_indicator,main,oof_averaged
xgboost_oof_ensemble,weighted_80_20_indicator,0.61,0.6182197496522949,0.889,0.7292863002461034,0.8173961015079073,0.8718351930275412,58451,549,111,889,10,500,60990,weighted_80_20_indicator,main,oof_averaged
xgboost_oof_ensemble,weighted_80_20_indicator,0.62,0.6215837421163279,0.887,0.73094355170993,0.8172102450709416,0.8718351930275412,58460,540,113,887,10,500,61900,weighted_80_20_indicator,main,oof_averaged
xgboost_oof_ensemble,weighted_80_20_indicator,0.63,0.6265060240963856,0.884,0.7333056822895064,0.8168545555350213,0.8718351930275412,58473,527,116,884,10,500,63270,weighted_80_20_indicator,main,oof_averaged
xgboost_oof_ensemble,weighted_80_20_indicator,0.64,0.6301075268817204,0.879,0.7340292275574113,0.8146431881371641,0.8718351930275412,58484,516,121,879,10,500,65660,weighted_80_20_indicator,main,oof_averaged
xgboost_oof_ensemble,weighted_80_20_indicator,0.65,0.6368917937545389,0.877,0.7379049221708035,0.8155105077180584,0.8718351930275412,58500,500,123,877,10,500,66500,weighted_80_20_indicator,main,oof_averaged
xgboost_oof_ensemble,weighted_80_20_indicator,0.66,0.6417582417582418,0.876,0.7408033826638478,0.8164026095060578,0.8718351930275412,58511,489,124,876,10,500,66890,weighted_80_20_indicator,main,oof_averaged
xgboost_oof_ensemble,weighted_80_20_indicator,0.67,0.6469282013323464,0.874,0.7435133985538069,0.8166697813492805,0.8718351930275412,58523,477,126,874,10,500,67770,weighted_80_20_indicator,main,oof_averaged
xgboost_oof_ensemble,weighted_80_20_indicator,0.68,0.6558734939759037,0.871,0.7482817869415808,0.8173798798798799,0.8718351930275412,58543,457,129,871,10,500,69070,weighted_80_20_indicator,main,oof_averaged
xgboost_oof_ensemble,weighted_80_20_indicator,0.69,0.6593155893536121,0.867,0.7490280777537797,0.8156161806208843,0.8718351930275412,58552,448,133,867,10,500,70980,weighted_80_20_indicator,main,oof_averaged
xgboost_oof_ensemble,weighted_80_20_indicator,0.7,0.6620689655172414,0.864,0.7496746203904555,0.8143261074458058,0.8718351930275412,58559,441,136,864,10,500,72410,weighted_80_20_indicator,main,oof_averaged
xgboost_oof_ensemble,weighted_80_20_indicator,0.71,0.6692546583850931,0.862,0.7534965034965035,0.8150529500756429,0.8718351930275412,58574,426,138,862,10,500,73260,weighted_80_20_indicator,main,oof_averaged
xgboost_oof_ensemble,weighted_80_20_indicator,0.72,0.6726844583987441,0.857,0.7537379067722075,0.8124762988244217,0.8718351930275412,58583,417,143,857,10,500,75670,weighted_80_20_indicator,main,oof_averaged
xgboost_oof_ensemble,weighted_80_20_indicator,0.73,0.6774960380348652,0.855,0.7559681697612732,0.8124287343215507,0.8718351930275412,58593,407,145,855,10,500,76570,weighted_80_20_indicator,main,oof_averaged
xgboost_oof_ensemble,weighted_80_20_indicator,0.74,0.6829073482428115,0.855,0.7593250444049734,0.8139756283320639,0.8718351930275412,58603,397,145,855,10,500,76470,weighted_80_20_indicator,main,oof_averaged
xgboost_oof_ensemble,weighted_80_20_indicator,0.75,0.6909385113268608,0.854,0.7638640429338104,0.8155080213903744,0.8718351930275412,58618,382,146,854,10,500,76820,weighted_80_20_indicator,main,oof_averaged
xgboost_oof_ensemble,weighted_80_20_indicator,0.76,0.6986076986076986,0.853,0.7681224673570464,0.816893315456809,0.8718351930275412,58632,368,147,853,10,500,77180,weighted_80_20_indicator,main,oof_averaged
xgboost_oof_ensemble,weighted_80_20_indicator,0.77,0.7048092868988391,0.85,0.7706255666364461,0.8163657318478679,0.8718351930275412,58644,356,150,850,10,500,78560,weighted_80_20_indicator,main,oof_averaged
xgboost_oof_ensemble,weighted_80_20_indicator,0.78,0.7129629629629629,0.847,0.7742230347349177,0.8163068619892059,0.8718351930275412,58659,341,153,847,10,500,79910,weighted_80_20_indicator,main,oof_averaged
xgboost_oof_ensemble,weighted_80_20_indicator,0.79,0.7181663837011885,0.846,0.7768595041322314,0.816917728852839,0.8718351930275412,58668,332,154,846,10,500,80320,weighted_80_20_indicator,main,oof_averaged
xgboost_oof_ensemble,weighted_80_20_indicator,0.8,0.7264069264069264,0.839,0.7786542923433875,0.8137730358874878,0.8718351930275412,58684,316,161,839,10,500,83660,weighted_80_20_indicator,main,oof_averaged
xgboost_oof_ensemble,weighted_80_20_indicator,0.81,0.7345679012345679,0.833,0.7806935332708529,0.8112582781456954,0.8718351930275412,58699,301,167,833,10,500,86510,weighted_80_20_indicator,main,oof_averaged
xgboost_oof_ensemble,weighted_80_20_indicator,0.82,0.7466185752930569,0.828,0.7852062588904695,0.8103347034644744,0.8718351930275412,58719,281,172,828,10,500,88810,weighted_80_20_indicator,main,oof_averaged
xgboost_oof_ensemble,weighted_80_20_indicator,0.83,0.7513661202185792,0.825,0.786463298379409,0.8091408395449196,0.8718351930275412,58727,273,175,825,10,500,90230,weighted_80_20_indicator,main,oof_averaged
xgboost_oof_ensemble,weighted_80_20_indicator,0.84,0.7672253258845437,0.824,0.7945998071359691,0.8119826566811195,0.8718351930275412,58750,250,176,824,10,500,90500,weighted_80_20_indicator,main,oof_averaged
xgboost_oof_ensemble,weighted_80_20_indicator,0.85,0.7787274453941121,0.82,0.7988309790550414,0.8113991688106076,0.8718351930275412,58767,233,180,820,10,500,92330,weighted_80_20_indicator,main,oof_averaged
xgboost_oof_ensemble,weighted_80_20_indicator,0.86,0.7849566055930569,0.814,0.7992145311732941,0.8080206472106413,0.8718351930275412,58777,223,186,814,10,500,95230,weighted_80_20_indicator,main,oof_averaged
xgboost_oof_ensemble,weighted_80_20_indicator,0.87,0.7964601769911505,0.81,0.8031730292513634,0.8072553318716365,0.8718351930275412,58793,207,190,810,10,500,97070,weighted_80_20_indicator,main,oof_averaged
xgboost_oof_ensemble,weighted_80_20_indicator,0.88,0.8046092184368737,0.803,0.8038038038038038,0.8033213285314126,0.8718351930275412,58805,195,197,803,10,500,100450,weighted_80_20_indicator,main,oof_averaged
xgboost_oof_ensemble,weighted_80_20_indicator,0.89,0.8140960163432074,0.797,0.8054573016675088,0.8003615183771842,0.8718351930275412,58818,182,203,797,10,500,103320,weighted_80_20_indicator,main,oof_averaged
xgboost_oof_ensemble,weighted_80_20_indicator,0.9,0.8252631578947368,0.784,0.8041025641025641,0.7919191919191919,0.8718351930275412,58834,166,216,784,10,500,109660,weighted_80_20_indicator,main,oof_averaged
xgboost_oof_ensemble,weighted_80_20_indicator,0.91,0.8335123523093448,0.776,0.803728638011393,0.7868586493611843,0.8718351930275412,58845,155,224,776,10,500,113550,weighted_80_20_indicator,main,oof_averaged
xgboost_oof_ensemble,weighted_80_20_indicator,0.92,0.8443708609271523,0.765,0.8027282266526757,0.7796575621687729,0.8718351930275412,58859,141,235,765,10,500,118910,weighted_80_20_indicator,main,oof_averaged
xgboost_oof_ensemble,weighted_80_20_indicator,0.93,0.8592677345537757,0.751,0.8014941302027748,0.7704144439885104,0.8718351930275412,58877,123,249,751,10,500,125730,weighted_80_20_indicator,main,oof_averaged
xgboost_oof_ensemble,weighted_80_20_indicator,0.94,0.8763505402160864,0.73,0.7965084560829242,0.755224498241258,0.8718351930275412,58897,103,270,730,10,500,136030,weighted_80_20_indicator,main,oof_averaged
xgboost_oof_ensemble,weighted_80_20_indicator,0.95,0.8869565217391304,0.714,0.7911357340720222,0.7429760665972945,0.8718351930275412,58909,91,286,714,10,500,143910,weighted_80_20_indicator,main,oof_averaged
xgboost_oof_ensemble,weighted_80_20_indicator,0.96,0.8977719528178244,0.685,0.7770845150311968,0.719084610539576,0.8718351930275412,58922,78,315,685,10,500,158280,weighted_80_20_indicator,main,oof_averaged
xgboost_oof_ensemble,weighted_80_20_indicator,0.97,0.9106382978723404,0.642,0.7530791788856305,0.6822529224229543,0.8718351930275412,58937,63,358,642,10,500,179630,weighted_80_20_indicator,main,oof_averaged
xgboost_oof_ensemble,weighted_80_20_indicator,0.98,0.9371980676328503,0.582,0.7180752621838371,0.629733823847652,0.8718351930275412,58961,39,418,582,10,500,209390,weighted_80_20_indicator,main,oof_averaged
xgboost_oof_ensemble,weighted_80_20_indicator,0.99,0.9738562091503268,0.447,0.6127484578478409,0.5012334604171339,0.8718351930275412,58988,12,553,447,10,500,276620,weighted_80_20_indicator,main,oof_averaged
xgboost_oof_ensemble,weighted_80_20_prefixzero,0.01,0.12265800649512866,0.982,0.2180768376637797,0.4089621855738797,0.8723916817137485,51976,7024,18,982,10,500,79240,weighted_80_20_prefixzero,auxiliary,oof_averaged
xgboost_oof_ensemble,weighted_80_20_prefixzero,0.02,0.17329545454545456,0.976,0.2943305186972256,0.5066445182724253,0.8723916817137485,54344,4656,24,976,10,500,58560,weighted_80_20_prefixzero,auxiliary,oof_averaged
xgboost_oof_ensemble,weighted_80_20_prefixzero,0.03,0.20444072056975282,0.976,0.3380671977831659,0.556188739457488,0.8723916817137485,55202,3798,24,976,10,500,49980,weighted_80_20_prefixzero,auxiliary,oof_averaged
xgboost_oof_ensemble,weighted_80_20_prefixzero,0.04,0.2281030444964871,0.974,0.3696394686907021,0.5888754534461911,0.8723916817137485,55704,3296,26,974,10,500,45960,weighted_80_20_prefixzero,auxiliary,oof_averaged
xgboost_oof_ensemble,weighted_80_20_prefixzero,0.05,0.24719959266802444,0.971,0.3940746753246753,0.6123864783047427,0.8723916817137485,56043,2957,29,971,10,500,44070,weighted_80_20_prefixzero,auxiliary,oof_averaged
xgboost_oof_ensemble,weighted_80_20_prefixzero,0.06,0.26238830219333875,0.969,0.41295546558704455,0.6297933186013259,0.8723916817137485,56276,2724,31,969,10,500,42740,weighted_80_20_prefixzero,auxiliary,oof_averaged
xgboost_oof_ensemble,weighted_80_20_prefixzero,0.07,0.2755770874893132,0.967,0.42891993790197386,0.6438939938740178,0.8723916817137485,56458,2542,33,967,10,500,41920,weighted_80_20_prefixzero,auxiliary,oof_averaged
xgboost_oof_ensemble,weighted_80_20_prefixzero,0.08,0.288272157564906,0.966,0.4440358538267065,0.6570534621139981,0.8723916817137485,56615,2385,34,966,10,500,40850,weighted_80_20_prefixzero,auxiliary,oof_averaged
xgboost_oof_ensemble,weighted_80_20_prefixzero,0.09,0.2988861386138614,0.966,0.45652173913043476,0.6678650442477876,0.8723916817137485,56734,2266,34,966,10,500,39660,weighted_80_20_prefixzero,auxiliary,oof_averaged
xgboost_oof_ensemble,weighted_80_20_prefixzero,0.1,0.31066709635836287,0.964,0.4699000731172313,0.6785865127410953,0.8723916817137485,56861,2139,36,964,10,500,39390,weighted_80_20_prefixzero,auxiliary,oof_averaged
xgboost_oof_ensemble,weighted_80_20_prefixzero,0.11,0.3191489361702128,0.96,0.47904191616766467,0.684931506849315,0.8723916817137485,56952,2048,40,960,10,500,40480,weighted_80_20_prefixzero,auxiliary,oof_averaged
xgboost_oof_ensemble,weighted_80_20_prefixzero,0.12,0.3284296955183031,0.96,0.4894213612031608,0.6933410371226347,0.8723916817137485,57037,1963,40,960,10,500,39630,weighted_80_20_prefixzero,auxiliary,oof_averaged
xgboost_oof_ensemble,weighted_80_20_prefixzero,0.13,0.3357920618194591,0.956,0.4970106576553158,0.6981159631955601,0.8723916817137485,57109,1891,44,956,10,500,40910,weighted_80_20_prefixzero,auxiliary,oof_averaged
xgboost_oof_ensemble,weighted_80_20_prefixzero,0.14,0.3447653429602888,0.955,0.506631299734748,0.705317577548006,0.8723916817137485,57185,1815,45,955,10,500,40650,weighted_80_20_prefixzero,auxiliary,oof_averaged
xgboost_oof_ensemble,weighted_80_20_prefixzero,0.15,0.3517903285345146,0.953,0.5138851442437314,0.7102399761514384,0.8723916817137485,57244,1756,47,953,10,500,41060,weighted_80_20_prefixzero,auxiliary,oof_averaged
xgboost_oof_ensemble,weighted_80_20_prefixzero,0.16,0.360333080999243,0.952,0.5227896760021966,0.7166516109605541,0.8723916817137485,57310,1690,48,952,10,500,40900,weighted_80_20_prefixzero,auxiliary,oof_averaged
xgboost_oof_ensemble,weighted_80_20_prefixzero,0.17,0.3668730650154799,0.948,0.5290178571428571,0.7199270959902795,0.8723916817137485,57364,1636,52,948,10,500,42360,weighted_80_20_prefixzero,auxiliary,oof_averaged
xgboost_oof_ensemble,weighted_80_20_prefixzero,0.18,0.3749010292953286,0.947,0.5371525808281339,0.7255593012565124,0.8723916817137485,57421,1579,53,947,10,500,42290,weighted_80_20_prefixzero,auxiliary,oof_averaged
xgboost_oof_ensemble,weighted_80_20_prefixzero,0.19,0.3809332260659694,0.947,0.5433161216293746,0.7300339192106075,0.8723916817137485,57461,1539,53,947,10,500,41890,weighted_80_20_prefixzero,auxiliary,oof_averaged
xgboost_oof_ensemble,weighted_80_20_prefixzero,0.2,0.38767967145790555,0.944,0.5496360989810771,0.7334887334887334,0.8723916817137485,57509,1491,56,944,10,500,42910,weighted_80_20_prefixzero,auxiliary,oof_averaged
xgboost_oof_ensemble,weighted_80_20_prefixzero,0.21,0.39373695198329856,0.943,0.5555228276877762,0.7372947615324472,0.8723916817137485,57548,1452,57,943,10,500,43020,weighted_80_20_prefixzero,auxiliary,oof_averaged
xgboost_oof_ensemble,weighted_80_20_prefixzero,0.22,0.4021413276231263,0.939,0.5631184407796102,0.7411207576953434,0.8723916817137485,57604,1396,61,939,10,500,44460,weighted_80_20_prefixzero,auxiliary,oof_averaged
xgboost_oof_ensemble,weighted_80_20_prefixzero,0.23,0.40924956369982546,0.938,0.5698663426488457,0.7453909726636999,0.8723916817137485,57646,1354,62,938,10,500,44540,weighted_80_20_prefixzero,auxiliary,oof_averaged
xgboost_oof_ensemble,weighted_80_20_prefixzero,0.24,0.41763134461264473,0.938,0.5779420825631546,0.7508805635606788,0.8723916817137485,57692,1308,62,938,10,500,44080,weighted_80_20_prefixzero,auxiliary,oof_averaged
xgboost_oof_ensemble,weighted_80_20_prefixzero,0.25,0.42436594202898553,0.937,0.5841645885286783,0.7546713917525774,0.8723916817137485,57729,1271,63,937,10,500,44210,weighted_80_20_prefixzero,auxiliary,oof_averaged
xgboost_oof_ensemble,weighted_80_20_prefixzero,0.26,0.4311377245508982,0.936,0.5903500473036897,0.7583859990277103,0.8723916817137485,57765,1235,64,936,10,500,44350,weighted_80_20_prefixzero,auxiliary,oof_averaged
xgboost_oof_ensemble,weighted_80_20_prefixzero,0.27,0.43726591760299627,0.934,0.5956632653061225,0.7610821382007823,0.8723916817137485,57798,1202,66,934,10,500,45020,weighted_80_20_prefixzero,auxiliary,oof_averaged
xgboost_oof_ensemble,weighted_80_20_prefixzero,0.28,0.4419706300331596,0.933,0.5998071359691417,0.7633775159548355,0.8723916817137485,57822,1178,67,933,10,500,45280,weighted_80_20_prefixzero,auxiliary,oof_averaged
xgboost_oof_ensemble,weighted_80_20_prefixzero,0.29,0.44791166586653863,0.933,0.6052546221213104,0.7668913365115897,0.8723916817137485,57850,1150,67,933,10,500,45000,weighted_80_20_prefixzero,auxiliary,oof_averaged
xgboost_oof_ensemble,weighted_80_20_prefixzero,0.3,0.4548560273304051,0.932,0.611347982945228,0.7703752686394445,0.8723916817137485,57883,1117,68,932,10,500,45170,weighted_80_20_prefixzero,auxiliary,oof_averaged
xgboost_oof_ensemble,weighted_80_20_prefixzero,0.31,0.46226415094339623,0.931,0.6177836761778368,0.7740272697040239,0.8723916817137485,57917,1083,69,931,10,500,45330,weighted_80_20_prefixzero,auxiliary,oof_averaged
xgboost_oof_ensemble,weighted_80_20_prefixzero,0.32,0.4680422747861097,0.93,0.6226983595580851,0.7766828127609822,0.8723916817137485,57943,1057,70,930,10,500,45570,weighted_80_20_prefixzero,auxiliary,oof_averaged
xgboost_oof_ensemble,weighted_80_20_prefixzero,0.33,0.47352342158859473,0.93,0.6275303643724697,0.7796780684104627,0.8723916817137485,57966,1034,70,930,10,500,45340,weighted_80_20_prefixzero,auxiliary,oof_averaged
xgboost_oof_ensemble,weighted_80_20_prefixzero,0.34,0.4775888717156105,0.927,0.6303978238694322,0.7801716882679683,0.8723916817137485,57986,1014,73,927,10,500,46640,weighted_80_20_prefixzero,auxiliary,oof_averaged
xgboost_oof_ensemble,weighted_80_20_prefixzero,0.35,0.482776617954071,0.925,0.6344307270233196,0.7817782285327924,0.8723916817137485,58009,991,75,925,10,500,47410,weighted_80_20_prefixzero,auxiliary,oof_averaged
xgboost_oof_ensemble,weighted_80_20_prefixzero,0.36,0.48578947368421055,0.923,0.636551724137931,0.7822033898305085,0.8723916817137485,58023,977,77,923,10,500,48270,weighted_80_20_prefixzero,auxiliary,oof_averaged
xgboost_oof_ensemble,weighted_80_20_prefixzero,0.37,0.4943760042849491,0.923,0.6438786187652599,0.7866030339185274,0.8723916817137485,58056,944,77,923,10,500,47940,weighted_80_20_prefixzero,auxiliary,oof_averaged
xgboost_oof_ensemble,weighted_80_20_prefixzero,0.38,0.49972870320130225,0.921,0.6479071403447063,0.7881225397912032,0.8723916817137485,58078,922,79,921,10,500,48720,weighted_80_20_prefixzero,auxiliary,oof_averaged
xgboost_oof_ensemble,weighted_80_20_prefixzero,0.39,0.5052111903455841,0.921,0.6524973432518597,0.7908294693456981,0.8723916817137485,58098,902,79,921,10,500,48520,weighted_80_20_prefixzero,auxiliary,oof_averaged
xgboost_oof_ensemble,weighted_80_20_prefixzero,0.4,0.5108273181565797,0.92,0.6569082470546234,0.7929667298741596,0.8723916817137485,58119,881,80,920,10,500,48810,weighted_80_20_prefixzero,auxiliary,oof_averaged
xgboost_oof_ensemble,weighted_80_20_prefixzero,0.41,0.5168918918918919,0.918,0.6613832853025937,0.7946675900277008,0.8723916817137485,58142,858,82,918,10,500,49580,weighted_80_20_prefixzero,auxiliary,oof_averaged
xgboost_oof_ensemble,weighted_80_20_prefixzero,0.42,0.5213431986340353,0.916,0.6644903881030105,0.7955532395344798,0.8723916817137485,58159,841,84,916,10,500,50410,weighted_80_20_prefixzero,auxiliary,oof_averaged
xgboost_oof_ensemble,weighted_80_20_prefixzero,0.43,0.5250143760782059,0.913,0.6666666666666666,0.7954347447290468,0.8723916817137485,58174,826,87,913,10,500,51760,weighted_80_20_prefixzero,auxiliary,oof_averaged
xgboost_oof_ensemble,weighted_80_20_prefixzero,0.44,0.5283893395133256,0.912,0.669112252384446,0.7963674467341949,0.8723916817137485,58186,814,88,912,10,500,52140,weighted_80_20_prefixzero,auxiliary,oof_averaged
xgboost_oof_ensemble,weighted_80_20_prefixzero,0.45,0.5336454066705676,0.912,0.6733111849390919,0.7987388334209143,0.8723916817137485,58203,797,88,912,10,500,51970,weighted_80_20_prefixzero,auxiliary,oof_averaged
xgboost_oof_ensemble,weighted_80_20_prefixzero,0.46,0.5393724097098875,0.911,0.6775753068055039,0.8006679557039902,0.8723916817137485,58222,778,89,911,10,500,52280,weighted_80_20_prefixzero,auxiliary,oof_averaged
xgboost_oof_ensemble,weighted_80_20_prefixzero,0.47,0.5458358298382265,0.911,0.6826526789059573,0.803492679484918,0.8723916817137485,58242,758,89,911,10,500,52080,weighted_80_20_prefixzero,auxiliary,oof_averaged
xgboost_oof_ensemble,weighted_80_20_prefixzero,0.48,0.5507859733978234,0.911,0.6865109269027883,0.8056243367527415,0.8723916817137485,58257,743,89,911,10,500,51930,weighted_80_20_prefixzero,auxiliary,oof_averaged
xgboost_oof_ensemble,weighted_80_20_prefixzero,0.49,0.5558949297495418,0.91,0.6901782328403488,0.8071669327656555,0.8723916817137485,58273,727,90,910,10,500,52270,weighted_80_20_prefixzero,auxiliary,oof_averaged
xgboost_oof_ensemble,weighted_80_20_prefixzero,0.5,0.5604192355117139,0.909,0.6933638443935927,0.8084311632870864,0.8723916817137485,58287,713,91,909,10,500,52630,weighted_80_20_prefixzero,auxiliary,oof_averaged
xgboost_oof_ensemble,weighted_80_20_prefixzero,0.51,0.5650280024891101,0.908,0.6965861143076333,0.8097021580167647,0.8723916817137485,58301,699,92,908,10,500,52990,weighted_80_20_prefixzero,auxiliary,oof_averaged
xgboost_oof_ensemble,weighted_80_20_prefixzero,0.52,0.5713383838383839,0.905,0.7004643962848297,0.8103510028653295,0.8723916817137485,58321,679,95,905,10,500,54290,weighted_80_20_prefixzero,auxiliary,oof_averaged
xgboost_oof_ensemble,weighted_80_20_prefixzero,0.53,0.57847533632287,0.903,0.7051932838734869,0.8119043337529221,0.8723916817137485,58342,658,97,903,10,500,55080,weighted_80_20_prefixzero,auxiliary,oof_averaged
xgboost_oof_ensemble,weighted_80_20_prefixzero,0.54,0.5831715210355987,0.901,0.7080550098231827,0.8124436429215509,0.8723916817137485,58356,644,99,901,10,500,55940,weighted_80_20_prefixzero,auxiliary,oof_averaged
xgboost_oof_ensemble,weighted_80_20_prefixzero,0.55,0.5879659908436887,0.899,0.7109529458283906,0.8129860734310002,0.8723916817137485,58370,630,101,899,10,500,56800,weighted_80_20_prefixzero,auxiliary,oof_averaged
xgboost_oof_ensemble,weighted_80_20_prefixzero,0.56,0.5930079155672823,0.899,0.7146263910969793,0.814902102973169,0.8723916817137485,58383,617,101,899,10,500,56670,weighted_80_20_prefixzero,auxiliary,oof_averaged
xgboost_oof_ensemble,weighted_80_20_prefixzero,0.57,0.5981308411214953,0.896,0.7173738991192954,0.8148417606402328,0.8723916817137485,58398,602,104,896,10,500,58020,weighted_80_20_prefixzero,auxiliary,oof_averaged
xgboost_oof_ensemble,weighted_80_20_prefixzero,0.58,0.6044624746450304,0.894,0.7212585720048407,0.8158423069903267,0.8723916817137485,58415,585,106,894,10,500,58850,weighted_80_20_prefixzero,auxiliary,oof_averaged
xgboost_oof_ensemble,weighted_80_20_prefixzero,0.59,0.6104252400548696,0.89,0.7241659886086249,0.815316965921583,0.8723916817137485,58432,568,110,890,10,500,60680,weighted_80_20_prefixzero,auxiliary,oof_averaged
xgboost_oof_ensemble,weighted_80_20_prefixzero,0.6,0.6153846153846154,0.888,0.7269750306999591,0.815726621348521,0.8723916817137485,58445,555,112,888,10,500,61550,weighted_80_20_prefixzero,auxiliary,oof_averaged
xgboost_oof_ensemble,weighted_80_20_prefixzero,0.61,0.619413407821229,0.887,0.7294407894736842,0.8164580265095729,0.8723916817137485,58455,545,113,887,10,500,61950,weighted_80_20_prefixzero,auxiliary,oof_averaged
xgboost_oof_ensemble,weighted_80_20_prefixzero,0.62,0.6234132581100141,0.884,0.7311827956989247,0.8157991878922112,0.8723916817137485,58466,534,116,884,10,500,63340,weighted_80_20_prefixzero,auxiliary,oof_averaged
xgboost_oof_ensemble,weighted_80_20_prefixzero,0.63,0.6263345195729537,0.88,0.7318087318087318,0.8140610545790934,0.8723916817137485,58475,525,120,880,10,500,65250,weighted_80_20_prefixzero,auxiliary,oof_averaged
xgboost_oof_ensemble,weighted_80_20_prefixzero,0.64,0.6353111432706223,0.878,0.7371956339210747,0.8156819026384243,0.8723916817137485,58496,504,122,878,10,500,66040,weighted_80_20_prefixzero,auxiliary,oof_averaged
xgboost_oof_ensemble,weighted_80_20_prefixzero,0.65,0.6378181818181818,0.877,0.7385263157894737,0.815813953488372,0.8723916817137485,58502,498,123,877,10,500,66480,weighted_80_20_prefixzero,auxiliary,oof_averaged
xgboost_oof_ensemble,weighted_80_20_prefixzero,0.66,0.6429618768328446,0.877,0.7419627749576988,0.8174869500372856,0.8723916817137485,58513,487,123,877,10,500,66370,weighted_80_20_prefixzero,auxiliary,oof_averaged
xgboost_oof_ensemble,weighted_80_20_prefixzero,0.67,0.6495916852264291,0.875,0.7456327226246272,0.8182158219562371,0.8723916817137485,58528,472,125,875,10,500,67220,weighted_80_20_prefixzero,auxiliary,oof_averaged
xgboost_oof_ensemble,weighted_80_20_prefixzero,0.68,0.6546816479400749,0.874,0.7486081370449679,0.8191190253045924,0.8723916817137485,58539,461,126,874,10,500,67610,weighted_80_20_prefixzero,auxiliary,oof_averaged
xgboost_oof_ensemble,weighted_80_20_prefixzero,0.69,0.6623574144486692,0.871,0.7524838012958963,0.819379115710254,0.8723916817137485,58556,444,129,871,10,500,68940,weighted_80_20_prefixzero,auxiliary,oof_averaged
xgboost_oof_ensemble,weighted_80_20_prefixzero,0.7,0.6666666666666666,0.868,0.7541268462206777,0.8185590343266692,0.8723916817137485,58566,434,132,868,10,500,70340,weighted_80_20_prefixzero,auxiliary,oof_averaged
xgboost_oof_ensemble,weighted_80_20_prefixzero,0.71,0.6731517509727627,0.865,0.7571115973741794,0.8183538315988647,0.8723916817137485,58580,420,135,865,10,500,71700,weighted_80_20_prefixzero,auxiliary,oof_averaged
xgboost_oof_ensemble,weighted_80_20_prefixzero,0.72,0.676078431372549,0.862,0.7578021978021978,0.8170616113744076,0.8723916817137485,58587,413,138,862,10,500,73130,weighted_80_20_prefixzero,auxiliary,oof_averaged
xgboost_oof_ensemble,weighted_80_20_prefixzero,0.73,0.6833731105807478,0.859,0.7611874169251218,0.8170058968993723,0.8723916817137485,58602,398,141,859,10,500,74480,weighted_80_20_prefixzero,auxiliary,oof_averaged
xgboost_oof_ensemble,weighted_80_20_prefixzero,0.74,0.6903225806451613,0.856,0.7642857142857142,0.816793893129771,0.8723916817137485,58616,384,144,856,10,500,75840,weighted_80_20_prefixzero,auxiliary,oof_averaged
xgboost_oof_ensemble,weighted_80_20_prefixzero,0.75,0.6959349593495935,0.856,0.7677130044843049,0.8183556405353728,0.8723916817137485,58626,374,144,856,10,500,75740,weighted_80_20_prefixzero,auxiliary,oof_averaged
xgboost_oof_ensemble,weighted_80_20_prefixzero,0.76,0.7020576131687243,0.853,0.7702031602708803,0.8178331735378715,0.8723916817137485,58638,362,147,853,10,500,77120,weighted_80_20_prefixzero,auxiliary,oof_averaged
xgboost_oof_ensemble,weighted_80_20_prefixzero,0.77,0.7105921601334445,0.852,0.7748976807639836,0.8193883439122909,0.8723916817137485,58653,347,148,852,10,500,77470,weighted_80_20_prefixzero,auxiliary,oof_averaged
xgboost_oof_ensemble,weighted_80_20_prefixzero,0.78,0.7162162162162162,0.848,0.7765567765567766,0.8179012345679012,0.8723916817137485,58664,336,152,848,10,500,79360,weighted_80_20_prefixzero,auxiliary,oof_averaged
xgboost_oof_ensemble,weighted_80_20_prefixzero,0.79,0.7228400342172797,0.845,0.7791609036422315,0.8173727993809248,0.8723916817137485,58676,324,155,845,10,500,80740,weighted_80_20_prefixzero,auxiliary,oof_averaged
xgboost_oof_ensemble,weighted_80_20_prefixzero,0.8,0.7298001737619462,0.84,0.7810320781032078,0.81537565521258,0.8723916817137485,58689,311,160,840,10,500,83110,weighted_80_20_prefixzero,auxiliary,oof_averaged
xgboost_oof_ensemble,weighted_80_20_prefixzero,0.81,0.7328646748681898,0.834,0.7801683816651076,0.811599844297392,0.8723916817137485,58696,304,166,834,10,500,86040,weighted_80_20_prefixzero,auxiliary,oof_averaged
xgboost_oof_ensemble,weighted_80_20_prefixzero,0.82,0.7423971377459749,0.83,0.7837582625118036,0.810863618601016,0.8723916817137485,58712,288,170,830,10,500,87880,weighted_80_20_prefixzero,auxiliary,oof_averaged
xgboost_oof_ensemble,weighted_80_20_prefixzero,0.83,0.7568555758683729,0.828,0.7908309455587392,0.8127208480565371,0.8723916817137485,58734,266,172,828,10,500,88660,weighted_80_20_prefixzero,auxiliary,oof_averaged
xgboost_oof_ensemble,weighted_80_20_prefixzero,0.84,0.76937441643324,0.824,0.7957508450024143,0.81246302504437,0.8723916817137485,58753,247,176,824,10,500,90470,weighted_80_20_prefixzero,auxiliary,oof_averaged
xgboost_oof_ensemble,weighted_80_20_prefixzero,0.85,0.7781990521327015,0.821,0.7990267639902676,0.8120672601384767,0.8723916817137485,58766,234,179,821,10,500,91840,weighted_80_20_prefixzero,auxiliary,oof_averaged
xgboost_oof_ensemble,weighted_80_20_prefixzero,0.86,0.7866795366795367,0.815,0.8005893909626719,0.8091739475774424,0.8723916817137485,58779,221,185,815,10,500,94710,weighted_80_20_prefixzero,auxiliary,oof_averaged
xgboost_oof_ensemble,weighted_80_20_prefixzero,0.87,0.7944936086529006,0.808,0.8011898859692613,0.8052621088299781,0.8723916817137485,58791,209,192,808,10,500,98090,weighted_80_20_prefixzero,auxiliary,oof_averaged
xgboost_oof_ensemble,weighted_80_20_prefixzero,0.88,0.802407221664995,0.8,0.801201802704056,0.8004802881729037,0.8723916817137485,58803,197,200,800,10,500,101970,weighted_80_20_prefixzero,auxiliary,oof_averaged
xgboost_oof_ensemble,weighted_80_20_prefixzero,0.89,0.8149284253578732,0.797,0.8058645096056622,0.8005222981116914,0.8723916817137485,58819,181,203,797,10,500,103310,weighted_80_20_prefixzero,auxiliary,oof_averaged
xgboost_oof_ensemble,weighted_80_20_prefixzero,0.9,0.8268625393494229,0.788,0.8069636456733231,0.7954774883908742,0.8723916817137485,58835,165,212,788,10,500,107650,weighted_80_20_prefixzero,auxiliary,oof_averaged
xgboost_oof_ensemble,weighted_80_20_prefixzero,0.91,0.8398692810457516,0.771,0.8039624608967675,0.7838552257015047,0.8723916817137485,58853,147,229,771,10,500,115970,weighted_80_20_prefixzero,auxiliary,oof_averaged
xgboost_oof_ensemble,weighted_80_20_prefixzero,0.92,0.8481152993348116,0.765,0.804416403785489,0.7802937576499388,0.8723916817137485,58863,137,235,765,10,500,118870,weighted_80_20_prefixzero,auxiliary,oof_averaged
xgboost_oof_ensemble,weighted_80_20_prefixzero,0.93,0.8623853211009175,0.752,0.8034188034188035,0.7717569786535303,0.8723916817137485,58880,120,248,752,10,500,125200,weighted_80_20_prefixzero,auxiliary,oof_averaged
xgboost_oof_ensemble,weighted_80_20_prefixzero,0.94,0.8778443113772455,0.733,0.7989100817438692,0.7580144777662875,0.8723916817137485,58898,102,267,733,10,500,134520,weighted_80_20_prefixzero,auxiliary,oof_averaged
xgboost_oof_ensemble,weighted_80_20_prefixzero,0.95,0.8862793572311496,0.717,0.7927031509121062,0.7454772301933874,0.8723916817137485,58908,92,283,717,10,500,142420,weighted_80_20_prefixzero,auxiliary,oof_averaged
xgboost_oof_ensemble,weighted_80_20_prefixzero,0.96,0.8960526315789473,0.681,0.7738636363636363,0.7153361344537815,0.8723916817137485,58921,79,319,681,10,500,160290,weighted_80_20_prefixzero,auxiliary,oof_averaged
xgboost_oof_ensemble,weighted_80_20_prefixzero,0.97,0.9120567375886525,0.643,0.7542521994134898,0.6833156216790648,0.8723916817137485,58938,62,357,643,10,500,179120,weighted_80_20_prefixzero,auxiliary,oof_averaged
xgboost_oof_ensemble,weighted_80_20_prefixzero,0.98,0.9369951534733441,0.58,0.7164916615194564,0.6278415241394241,0.8723916817137485,58961,39,420,580,10,500,210390,weighted_80_20_prefixzero,auxiliary,oof_averaged
xgboost_oof_ensemble,weighted_80_20_prefixzero,0.99,0.9759825327510917,0.447,0.6131687242798354,0.5013458950201884,0.8723916817137485,58989,11,553,447,10,500,276610,weighted_80_20_prefixzero,auxiliary,oof_averaged
xgboost_oof_ensemble,weighted_rank_60_25_15,0.01,0.01676136839811602,1.0,0.0329701125929345,0.07854102197577795,0.8726981217510582,339,58661,0,1000,10,500,586610,weighted_rank_60_25_15,main,oof_averaged
xgboost_oof_ensemble,weighted_rank_60_25_15,0.02,0.01689988508078145,1.0,0.03323805092069401,0.07914899005888684,0.8726981217510582,828,58172,0,1000,10,500,581720,weighted_rank_60_25_15,main,oof_averaged
xgboost_oof_ensemble,weighted_rank_60_25_15,0.03,0.017062517062517064,1.0,0.03355254328278084,0.07986199846664963,0.8726981217510582,1392,57608,0,1000,10,500,576080,weighted_rank_60_25_15,main,oof_averaged
xgboost_oof_ensemble,weighted_rank_60_25_15,0.04,0.017225341923037173,1.0,0.033867307887696006,0.08057498307925355,0.8726981217510582,1946,57054,0,1000,10,500,570540,weighted_rank_60_25_15,main,oof_averaged
xgboost_oof_ensemble,weighted_rank_60_25_15,0.05,0.017398869073510223,1.0,0.034202650705429674,0.08133387555917039,0.8726981217510582,2525,56475,0,1000,10,500,564750,weighted_rank_60_25_15,main,oof_averaged
xgboost_oof_ensemble,weighted_rank_60_25_15,0.06,0.01758643733952376,1.0,0.034564999481525006,0.08215306759554401,0.8726981217510582,3138,55862,0,1000,10,500,558620,weighted_rank_60_25_15,main,oof_averaged
xgboost_oof_ensemble,weighted_rank_60_25_15,0.07,0.01777209070875098,1.0,0.034923517496682266,0.08296276631047986,0.8726981217510582,3732,55268,0,1000,10,500,552680,weighted_rank_60_25_15,main,oof_averaged
xgboost_oof_ensemble,weighted_rank_60_25_15,0.08,0.01796493245185398,1.0,0.03529577862487646,0.08380262805041566,0.8726981217510582,4336,54664,0,1000,10,500,546640,weighted_rank_60_25_15,main,oof_averaged
xgboost_oof_ensemble,weighted_rank_60_25_15,0.09,0.01815903684468576,1.0,0.03567033476609178,0.08464676903282602,0.8726981217510582,4931,54069,0,1000,10,500,540690,weighted_rank_60_25_15,main,oof_averaged
xgboost_oof_ensemble,weighted_rank_60_25_15,0.1,0.01834879235926164,0.999,0.03603571106501939,0.08546496706305073,0.8726981217510582,5554,53446,1,999,10,500,534960,weighted_rank_60_25_15,main,oof_averaged
xgboost_oof_ensemble,weighted_rank_60_25_15,0.11,0.01855876943654907,0.999,0.0364405697714713,0.08637534800878452,0.8726981217510582,6170,52830,1,999,10,500,528800,weighted_rank_60_25_15,main,oof_averaged
xgboost_oof_ensemble,weighted_rank_60_25_15,0.12,0.01877360795294383,0.999,0.03685462896353273,0.0873053327041057,0.8726981217510582,6786,52214,1,999,10,500,522640,weighted_rank_60_25_15,main,oof_averaged
xgboost_oof_ensemble,weighted_rank_60_25_15,0.13,0.01899600684540787,0.999,0.03728307520059713,0.08826647817635624,0.8726981217510582,7409,51591,1,999,10,500,516410,weighted_rank_60_25_15,main,oof_averaged
xgboost_oof_ensemble,weighted_rank_60_25_15,0.14,0.01922077922077922,0.999,0.03771590372817367,0.08923626619026351,0.8726981217510582,8024,50976,1,999,10,500,510260,weighted_rank_60_25_15,main,oof_averaged
xgboost_oof_ensemble,weighted_rank_60_25_15,0.15,0.019444876985362815,0.999,0.038147243012066595,0.090201531349321,0.8726981217510582,8623,50377,1,999,10,500,504270,weighted_rank_60_25_15,main,oof_averaged
xgboost_oof_ensemble,weighted_rank_60_25_15,0.16,0.019658052316419792,0.998,0.03855663730489878,0.0911115980134385,0.8726981217510582,9230,49770,2,998,10,500,498700,weighted_rank_60_25_15,main,oof_averaged
xgboost_oof_ensemble,weighted_rank_60_25_15,0.17,0.019894348649456793,0.998,0.0390110427049741,0.09212591156650973,0.8726981217510582,9833,49167,2,998,10,500,492670,weighted_rank_60_25_15,main,oof_averaged
xgboost_oof_ensemble,weighted_rank_60_25_15,0.18,0.020149811221708495,0.998,0.03950206811929783,0.09322049730052868,0.8726981217510582,10469,48531,2,998,10,500,486310,weighted_rank_60_25_15,main,oof_averaged
xgboost_oof_ensemble,weighted_rank_60_25_15,0.19,0.02041275490376552,0.998,0.040007215730292034,0.09434497362500237,0.8726981217510582,11107,47893,2,998,10,500,479930,weighted_rank_60_25_15,main,oof_averaged
xgboost_oof_ensemble,weighted_rank_60_25_15,0.2,0.020670229070875273,0.998,0.04050160301935798,0.09544393864044987,0.8726981217510582,11716,47284,2,998,10,500,473840,weighted_rank_60_25_15,main,oof_averaged
xgboost_oof_ensemble,weighted_rank_60_25_15,0.21,0.02091725411211816,0.997,0.040974847936873254,0.0964888510374729,0.8726981217510582,12333,46667,3,997,10,500,468170,weighted_rank_60_25_15,main,oof_averaged
xgboost_oof_ensemble,weighted_rank_60_25_15,0.22,0.02118527018125412,0.997,0.041488941137304676,0.09762832690311588,0.8726981217510582,12936,46064,3,997,10,500,462140,weighted_rank_60_25_15,main,oof_averaged
xgboost_oof_ensemble,weighted_rank_60_25_15,0.23,0.02147133565921523,0.997,0.04203735716996247,0.09884205099734306,0.8726981217510582,13563,45437,3,997,10,500,455870,weighted_rank_60_25_15,main,oof_averaged
xgboost_oof_ensemble,weighted_rank_60_25_15,0.24,0.02176428212796612,0.997,0.0425986455596146,0.10008231444116525,0.8726981217510582,14188,44812,3,997,10,500,449620,weighted_rank_60_25_15,main,oof_averaged
xgboost_oof_ensemble,weighted_rank_60_25_15,0.25,0.02206875179848153,0.997,0.04318167052861814,0.10136852593692174,0.8726981217510582,14820,44180,3,997,10,500,443300,weighted_rank_60_25_15,main,oof_averaged
xgboost_oof_ensemble,weighted_rank_60_25_15,0.26,0.022367299322474984,0.997,0.04375301707113705,0.10262691975130728,0.8726981217510582,15423,43577,3,997,10,500,437270,weighted_rank_60_25_15,main,oof_averaged
xgboost_oof_ensemble,weighted_rank_60_25_15,0.27,0.02267403515953697,0.997,0.044339685575148426,0.10391694982385191,0.8726981217510582,16026,42974,3,997,10,500,431240,weighted_rank_60_25_15,main,oof_averaged
xgboost_oof_ensemble,weighted_rank_60_25_15,0.28,0.02300362243603055,0.997,0.04496966689970907,0.10529984579962401,0.8726981217510582,16656,42344,3,997,10,500,424940,weighted_rank_60_25_15,main,oof_averaged
xgboost_oof_ensemble,weighted_rank_60_25_15,0.29,0.023294431321187175,0.996,0.045524144708275247,0.10650811643176422,0.8726981217510582,17239,41761,4,996,10,500,419610,weighted_rank_60_25_15,main,oof_averaged
xgboost_oof_ensemble,weighted_rank_60_25_15,0.3,0.023654024271498802,0.996,0.04621059224719883,0.10800962977422084,0.8726981217510582,17889,41111,4,996,10,500,413110,weighted_rank_60_25_15,main,oof_averaged
xgboost_oof_ensemble,weighted_rank_60_25_15,0.31,0.02400520594827794,0.996,0.04688051587394978,0.10947220329295905,0.8726981217510582,18505,40495,4,996,10,500,406950,weighted_rank_60_25_15,main,oof_averaged
xgboost_oof_ensemble,weighted_rank_60_25_15,0.32,0.024327096868741144,0.996,0.04749415859997139,0.11080948778425526,0.8726981217510582,19054,39946,4,996,10,500,401460,weighted_rank_60_25_15,main,oof_averaged
xgboost_oof_ensemble,weighted_rank_60_25_15,0.33,0.02470054311435161,0.996,0.048205599787043536,0.11235701554497665,0.8726981217510582,19673,39327,4,996,10,500,395270,weighted_rank_60_25_15,main,oof_averaged
xgboost_oof_ensemble,weighted_rank_60_25_15,0.34,0.025056603773584905,0.996,0.048883435582822085,0.11382857142857143,0.8726981217510582,20246,38754,4,996,10,500,389540,weighted_rank_60_25_15,main,oof_averaged
xgboost_oof_ensemble,weighted_rank_60_25_15,0.35,0.025423728813559324,0.996,0.04958183990442055,0.11534185658699278,0.8726981217510582,20820,38180,4,996,10,500,383800,weighted_rank_60_25_15,main,oof_averaged
xgboost_oof_ensemble,weighted_rank_60_25_15,0.36,0.025853341985723557,0.996,0.050398481973434536,0.11710758377425044,0.8726981217510582,21471,37529,4,996,10,500,377290,weighted_rank_60_25_15,main,oof_averaged
xgboost_oof_ensemble,weighted_rank_60_25_15,0.37,0.026241527547010576,0.995,0.05113446565768173,0.11868692893098266,0.8726981217510582,22078,36922,5,995,10,500,371720,weighted_rank_60_25_15,main,oof_averaged
xgboost_oof_ensemble,weighted_rank_60_25_15,0.38,0.02666845349772179,0.995,0.05194466196815453,0.12043088840474461,0.8726981217510582,22685,36315,5,995,10,500,365650,weighted_rank_60_25_15,main,oof_averaged
xgboost_oof_ensemble,weighted_rank_60_25_15,0.39,0.027140558086249694,0.995,0.05283980775868936,0.12235311477828878,0.8726981217510582,23334,35666,5,995,10,500,359160,weighted_rank_60_25_15,main,oof_averaged
xgboost_oof_ensemble,weighted_rank_60_25_15,0.4,0.027603617599733673,0.995,0.05371700048588242,0.12423213304699596,0.8726981217510582,23949,35051,5,995,10,500,353010,weighted_rank_60_25_15,main,oof_averaged
xgboost_oof_ensemble,weighted_rank_60_25_15,0.41,0.028089094656014453,0.995,0.05463580704499904,0.12619536818608426,0.8726981217510582,24572,34428,5,995,10,500,346780,weighted_rank_60_25_15,main,oof_averaged
xgboost_oof_ensemble,weighted_rank_60_25_15,0.42,0.028596884520319596,0.995,0.05559590992903839,0.12824148064133628,0.8726981217510582,25201,33799,5,995,10,500,340490,weighted_rank_60_25_15,main,oof_averaged
xgboost_oof_ensemble,weighted_rank_60_25_15,0.43,0.029113146267957985,0.995,0.056571054950678,0.13031406344133903,0.8726981217510582,25818,33182,5,995,10,500,334320,weighted_rank_60_25_15,main,oof_averaged
xgboost_oof_ensemble,weighted_rank_60_25_15,0.44,0.029626321274378444,0.995,0.05753939569177389,0.13236663562591458,0.8726981217510582,26410,32590,5,995,10,500,328400,weighted_rank_60_25_15,main,oof_averaged
xgboost_oof_ensemble,weighted_rank_60_25_15,0.45,0.0302220332290496,0.995,0.0586622645402824,0.1347398640413834,0.8726981217510582,27072,31928,5,995,10,500,321780,weighted_rank_60_25_15,main,oof_averaged
xgboost_oof_ensemble,weighted_rank_60_25_15,0.46,0.03078779627452194,0.995,0.05972747463833363,0.13698441544137893,0.8726981217510582,27677,31323,5,995,10,500,315730,weighted_rank_60_25_15,main,oof_averaged
xgboost_oof_ensemble,weighted_rank_60_25_15,0.47,0.03137019988649978,0.995,0.06082278867901461,0.13928551430651212,0.8726981217510582,28277,30723,5,995,10,500,309730,weighted_rank_60_25_15,main,oof_averaged
xgboost_oof_ensemble,weighted_rank_60_25_15,0.48,0.032001801106393925,0.995,0.06200922348248785,0.1417702040351077,0.8726981217510582,28903,30097,5,995,10,500,303470,weighted_rank_60_25_15,main,oof_averaged
xgboost_oof_ensemble,weighted_rank_60_25_15,0.49,0.03265440210249671,0.994,0.06323155216284987,0.1443089430894309,0.8726981217510582,29554,29446,6,994,10,500,297460,weighted_rank_60_25_15,main,oof_averaged
xgboost_oof_ensemble,weighted_rank_60_25_15,0.5,0.033250653616678956,0.992,0.06434455471233054,0.14659809658922976,0.8726981217510582,30158,28842,8,992,10,500,292420,weighted_rank_60_25_15,main,oof_averaged
xgboost_oof_ensemble,weighted_rank_60_25_15,0.51,0.03394121873610018,0.992,0.06563668243623251,0.14927619104944773,0.8726981217510582,30765,28235,8,992,10,500,286350,weighted_rank_60_25_15,main,oof_averaged
xgboost_oof_ensemble,weighted_rank_60_25_15,0.52,0.03466107617051013,0.992,0.06698176907494936,0.15205395462906193,0.8726981217510582,31372,27628,8,992,10,500,280280,weighted_rank_60_25_15,main,oof_averaged
xgboost_oof_ensemble,weighted_rank_60_25_15,0.53,0.03532889347911251,0.992,0.06822793080917501,0.15461828610617537,0.8726981217510582,31913,27087,8,992,10,500,274870,weighted_rank_60_25_15,main,oof_averaged
xgboost_oof_ensemble,weighted_rank_60_25_15,0.54,0.03613580067026082,0.992,0.06973147757626881,0.15770062317181738,0.8726981217510582,32540,26460,8,992,10,500,268600,weighted_rank_60_25_15,main,oof_averaged
xgboost_oof_ensemble,weighted_rank_60_25_15,0.55,0.037002499160729604,0.992,0.07134380955805675,0.16099191794605472,0.8726981217510582,33183,25817,8,992,10,500,262170,weighted_rank_60_25_15,main,oof_averaged
xgboost_oof_ensemble,weighted_rank_60_25_15,0.56,0.03783515771005759,0.992,0.0728902604798119,0.16413514676197094,0.8726981217510582,33773,25227,8,992,10,500,256270,weighted_rank_60_25_15,main,oof_averaged
xgboost_oof_ensemble,weighted_rank_60_25_15,0.57,0.03878484575986238,0.992,0.07465101403469165,0.16769787334753355,0.8726981217510582,34415,24585,8,992,10,500,249850,weighted_rank_60_25_15,main,oof_averaged
xgboost_oof_ensemble,weighted_rank_60_25_15,0.58,0.03973244682981535,0.992,0.07640466746254862,0.1712293299271585,0.8726981217510582,35025,23975,8,992,10,500,243750,weighted_rank_60_25_15,main,oof_averaged
xgboost_oof_ensemble,weighted_rank_60_25_15,0.59,0.04071748142675368,0.992,0.07822418483617868,0.17487571836547613,0.8726981217510582,35629,23371,8,992,10,500,237710,weighted_rank_60_25_15,main,oof_averaged
xgboost_oof_ensemble,weighted_rank_60_25_15,0.6,0.041670170717349256,0.991,0.07997740295375676,0.17835289036066518,0.8726981217510582,36209,22791,9,991,10,500,232410,weighted_rank_60_25_15,main,oof_averaged
xgboost_oof_ensemble,weighted_rank_60_25_15,0.61,0.04285220098590331,0.991,0.08215203514880212,0.18266607682666078,0.8726981217510582,36865,22135,9,991,10,500,225850,weighted_rank_60_25_15,main,oof_averaged
xgboost_oof_ensemble,weighted_rank_60_25_15,0.62,0.04406990705741095,0.991,0.08438710776174053,0.18707290368860197,0.8726981217510582,37504,21496,9,991,10,500,219460,weighted_rank_60_25_15,main,oof_averaged
xgboost_oof_ensemble,weighted_rank_60_25_15,0.63,0.04522199890370912,0.99,0.0864930980255111,0.19117874246871622,0.8726981217510582,38098,20902,10,990,10,500,214020,weighted_rank_60_25_15,main,oof_averaged
xgboost_oof_ensemble,weighted_rank_60_25_15,0.64,0.046428738920414575,0.99,0.08869775567800027,0.1954744698495439,0.8726981217510582,38667,20333,10,990,10,500,208330,weighted_rank_60_25_15,main,oof_averaged
xgboost_oof_ensemble,weighted_rank_60_25_15,0.65,0.04779837775202781,0.99,0.09119380987472366,0.2003075428941405,0.8726981217510582,39278,19722,10,990,10,500,202220,weighted_rank_60_25_15,main,oof_averaged
xgboost_oof_ensemble,weighted_rank_60_25_15,0.66,0.049157512798846864,0.989,0.09365973767697335,0.20502508395870475,0.8726981217510582,39870,19130,11,989,10,500,196800,weighted_rank_60_25_15,main,oof_averaged
xgboost_oof_ensemble,weighted_rank_60_25_15,0.67,0.050567542693526944,0.989,0.09621558517365503,0.20990746243314373,0.8726981217510582,40431,18569,11,989,10,500,191190,weighted_rank_60_25_15,main,oof_averaged
xgboost_oof_ensemble,weighted_rank_60_25_15,0.68,0.05220925935701842,0.989,0.09918267061124204,0.21553414984962735,0.8726981217510582,41046,17954,11,989,10,500,185040,weighted_rank_60_25_15,main,oof_averaged
xgboost_oof_ensemble,weighted_rank_60_25_15,0.69,0.05388471177944862,0.989,0.10220109538079983,0.22121320569025676,0.8726981217510582,41635,17365,11,989,10,500,179150,weighted_rank_60_25_15,main,oof_averaged
xgboost_oof_ensemble,weighted_rank_60_25_15,0.7,0.05568066659160004,0.989,0.10542586078243257,0.22723095303740465,0.8726981217510582,42227,16773,11,989,10,500,173230,weighted_rank_60_25_15,main,oof_averaged
xgboost_oof_ensemble,weighted_rank_60_25_15,0.71,0.0577541357339101,0.988,0.10912906610703044,0.23404557729663145,0.8726981217510582,42881,16119,12,988,10,500,167190,weighted_rank_60_25_15,main,oof_averaged
xgboost_oof_ensemble,weighted_rank_60_25_15,0.72,0.05984614452722757,0.988,0.11285624535952939,0.2408698620117997,0.8726981217510582,43479,15521,12,988,10,500,161210,weighted_rank_60_25_15,main,oof_averaged
xgboost_oof_ensemble,weighted_rank_60_25_15,0.73,0.062122736418511064,0.988,0.11689540937056318,0.24819131832797428,0.8726981217510582,44084,14916,12,988,10,500,155160,weighted_rank_60_25_15,main,oof_averaged
xgboost_oof_ensemble,weighted_rank_60_25_15,0.74,0.06465545448596297,0.988,0.1213684663104232,0.25621077744930243,0.8726981217510582,44707,14293,12,988,10,500,148930,weighted_rank_60_25_15,main,oof_averaged
xgboost_oof_ensemble,weighted_rank_60_25_15,0.75,0.06729328429369295,0.988,0.1260043361816095,0.26442565035863397,0.8726981217510582,45306,13694,12,988,10,500,142940,weighted_rank_60_25_15,main,oof_averaged
xgboost_oof_ensemble,weighted_rank_60_25_15,0.76,0.07018417122946739,0.987,0.13104959171479785,0.2732104301611028,0.8726981217510582,45924,13076,13,987,10,500,137260,weighted_rank_60_25_15,main,oof_averaged
xgboost_oof_ensemble,weighted_rank_60_25_15,0.77,0.07322688451541032,0.986,0.13632907016937434,0.2822788434010879,0.8726981217510582,46521,12479,14,986,10,500,131790,weighted_rank_60_25_15,main,oof_averaged
xgboost_oof_ensemble,weighted_rank_60_25_15,0.78,0.0766241840223811,0.986,0.14219786558984712,0.29226938581930284,0.8726981217510582,47118,11882,14,986,10,500,125820,weighted_rank_60_25_15,main,oof_averaged
xgboost_oof_ensemble,weighted_rank_60_25_15,0.79,0.08036514793381694,0.986,0.1486170773984475,0.30303030303030304,0.8726981217510582,47717,11283,14,986,10,500,119830,weighted_rank_60_25_15,main,oof_averaged
xgboost_oof_ensemble,weighted_rank_60_25_15,0.8,0.08421682626538987,0.985,0.15516698172652804,0.3137742099898063,0.8726981217510582,48289,10711,15,985,10,500,114610,weighted_rank_60_25_15,main,oof_averaged
xgboost_oof_ensemble,weighted_rank_60_25_15,0.81,0.08867482895210659,0.985,0.16270234555665675,0.32598623245962405,0.8726981217510582,48877,10123,15,985,10,500,108730,weighted_rank_60_25_15,main,oof_averaged
xgboost_oof_ensemble,weighted_rank_60_25_15,0.82,0.09330302169176849,0.985,0.17045946179804447,0.3383252043690321,0.8726981217510582,49428,9572,15,985,10,500,103220,weighted_rank_60_25_15,main,oof_averaged
xgboost_oof_ensemble,weighted_rank_60_25_15,0.83,0.09869477911646586,0.983,0.17937956204379563,0.35207736389684813,0.8726981217510582,50023,8977,17,983,10,500,98270,weighted_rank_60_25_15,main,oof_averaged
xgboost_oof_ensemble,weighted_rank_60_25_15,0.84,0.10507749866381615,0.983,0.18985997102848864,0.3680269561961812,0.8726981217510582,50628,8372,17,983,10,500,92220,weighted_rank_60_25_15,main,oof_averaged
xgboost_oof_ensemble,weighted_rank_60_25_15,0.85,0.11206207919662216,0.982,0.20116767387073645,0.38470579017472384,0.8726981217510582,51219,7781,18,982,10,500,86810,weighted_rank_60_25_15,main,oof_averaged
xgboost_oof_ensemble,weighted_rank_60_25_15,0.86,0.11993160723009282,0.982,0.21375707444492817,0.4028552674762061,0.8726981217510582,51794,7206,18,982,10,500,81060,weighted_rank_60_25_15,main,oof_averaged
xgboost_oof_ensemble,weighted_rank_60_25_15,0.87,0.12944898497231744,0.982,0.22874446773817844,0.42378732953564646,0.8726981217510582,52396,6604,18,982,10,500,75040,weighted_rank_60_25_15,main,oof_averaged
xgboost_oof_ensemble,weighted_rank_60_25_15,0.88,0.13948528366273283,0.981,0.24424249968878375,0.444575364814647,0.8726981217510582,52948,6052,19,981,10,500,70020,weighted_rank_60_25_15,main,oof_averaged
xgboost_oof_ensemble,weighted_rank_60_25_15,0.89,0.15217391304347827,0.98,0.26344086021505375,0.46934865900383144,0.8726981217510582,53540,5460,20,980,10,500,64600,weighted_rank_60_25_15,main,oof_averaged
xgboost_oof_ensemble,weighted_rank_60_25_15,0.9,0.16655313351498638,0.978,0.28463329452852154,0.4953403565640194,0.8726981217510582,54106,4894,22,978,10,500,59940,weighted_rank_60_25_15,main,oof_averaged
xgboost_oof_ensemble,weighted_rank_60_25_15,0.91,0.183942706370147,0.976,0.309546463685379,0.5243928648183968,0.8726981217510582,54670,4330,24,976,10,500,55300,weighted_rank_60_25_15,main,oof_averaged
xgboost_oof_ensemble,weighted_rank_60_25_15,0.92,0.2061246040126716,0.976,0.34036617262423713,0.5586720091585575,0.8726981217510582,55241,3759,24,976,10,500,49590,weighted_rank_60_25_15,main,oof_averaged
xgboost_oof_ensemble,weighted_rank_60_25_15,0.93,0.23452925595954732,0.974,0.37803221424412964,0.5973261376180548,0.8726981217510582,55821,3179,26,974,10,500,44790,weighted_rank_60_25_15,main,oof_averaged
xgboost_oof_ensemble,weighted_rank_60_25_15,0.94,0.2734705384832253,0.97,0.42665493732131077,0.6426394593878362,0.8726981217510582,56423,2577,30,970,10,500,40770,weighted_rank_60_25_15,main,oof_averaged
xgboost_oof_ensemble,weighted_rank_60_25_15,0.95,0.32115320147502513,0.958,0.481044438865177,0.6859515967349277,0.8726981217510582,56975,2025,42,958,10,500,41250,weighted_rank_60_25_15,main,oof_averaged
xgboost_oof_ensemble,weighted_rank_60_25_15,0.96,0.3949579831932773,0.94,0.5562130177514792,0.7366771159874608,0.8726981217510582,57560,1440,60,940,10,500,44400,weighted_rank_60_25_15,main,oof_averaged
xgboost_oof_ensemble,weighted_rank_60_25_15,0.97,0.5140607424071991,0.914,0.6580273578113751,0.7909311180339218,0.8726981217510582,58136,864,86,914,10,500,51640,weighted_rank_60_25_15,main,oof_averaged
xgboost_oof_ensemble,weighted_rank_60_25_15,0.98,0.714527027027027,0.846,0.7747252747252747,0.8159722222222222,0.8726981217510582,58662,338,154,846,10,500,80380,weighted_rank_60_25_15,main,oof_averaged
xgboost_oof_ensemble,weighted_rank_60_25_15,0.99,0.9415692821368948,0.564,0.7054409005628518,0.6131767775603392,0.8726981217510582,58965,35,436,564,10,500,218350,weighted_rank_60_25_15,main,oof_averaged
