dataset,feature_name,non_missing_count,missing_count,missing_rate,zero_count,zero_rate,near_zero_count,near_zero_rate,unique_count,mean,std,min,p01,p05,median,p95,p99,max,skew,p99_to_median_ratio,max_to_p99_ratio
train_inner,aa_000,48000,0,0.0,311,0.006479166666666667,311,0.006479166666666667,19337,59038.214583333334,144747.6336059068,0.0,4.0,10.0,30779.0,218612.19999999736,819829.0400000019,2746564.0,6.1654601256034,26.635986874167514,3.35016676159702
train_inner,ab_000,10969,37031,0.7714791666666667,8810,0.18354166666666666,8810,0.18354166666666666,26,0.7101832436867536,3.449855340729824,0.0,0.0,0.0,0.0,4.0,8.0,204.0,29.50106053404505,,25.5
train_inner,ac_000,45339,2661,0.0554375,6954,0.144875,6954,0.144875,1899,358196263.8175963,796818533.4032396,0.0,0.0,0.0,152.0,2130706434.0,2130706446.0,2130706796.0,1.7750299004504677,14017805.565789474,1.000000164264768
train_inner,ad_000,36130,11870,0.24729166666666666,1598,0.033291666666666664,1598,0.033291666666666664,1754,238046.20481594242,45161750.834385864,0.0,0.0,2.0,126.0,1552.0,4119.419999999998,8584297742.0,190.07892904887586,32.69380952380951,2083860.7721475363
train_inner,ae_000,46014,1986,0.041375,44446,0.9259583333333333,44446,0.9259583333333333,304,7.213500239057678,177.3879695556185,0.0,0.0,0.0,0.0,0.0,120.0,21050.0,85.1845653891604,,175.41666666666666
train_inner,af_000,46014,1986,0.041375,44393,0.9248541666666666,44393,0.9248541666666666,370,11.365453992263225,223.46464202003915,0.0,0.0,0.0,0.0,0.0,178.0,20070.0,51.562770342203585,,112.75280898876404
train_inner,ag_000,47474,526,0.010958333333333334,47318,0.9857916666666666,47318,0.9857916666666666,133,253.45346926738847,22745.11893527046,0.0,0.0,0.0,0.0,0.0,0.0,3376892.0,139.62033699225998,,
train_inner,ag_001,47474,526,0.010958333333333334,46880,0.9766666666666667,46880,0.9766666666666667,518,1021.5988962379407,37043.08645128286,0.0,0.0,0.0,0.0,0.0,398.5399999999936,4109372.0,73.15551232488149,,10311.065388668807
train_inner,ag_002,47474,526,0.010958333333333334,44935,0.9361458333333333,44935,0.9361458333333333,2025,8554.927075873109,154364.03535261384,0.0,0.0,0.0,0.0,136.6999999999971,99127.69999999837,10552856.0,37.86217754637794,,106.45718603377435
train_inner,ag_003,47474,526,0.010958333333333334,37579,0.7828958333333333,37579,0.7828958333333333,6666,88936.4085604752,768949.2348342924,0.0,0.0,0.0,0.0,131558.09999999998,2312900.0,63402074.0,25.285683384699013,,27.412371481689654
train_inner,ag_004,47474,526,0.010958333333333334,1039,0.021645833333333333,1039,0.021645833333333333,19722,440667.18650208536,2419888.7132332,0.0,0.0,16.0,3622.0,1767563.2999999968,10837357.779999979,228830570.0,24.557476352491367,2992.0921535063444,21.11497789823826
train_inner,ag_005,47474,526,0.010958333333333334,1542,0.032125,1542,0.032125,34471,1106680.833761638,3280071.2914084573,0.0,0.0,692.0,175821.0,4605896.899999986,17290156.319999926,179187978.0,9.612829315201212,98.33954032794675,10.363583456601205
train_inner,ag_006,47474,526,0.010958333333333334,979,0.020395833333333332,979,0.020395833333333332,34135,1647973.954080128,3887936.8311069044,0.0,0.0,1232.0,930756.0,5174393.299999998,17621387.659999654,94020666.0,8.39335921961228,18.932338507621388,5.335599432581908
train_inner,ag_007,47474,526,0.010958333333333334,12686,0.26429166666666665,12686,0.26429166666666665,26991,496221.20735560515,1423304.7434372245,0.0,0.0,0.0,119986.0,1685281.9999999995,5073154.0,63346754.0,12.706568546220172,42.28121614188322,12.486660960814515
train_inner,ag_008,47474,526,0.010958333333333334,20086,0.4184583333333333,20086,0.4184583333333333,16503,35386.15650671947,224054.75809437715,0.0,0.0,0.0,1767.0,119943.49999999987,423084.0,17702522.0,37.92656540967042,239.43633276740238,41.841624831002825
train_inner,ag_009,47474,526,0.010958333333333334,32555,0.6782291666666667,32555,0.6782291666666667,4855,4939.307747398576,170107.64331217142,0.0,0.0,0.0,0.0,8306.699999999997,36269.659999999814,25198514.0,107.25963116199793,,694.7546241128296
train_inner,ah_000,47478,522,0.010875,115,0.002395833333333333,115,0.002395833333333333,36573,1801629.4229748514,4185020.4364266675,0.0,674.0,1804.0,1001303.0,6721995.000000001,23990314.940000087,74247318.0,5.606337946709503,23.95909623760249,3.094887173665413
train_inner,ai_000,47487,513,0.0106875,42895,0.8936458333333334,42895,0.8936458333333334,3417,9319.905995325036,173837.77773454206,0.0,0.0,0.0,0.0,7581.399999999994,123556.19999999952,16512852.0,47.32186174614665,,133.64648637624066
train_inner,aj_000,47487,513,0.0106875,37525,0.7817708333333333,37525,0.7817708333333333,792,1066.4130814749299,50329.48640943813,0.0,0.0,0.0,0.0,216.0,1008.8399999999965,5629340.0,79.59012466876844,,5580.012687839519
train_inner,ak_000,44478,3522,0.073375,44186,0.9205416666666667,44186,0.9205416666666667,132,1119.1032420522506,83960.48414592228,0.0,0.0,0.0,0.0,0.0,0.0,10444924.0,104.26416534158558,,
train_inner,al_000,47481,519,0.0108125,30092,0.6269166666666667,30092,0.6269166666666667,7861,59720.26616962574,548538.6625529225,0.0,0.0,0.0,0.0,144912.0,1421058.0,34762578.0,29.21969282876962,,24.46246247514176
train_inner,am_0,47487,513,0.0106875,29942,0.6237916666666666,29942,0.6237916666666666,9173,94061.72775707036,860500.7371523859,0.0,0.0,0.0,0.0,226632.0,2171528.0,55903508.0,28.447765290814893,,25.743857781248963
train_inner,an_000,47481,519,0.0108125,111,0.0023125,111,0.0023125,40101,3442907.7776794927,7776671.565400307,0.0,3717.6,8554.0,1917814.0,12589998.0,44781029.59999995,140861830.0,5.642848741169489,23.350037907742852,3.1455692568533564
train_inner,ao_000,47515,485,0.010104166666666666,120,0.0025,120,0.0025,39743,2986154.931958329,6805411.651341524,0.0,1886.28,6158.0,1643584.0,10966150.999999985,38767180.0,122201822.0,5.742785522255942,23.58697821346521,3.152197864275916
train_inner,ap_000,47481,519,0.0108125,97,0.0020208333333333332,97,0.0020208333333333332,37599,999015.3419262442,3088321.1218378,0.0,3389.2,6866.0,356342.0,3473758.0,15923546.399999924,77934944.0,7.9375537433042185,44.686134107121596,4.8943207776880895
train_inner,aq_000,47515,485,0.010104166666666666,192,0.004,192,0.004,29703,439918.57396611595,1260808.7814342438,0.0,76.0,372.0,177994.0,1510849.399999999,6569014.640000007,25562646.0,7.954108319373971,36.90582064563978,3.8913973253072203
train_inner,ar_000,45830,2170,0.045208333333333336,43959,0.9158125,43959,0.9158125,66,0.4957887846388828,5.604450432839835,0.0,0.0,0.0,0.0,0.0,12.0,350.0,28.788419988037877,,29.166666666666668
train_inner,as_000,47487,513,0.0106875,47469,0.9889375,47469,0.9889375,18,137.91665087287046,11978.46774333169,0.0,0.0,0.0,0.0,0.0,0.0,1655240.0,106.45965241019087,,
train_inner,at_000,47487,513,0.0106875,42713,0.8898541666666666,42713,0.8898541666666666,3044,5034.115273653842,117662.94760427176,0.0,0.0,0.0,0.0,3645.399999999994,51822.719999999914,10400504.0,58.800910407724245,,200.69390414088681
train_inner,au_000,47487,513,0.0106875,47436,0.98825,47436,0.98825,49,229.56560742940172,16318.788454632111,0.0,0.0,0.0,0.0,0.0,0.0,2626676.0,114.22724740527858,,
train_inner,av_000,46013,1987,0.04139583333333333,7947,0.1655625,7947,0.1655625,3534,1123.4188598874232,6851.041326215008,0.0,0.0,0.0,116.0,4109.200000000012,15145.999999999869,794458.0,49.717820615468575,130.56896551724026,52.453321008847674
train_inner,ax_000,46012,1988,0.041416666666666664,8128,0.16933333333333334,8128,0.16933333333333334,2050,376.4714422324611,1519.6227826128666,0.0,0.0,0.0,66.0,1504.0,5221.779999999999,116652.0,22.765120785212236,79.11787878787877,22.33950874988989
train_inner,ay_000,47475,525,0.0109375,47019,0.9795625,47019,0.9795625,383,12186.184644549763,470677.50742422935,0.0,0.0,0.0,0.0,0.0,0.0,50553892.0,61.73282978685175,,
train_inner,ay_001,47475,525,0.0109375,46565,0.9701041666666667,46565,0.9701041666666667,755,10428.884507635597,555251.6420805391,0.0,0.0,0.0,0.0,0.0,10298.0,80525378.0,102.7581819256961,,7819.5162167411145
train_inner,ay_002,47475,525,0.0109375,46539,0.9695625,46539,0.9695625,813,11501.368425487099,451069.1177845343,0.0,0.0,0.0,0.0,0.0,9557.040000000008,28474838.0,51.94829119986087,,2979.462051011608
train_inner,ay_003,47475,525,0.0109375,46467,0.9680625,46467,0.9680625,863,7428.570868878357,214038.02562867076,0.0,0.0,0.0,0.0,0.0,15404.0,13945170.0,40.21321510852547,,905.2953778239419
train_inner,ay_004,47475,525,0.0109375,45735,0.9528125,45735,0.9528125,1467,10206.918883622959,310672.30174364883,0.0,0.0,0.0,0.0,0.0,20658.600000000224,30868706.0,50.31139747995655,,1494.230296341459
train_inner,ay_005,47475,525,0.0109375,24206,0.5042916666666667,24206,0.5042916666666667,16915,109437.67625065825,1308808.008332194,0.0,0.0,0.0,0.0,259509.7999999998,1093408.0,89966952.0,34.72927246063676,,82.28122713570781
train_inner,ay_006,47475,525,0.0109375,13321,0.2775208333333333,13321,0.2775208333333333,28861,1072785.2152080042,3317147.4580196636,0.0,0.0,0.0,168384.0,3568957.799999986,10104110.600000087,127680326.0,13.338549508245052,60.0063580862795,12.636473516036029
train_inner,ay_007,47475,525,0.0109375,5979,0.1245625,5979,0.1245625,32431,1538707.2613796736,5175554.618919694,0.0,0.0,0.0,345488.0,5708577.599999989,22698950.52000007,489678156.0,24.07074325112592,65.70112571203651,21.572722296942498
train_inner,ay_008,47475,525,0.0109375,3970,0.08270833333333333,3970,0.08270833333333333,32002,1055631.9103949447,4015515.7630913802,0.0,0.0,0.0,95076.0,4055646.799999995,19422866.320000004,104166112.0,9.56254747184458,204.28779418570412,5.363065897886486
train_inner,ay_009,47475,525,0.0109375,47040,0.98,47040,0.98,370,1287.9197893628225,108488.26121757299,0.0,0.0,0.0,0.0,0.0,0.0,18824656.0,145.90057707502393,,
train_inner,az_000,47475,525,0.0109375,865,0.018020833333333333,865,0.018020833333333333,8252,7833.169541864139,77407.91941363664,0.0,0.0,60.0,2100.0,21034.0,98848.40000000008,10124620.0,71.06218867399124,47.0706666666667,102.42573476151351
train_inner,az_001,47475,525,0.0109375,1162,0.02420833333333333,1162,0.02420833333333333,6596,4367.898557135334,34830.28415241663,0.0,0.0,6.0,638.0,13805.599999999948,65004.40000000049,4530258.0,62.750822657695785,101.88777429467162,69.69155934059796
train_inner,az_002,47475,525,0.0109375,1016,0.021166666666666667,1016,0.021166666666666667,8071,7754.5938283307005,92499.9305476265,0.0,0.0,10.0,1014.0,21897.799999999974,107424.44000000019,14217662.0,95.0056677862074,105.94126232741637,132.35034783518512
train_inner,az_003,47475,525,0.0109375,935,0.019479166666666665,935,0.019479166666666665,18655,85012.18666666666,644334.6602224442,0.0,0.0,16.0,3554.0,312613.39999999834,943303.0400000036,45584242.0,34.689092018704656,265.4201012943173,48.324069855642385
train_inner,az_004,47475,525,0.0109375,905,0.01885416666666667,905,0.01885416666666667,28766,1469955.7532596104,4205855.510033867,0.0,0.0,38.0,80784.0,5195521.199999992,19743248.520000104,123047106.0,9.057933700696008,244.3955303030316,6.232363730586285
train_inner,az_005,47475,525,0.0109375,893,0.018604166666666668,893,0.018604166666666668,37342,2132932.156040021,6499994.6019133,0.0,0.0,840.0,530852.0,7983702.199999998,33501537.12,467832334.0,13.90691652729066,63.10899670718016,13.964503548725528
train_inner,az_006,47475,525,0.0109375,6926,0.14429166666666668,6926,0.14429166666666668,10725,103062.82999473407,927804.2852829779,0.0,0.0,0.0,294.0,129620.19999999872,2538280.5600000117,64589140.0,25.83277448308177,8633.607346938816,25.44602082915519
train_inner,az_007,47475,525,0.0109375,36137,0.7528541666666667,36137,0.7528541666666667,3302,17989.56524486572,296474.02534110646,0.0,0.0,0.0,0.0,5262.399999999965,335488.00000000675,39158218.0,64.68500576743256,,116.72017479015408
train_inner,az_008,47475,525,0.0109375,43427,0.9047291666666667,43427,0.9047291666666667,1088,667.8634649815692,15516.922113240425,0.0,0.0,0.0,0.0,6.0,6517.560000000012,1947884.0,65.3165411118194,,298.8670606791493
train_inner,az_009,47475,525,0.0109375,46003,0.9583958333333333,46003,0.9583958333333333,278,47.87934702474987,3628.4429821974495,0.0,0.0,0.0,0.0,0.0,22.0,666148.0,147.73532295443587,,30279.454545454544
train_inner,ba_000,47460,540,0.01125,859,0.017895833333333333,859,0.017895833333333333,37573,1396473.825495154,3806945.8277100055,0.0,0.0,3725.9000000000005,678385.0,4875446.399999982,18277827.07999989,232871714.0,11.975881895148225,26.943147445771782,12.740667311313759
train_inner,ba_001,47460,540,0.01125,895,0.018645833333333334,895,0.018645833333333334,33719,892319.9698272229,2352223.8374701324,0.0,0.0,262.0,442983.0,3055278.2999999914,12250563.879999995,116283282.0,9.989408807602985,27.65470431145212,9.492075886387692
train_inner,ba_002,47460,540,0.01125,922,0.019208333333333334,922,0.019208333333333334,30473,413172.14787189214,1202430.1247253045,0.0,0.0,86.0,185757.0,1419640.0,6155312.379999996,55807388.0,9.4464024316414,33.13636837373556,9.066540340232097
train_inner,ba_003,47460,540,0.01125,949,0.019770833333333335,949,0.019770833333333335,27954,273517.7115887063,750480.4579843223,0.0,0.0,60.0,133890.0,922921.8999999858,3886522.879999985,36931418.0,9.765253303670598,29.02773082381048,9.502431643989226
train_inner,ba_004,47460,540,0.01125,974,0.020291666666666666,974,0.020291666666666666,26085,204046.32267172355,536965.1752137805,0.0,0.0,30.0,101894.0,697360.2999999985,2727800.459999993,25158556.0,9.519638875559602,26.770962568944128,9.223019194006612
train_inner,ba_005,47460,540,0.01125,1057,0.022020833333333333,1057,0.022020833333333333,25036,187227.62751790983,498606.4719328827,0.0,0.0,20.0,83971.0,664993.4999999997,2384632.0,19208664.0,9.599543529341588,28.398280358695263,8.055190067062759
train_inner,ba_006,47460,540,0.01125,1590,0.033125,1590,0.033125,24764,208192.99376316898,623203.5443214325,0.0,0.0,12.0,69889.0,722978.0999999995,2523660.719999997,18997660.0,10.545215878484987,36.10955543790864,7.527818557163272
train_inner,ba_007,47460,540,0.01125,6421,0.13377083333333334,6421,0.13377083333333334,21221,184804.71348504003,524759.5000409688,0.0,0.0,0.0,4583.0,744325.9999999998,2177206.999999983,14314086.0,9.06378052154247,475.0615317477597,6.574517719261473
train_inner,ba_008,47460,540,0.01125,19823,0.4129791666666667,19823,0.4129791666666667,10061,35583.19911504425,235255.36047298985,0.0,0.0,0.0,22.0,149474.29999999912,774011.5799999968,31265984.0,55.9880982025153,35182.3445454544,40.39472381020466
train_inner,ba_009,47460,540,0.01125,31706,0.6605416666666667,31706,0.6605416666666667,5722,36403.942225031606,351799.6386639975,0.0,0.0,0.0,0.0,83619.99999999983,850494.9999999943,43706408.0,51.70740401399335,,51.389376774702136
train_inner,bb_000,47478,522,0.010875,92,0.0019166666666666666,92,0.0019166666666666666,40950,4501732.439487763,10864331.949662061,0.0,10882.16,18198.0,2359151.0,16154326.400000004,63011769.04000029,192871534.0,5.946427603123681,26.70951076891657,3.0608811169475953
train_inner,bc_000,45829,2171,0.04522916666666667,15405,0.3209375,15405,0.3209375,2544,574.7740513648563,4245.006072862425,0.0,0.0,0.0,16.0,1993.5999999999913,10871.200000000012,396952.0,45.295596116373346,679.4500000000007,36.51409228052097
train_inner,bd_000,45828,2172,0.04525,3207,0.0668125,3207,0.0668125,3237,932.7207820546391,5054.89491934134,0.0,0.0,0.0,66.0,3445.300000000003,15841.900000000096,306452.0,23.900236472380488,240.02878787878933,19.344396821088264
train_inner,be_000,46013,1987,0.04139583333333333,5575,0.11614583333333334,5575,0.11614583333333334,3558,1378.6682893964748,9504.950590290138,0.0,0.0,0.0,180.0,4174.8000000000175,23151.03999999998,810568.0,40.351920207154045,128.61688888888878,35.01216360042576
train_inner,bf_000,46014,1986,0.041375,20227,0.42139583333333336,20227,0.42139583333333336,989,74.18681270917547,521.6348771321803,0.0,0.0,0.0,2.0,240.0,1481.7400000000052,51050.0,36.045148745849716,740.8700000000026,34.452737997219366
train_inner,bg_000,47481,519,0.0108125,115,0.002395833333333333,115,0.002395833333333333,36571,1801627.3573429373,4182037.9476909963,0.0,674.0,1804.0,1001642.0,6723240.0,23976781.599999975,74247318.0,5.6065771988337385,23.937476263974528,3.0966340369885206
train_inner,bh_000,47481,519,0.0108125,111,0.0023125,111,0.0023125,21885,57648.68692740254,152034.94674383776,0.0,71.60000000000002,138.0,26322.0,210218.0,828560.7999999989,3176040.0,6.849688902587179,31.47788161993765,3.833200894852863
train_inner,bi_000,47515,485,0.010104166666666666,99,0.0020625,99,0.0020625,35657,487903.6093865095,1468276.8138265414,0.0,1220.28,3743.4000000000005,179960.0,1755981.1999999948,7608998.400000002,44937496.0,9.348456614809827,42.28160924649924,5.905835911333611
train_inner,bj_000,47515,485,0.010104166666666666,119,0.002479166666666667,119,0.002479166666666667,32621,508318.3972640219,1829854.554977318,0.0,756.28,1710.0,154054.0,1684346.3999999932,8431099.360000005,45736316.0,9.756211119575724,54.72820803095022,5.4247155735097365
train_inner,bk_000,29555,18445,0.38427083333333334,414,0.008625,414,0.008625,11809,280139.67721197766,260798.30468763816,0.0,0.0,109874.0,210720.0,1310700.0,1310700.0,1310700.0,3.209742288668446,6.2201025056947605,1.0
train_inner,bl_000,26155,21845,0.45510416666666664,832,0.017333333333333333,832,0.017333333333333333,10912,320751.9411202447,318673.38385570183,0.0,0.0,106440.0,222800.0,1310700.0,1310700.0,1310700.0,2.4871667302150273,5.882854578096948,1.0
train_inner,bm_000,16254,31746,0.661375,993,0.0206875,993,0.0206875,7886,399268.2367417251,407156.3916712276,0.0,0.0,0.0,239370.0,1310700.0,1310700.0,1310700.0,1.609118987237818,5.47562351171826,1.0
train_inner,bn_000,12699,35301,0.7354375,1153,0.024020833333333335,1153,0.024020833333333335,6067,462246.1815891015,463899.2631787164,0.0,0.0,0.0,251280.0,1310700.0,1310700.0,1310700.0,1.1426777017951728,5.216093600764088,1.0
train_inner,bo_000,10854,37146,0.773875,1218,0.025375,1218,0.025375,4945,511674.9824949327,497023.5983782628,0.0,0.0,0.0,270070.0,1310700.0,1310700.0,1310700.0,0.8643112342608666,4.853186210982338,1.0
train_inner,bp_000,9756,38244,0.79675,1311,0.0273125,1311,0.0273125,4191,549015.0758507585,519651.34943563474,0.0,0.0,0.0,286640.0,1310700.0,1310700.0,1310700.0,0.6720288362037826,4.572634663689645,1.0
train_inner,bq_000,8975,39025,0.8130208333333333,1413,0.0294375,1413,0.0294375,3575,579578.4066852367,537047.8890567151,0.0,0.0,0.0,302380.0,1310700.0,1310700.0,1310700.0,0.5211966215559031,4.334612077518354,1.0
train_inner,br_000,8562,39438,0.821625,1470,0.030625,1470,0.030625,3185,601055.9402008876,547267.5935060168,0.0,0.0,0.0,315740.0,1310700.0,1310700.0,1310700.0,0.42285173234376217,4.15120035472224,1.0
train_inner,bs_000,47416,584,0.012166666666666666,103,0.0021458333333333334,103,0.0021458333333333334,12037,80409.33566728531,84783.92934613318,0.0,1963.0000000000007,5580.0,50520.0,242165.0,376504.9999999999,1037240.0,2.0425003905471835,7.452593032462389,2.7549169333740595
train_inner,bt_000,47873,127,0.0026458333333333334,111,0.0023125,111,0.0023125,38002,59096.37409291249,144724.17680666142,0.0,4.06,10.21,30833.61,218824.14600000088,820072.3827999989,2746564.83,6.171015168874105,26.59670349336321,3.349173667600313
train_inner,bu_000,47445,555,0.0115625,92,0.0019166666666666666,92,0.0019166666666666666,40921,4491509.612013911,10837256.525961908,0.0,10879.52,18191.600000000002,2357526.0,16059170.0,62924095.67999998,192871534.0,5.953248733802761,26.690732437309272,3.0651459018314187
train_inner,bv_000,47445,555,0.0115625,92,0.0019166666666666666,92,0.0019166666666666666,40918,4491510.177089261,10837257.467643782,0.0,10879.52,18191.600000000002,2357526.0,16059170.0,62924095.67999998,192871534.0,5.953248220477111,26.690732437309272,3.0651459018314187
train_inner,bx_000,45393,2607,0.0543125,0,0.0,0,0.0,42727,4102021.191549358,10349614.812268559,176.0,258.0,17836.4,2259688.0,13640487.200000007,60985100.88000003,186353854.0,6.371602074610056,26.988283727665074,3.055727568061045
train_inner,by_000,47627,373,0.007770833333333334,965,0.020104166666666666,965,0.020104166666666666,19765,21908.907111512377,53528.30876467066,0.0,0.0,19.0,12616.0,76817.19999999995,290730.0399999995,1002003.0,6.988278567348657,23.04454977805957,3.4465065942274205
train_inner,bz_000,45830,2170,0.045208333333333336,11083,0.23089583333333333,11083,0.23089583333333333,14356,101018.19467597644,629419.2987584481,0.0,0.0,0.0,1036.0,391626.89999999705,1941242.0,40542588.0,19.72420420232097,1873.7857142857142,20.884870613761706
train_inner,ca_000,44518,3482,0.07254166666666667,94,0.001958333333333333,94,0.001958333333333333,25025,39178.24412597152,36775.817605209486,0.0,758.0,1582.0,25507.0,110141.80000000002,118783.66,120956.0,0.7218153930724435,4.656904379190026,1.0182882056336704
train_inner,cb_000,47416,584,0.012166666666666666,94,0.001958333333333333,94,0.001958333333333333,26560,405974.2614307407,369720.2356250107,0.0,8323.0,16900.0,279700.0,1107160.0,1189334.0,1209520.0,0.663676184108073,4.252177332856632,1.0169725241185403
train_inner,cc_000,45395,2605,0.05427083333333333,688,0.014333333333333333,688,0.014333333333333333,36645,3794359.459808349,9621976.229141476,0.0,0.0,5187.400000000001,2109774.0,12490300.19999999,55445202.599999815,148615188.0,6.379517459694839,26.280162045792494,2.6803976003507377
train_inner,cd_000,47455,545,0.011354166666666667,0,0.0,0,0.0,1,1209600.0,0.0,1209600.0,1209600.0,1209600.0,1209600.0,1209600.0,1209600.0,1209600.0,0.0,1.0,1.0
train_inner,ce_000,46011,1989,0.0414375,9437,0.19660416666666666,9437,0.19660416666666666,19076,64568.37078090022,143867.67479437598,0.0,0.0,0.0,3436.0,230177.0,609011.6000000058,4908098.0,8.288403637061782,177.24435389988528,8.059120712971565
train_inner,cf_000,36130,11870,0.24729166666666666,17187,0.3580625,17187,0.3580625,461,237645.3502906172,45161752.79269758,0.0,0.0,0.0,2.0,8.0,414.0,8584297736.0,190.07893055226555,207.0,20735018.685990337
train_inner,cg_000,36130,11870,0.24729166666666666,2336,0.048666666666666664,2336,0.048666666666666664,592,91.55272626626072,381.4007309064227,0.0,0.0,0.0,46.0,256.0,696.0,21400.0,29.818604824826114,15.130434782608695,30.74712643678161
train_inner,ch_000,36130,11870,0.24729166666666666,36122,0.7525416666666667,36122,0.7525416666666667,2,0.0004428452809299751,0.029757670593653206,0.0,0.0,0.0,0.0,0.0,0.0,2.0,67.18351732419912,,
train_inner,ci_000,47713,287,0.0059791666666666665,178,0.0037083333333333334,178,0.0037083333333333334,38430,3463449.9057330284,8317041.046965616,0.0,823.7951999999999,1848.96,1860244.8,12838821.888000011,47977849.574399516,140986129.92,5.886034994905268,25.791148334025454,2.938567092328138
train_inner,cj_000,47713,287,0.0059791666666666665,37678,0.7849583333333333,37678,0.7849583333333333,6391,104862.72459832749,1153965.9942433955,0.0,0.0,0.0,0.0,74079.93600000018,2171653.7855999954,60949671.36,21.61293048258332,,28.06601667547137
train_inner,ck_000,47713,287,0.0059791666666666665,154,0.0032083333333333334,154,0.0032083333333333334,37848,713044.4493190536,2193539.4895724296,0.0,1093.44,2717.76,249199.68,2599093.056000001,10607485.286399908,55428669.12,8.862473110319005,42.566207494327074,5.225429743566679
train_inner,cl_000,40380,7620,0.15875,29498,0.6145416666666667,29498,0.6145416666666667,860,356.4178306092125,4835.85172561582,0.0,0.0,0.0,0.0,126.09999999999127,2745.2599999999948,130560.0,19.385946351273724,,47.558336915264945
train_inner,cm_000,40108,7892,0.16441666666666666,19365,0.4034375,19365,0.4034375,1927,339.75271766231174,1672.3522744592096,0.0,0.0,0.0,8.0,1342.0,5938.880000000005,73370.0,16.148171824565207,742.3600000000006,12.354181259766142
train_inner,cn_000,47461,539,0.011229166666666667,45844,0.9550833333333333,45844,0.9550833333333333,1299,2442.294641916521,64414.64992741399,0.0,0.0,0.0,0.0,0.0,15076.400000000125,6278490.0,55.351075302666004,,416.44490727228964
train_inner,cn_001,47461,539,0.011229166666666667,40393,0.8415208333333334,40393,0.8415208333333334,4628,21938.435094077242,251531.4336897521,0.0,0.0,0.0,0.0,18834.0,486491.200000001,14512994.0,29.659016805716806,,29.831976405739653
train_inner,cn_002,47461,539,0.011229166666666667,24552,0.5115,24552,0.5115,12757,161697.85015065002,1065888.5639917338,0.0,0.0,0.0,0.0,515644.0,4171098.4000000046,58508606.0,15.727099557242623,,14.027145943140525
train_inner,cn_003,47461,539,0.011229166666666667,2059,0.042895833333333334,2059,0.042895833333333334,29224,531570.1750489876,2216744.5961463833,0.0,0.0,54.0,34624.0,2158674.0,10257612.800000146,94979324.0,10.837809878670047,296.2573012939044,9.2593984440511
train_inner,cn_004,47461,539,0.011229166666666667,873,0.0181875,873,0.0181875,35393,1276985.266682118,3359152.3462238233,0.0,0.0,1388.0,518012.0,4630858.0,17265572.000000097,169869316.0,9.435977688486526,33.33044794329108,9.838615019531298
train_inner,cn_005,47461,539,0.011229166666666667,928,0.019333333333333334,928,0.019333333333333334,32362,1335708.2533448515,3142251.634605617,0.0,0.0,410.0,702548.0,4259498.0,15733745.600000054,117815764.0,8.559935753588983,22.395260679697408,7.48809387130294
train_inner,cn_006,47461,539,0.011229166666666667,2165,0.04510416666666667,2165,0.04510416666666667,27289,409069.5520111249,1314271.9460926275,0.0,0.0,6.0,96266.0,1469946.0,4491492.800000007,72080406.0,18.782221932402983,46.65710427357538,16.048206956938657
train_inner,cn_007,47461,539,0.011229166666666667,7415,0.15447916666666667,7415,0.15447916666666667,19235,64932.83394787299,426000.92255862243,0.0,0.0,0.0,10010.0,182190.0,1033634.4000000058,33143734.0,27.793612862091784,103.2601798201804,32.0652389278064
train_inner,cn_008,47461,539,0.011229166666666667,12297,0.2561875,12297,0.2561875,9173,19710.986536314027,194420.73111004377,0.0,0.0,0.0,1858.0,26802.0,293668.80000000005,7541716.0,21.38733687395221,158.0564047362756,25.681025699699795
train_inner,cn_009,47461,539,0.011229166666666667,20781,0.4329375,20781,0.4329375,2717,7676.439771601947,252372.6276995981,0.0,0.0,0.0,26.0,2034.0,45676.4000000009,36398374.0,108.54448057448549,1756.78461538465,796.8748412746908
train_inner,co_000,36130,11870,0.24729166666666666,10263,0.2138125,10263,0.2138125,1702,237939.9475228342,45161751.370879404,0.0,0.0,0.0,8.0,1264.0,5552.779999999984,8584297742.0,190.07892933342728,694.097499999998,1545945.948155703
train_inner,cp_000,45830,2170,0.045208333333333336,7570,0.15770833333333334,7570,0.15770833333333334,2084,591.8005673139864,8402.452648247257,0.0,0.0,0.0,14.0,1384.0,7452.13999999997,496360.0,38.471453649769295,532.2957142857122,66.60637078745192
train_inner,cq_000,47445,555,0.0115625,92,0.0019166666666666666,92,0.0019166666666666666,40919,4491510.039371904,10837256.882865956,0.0,10879.52,18191.600000000002,2357526.0,16059170.0,62924095.67999998,192871534.0,5.953248370556986,26.690732437309272,3.0651459018314187
train_inner,cr_000,10969,37031,0.7714791666666667,10910,0.22729166666666667,10910,0.22729166666666667,58,39.13611085787218,1048.0775494979916,0.0,0.0,0.0,0.0,0.0,0.0,57450.0,38.705208255662654,,
train_inner,cs_000,47476,524,0.010916666666666667,860,0.017916666666666668,860,0.017916666666666668,8518,5449.84897632488,10385.844551136006,0.0,0.0,158.0,3194.0,17481.5,48951.5,839240.0,16.07588822568558,15.32608015028178,17.1443163130854
train_inner,cs_001,47476,524,0.010916666666666667,992,0.020666666666666667,992,0.020666666666666667,3004,786.8721459263628,3054.248044019262,0.0,0.0,6.0,360.0,2684.0,10053.0,438806.0,71.04201537234886,27.925,43.64925892768328
train_inner,cs_002,47476,524,0.010916666666666667,922,0.019208333333333334,922,0.019208333333333334,24144,239208.99873620356,1237363.7691218483,0.0,0.0,12.0,20680.0,800010.0,4561514.5,46085940.0,13.909046463370535,220.57613636363635,10.10321023861702
train_inner,cs_003,47476,524,0.010916666666666667,947,0.019729166666666666,947,0.019729166666666666,29838,355140.87930743955,1110057.351064035,0.0,0.0,10.0,121225.0,1294668.0,4853539.0,30972766.0,10.53248336871279,40.03744277170551,6.3814808122485465
train_inner,cs_004,47476,524,0.010916666666666667,972,0.02025,972,0.02025,29337,440353.03066812706,2064532.4698400612,0.0,0.0,60.0,90864.0,1363488.0,8800686.0,74860628.0,12.558322024881583,96.85558637083993,8.50622644643838
train_inner,cs_005,47476,524,0.010916666666666667,895,0.018645833333333334,895,0.018645833333333334,35747,2227565.776434409,5635984.7687527975,0.0,0.0,836.0,1222298.0,8031823.0,30025215.5,379142116.0,11.974006723088664,24.56456240622172,12.627456945313181
train_inner,cs_006,47476,524,0.010916666666666667,882,0.018375,882,0.018375,34491,545934.6840087624,1202101.5861055776,0.0,0.0,632.0,240043.0,1891663.0,4772062.0,73741974.0,15.944929043099267,19.88002982798915,15.452853294864987
train_inner,cs_007,47476,524,0.010916666666666667,4072,0.08483333333333333,4072,0.08483333333333333,15704,14893.47767292948,88560.6620120014,0.0,0.0,0.0,6104.0,50271.5,114006.0,12884218.0,129.84254806909513,18.677260812581913,113.01350806097925
train_inner,cs_008,47476,524,0.010916666666666667,11230,0.23395833333333332,11230,0.23395833333333332,742,235.1180385879181,11349.40607999864,0.0,0.0,0.0,46.0,434.0,886.0,1584558.0,108.76857231109696,19.26086956521739,1788.4401805869074
train_inner,cs_009,47476,524,0.010916666666666667,45164,0.9409166666666666,45164,0.9409166666666666,50,973.5492459347881,206094.7040144338,0.0,0.0,0.0,0.0,0.0,6.0,44902992.0,217.84661000052756,,7483832.0
train_inner,ct_000,36979,11021,0.22960416666666666,1751,0.03647916666666667,1751,0.03647916666666667,2405,759.8473187484789,6000.959247977194,0.0,0.0,2.0,208.0,2508.399999999994,7206.360000000044,910366.0,104.87065244924035,34.64596153846175,126.32813237195955
train_inner,cu_000,36979,11021,0.22960416666666666,1739,0.036229166666666666,1739,0.036229166666666666,3227,1241.8067551853756,8177.3243237480565,0.0,0.0,2.0,274.0,4104.0,14603.920000000042,733688.0,43.29908570940176,53.298978102189935,50.239113881752154
train_inner,cv_000,36979,11021,0.22960416666666666,813,0.0169375,813,0.0169375,27793,1930601.0772600665,3688173.656289314,0.0,0.0,1200.0,1176594.0,6405911.999999998,16420475.920000056,81610510.0,7.1037810194181965,13.95594055383595,4.970045350549117
train_inner,cx_000,36979,11021,0.22960416666666666,1319,0.027479166666666666,1319,0.027479166666666666,21550,354382.5074772168,1536298.872284531,0.0,0.0,22.0,44736.0,1352550.7999999996,6548660.0,44105494.0,11.223639686652696,146.38456723891272,6.735041061835551
train_inner,cy_000,36979,11021,0.22960416666666666,31613,0.6586041666666667,31613,0.6586041666666667,659,296.5008788772006,9365.548561027095,0.0,0.0,0.0,0.0,74.0,1045.320000000007,931472.0,63.53950982377972,,891.0878965292865
train_inner,cz_000,36979,11021,0.22960416666666666,7335,0.1528125,7335,0.1528125,9437,20093.987398253063,267112.3360981529,0.0,0.0,0.0,202.0,75052.59999999999,230601.4400000004,19156530.0,52.913117112688084,1141.5912871287148,83.07203112001368
train_inner,da_000,36979,11021,0.22960416666666666,36534,0.761125,36534,0.761125,238,7.828551339949701,206.26653305948352,0.0,0.0,0.0,0.0,0.0,48.44000000000233,21006.0,60.82283501493471,,433.64987613540444
train_inner,db_000,36979,11021,0.22960416666666666,22173,0.4619375,22173,0.4619375,134,13.469104086102924,78.71247743420227,0.0,0.0,0.0,0.0,54.0,90.0,9636.0,82.65549403420879,,107.06666666666666
train_inner,dc_000,36979,11021,0.22960416666666666,813,0.0169375,813,0.0169375,27979,2205315.7023175317,4159133.6745864977,0.0,0.0,1716.0,1734770.0,7036856.599999999,19134725.24000004,120759484.0,7.31603559368608,11.030122287104366,6.311012177355924
train_inner,dd_000,46011,1989,0.0414375,687,0.0143125,687,0.0143125,5973,3128.442676751212,9552.570370052255,0.0,0.0,34.0,1352.0,10873.0,39915.80000000032,445142.0,12.53864940843424,29.52352071005941,11.152025012651542
train_inner,de_000,45829,2171,0.04522916666666667,684,0.01425,684,0.01425,1731,374.9021798424578,1744.0209296397688,0.0,0.0,28.0,142.0,1122.0,4023.5200000000186,176176.0,39.74668844885903,28.334647887324074,43.78653517318149
train_inner,df_000,44795,3205,0.06677083333333333,43956,0.91575,43956,0.91575,341,2454.040629534546,109716.06402586465,0.0,0.0,0.0,0.0,0.0,390.0,16274770.0,93.484000133168,,41730.179487179485
train_inner,dg_000,44795,3205,0.06677083333333333,43546,0.9072083333333333,43546,0.9072083333333333,1064,5576.794865498381,214372.42660051576,0.0,0.0,0.0,0.0,0.0,17231.919999999925,27064294.0,80.7951703668633,,1570.5907409040965
train_inner,dh_000,44796,3204,0.06675,39197,0.8166041666666667,39197,0.8166041666666667,935,5545.737565854094,626111.0287920687,0.0,0.0,0.0,0.0,340.0,10732.500000000146,124700880.0,181.7330071824609,,11618.996505939745
train_inner,di_000,44797,3203,0.06672916666666667,36519,0.7608125,36519,0.7608125,4720,38156.59423622118,437967.4818001907,0.0,0.0,0.0,0.0,47761.999999999825,713632.0800000032,22987424.0,24.57410138962656,,32.21187029596525
train_inner,dj_000,44796,3204,0.06675,44648,0.9301666666666667,44648,0.9301666666666667,61,43.96173765514778,4974.485456921257,0.0,0.0,0.0,0.0,0.0,0.0,726750.0,140.82903125350953,,
train_inner,dk_000,44796,3204,0.06675,44550,0.928125,44550,0.928125,208,1727.2627020269667,62383.32674191633,0.0,0.0,0.0,0.0,0.0,0.0,4164980.0,45.42498437477481,,
train_inner,dl_000,44796,3204,0.06675,44617,0.9295208333333334,44617,0.9295208333333334,151,27231.120859005267,1021219.863779062,0.0,0.0,0.0,0.0,0.0,0.0,87475810.0,50.31047221121017,,
train_inner,dm_000,44795,3205,0.06677083333333333,44588,0.9289166666666666,44588,0.9289166666666666,184,7517.567987498604,271349.9517220813,0.0,0.0,0.0,0.0,0.0,0.0,23697916.0,52.320693068419516,,
train_inner,dn_000,47445,555,0.0115625,92,0.0019166666666666666,92,0.0019166666666666666,18584,33590.308694277584,97593.0227934549,0.0,74.0,144.0,14306.0,116919.19999999972,492290.9599999975,2924584.0,8.695123119876461,34.4115028659302,5.940763161687988
train_inner,do_000,45830,2170,0.045208333333333336,10628,0.22141666666666668,10628,0.22141666666666668,17933,28324.34113026402,60441.11300321295,0.0,0.0,0.0,10526.0,99552.39999999997,247236.2199999999,1874542.0,9.218322888010395,23.488145544366322,7.581987784799495
train_inner,dp_000,45829,2171,0.04522916666666667,10211,0.21272916666666666,10211,0.21272916666666666,10592,6933.68657400336,13771.34257727241,0.0,0.0,0.0,2560.0,27867.199999999983,55914.64000000025,348118.0,7.2902414125419375,21.841656250000096,6.225882881477882
train_inner,dq_000,45829,2171,0.04522916666666667,35489,0.7393541666666666,35489,0.7393541666666666,6875,4587726.590281263,98121432.8551841,0.0,0.0,0.0,0.0,4684974.799999994,36714109.520000115,6351872864.0,35.56247677092573,,173.00904058533135
train_inner,dr_000,45828,2172,0.04525,35380,0.7370833333333333,35380,0.7370833333333333,5663,204325.7323906782,1347906.8730604204,0.0,0.0,0.0,0.0,690450.0,5201284.760000014,39461804.0,12.079044316021028,,7.586933963600158
train_inner,ds_000,45828,2172,0.04525,2093,0.043604166666666666,2093,0.043604166666666666,22657,89372.34773500917,205347.05021814987,0.0,0.0,8.0,48148.0,300753.00000000023,1051994.1200000008,4970962.0,7.199830433166296,21.849175874387324,4.725275460665118
train_inner,dt_000,45828,2172,0.04525,2003,0.041729166666666664,2003,0.041729166666666664,14292,15369.254211399144,33378.711647847915,0.0,0.0,4.0,8338.0,52833.500000000044,175063.56000000183,623562.0,6.911624659844905,20.9958695130729,3.5619177400482056
train_inner,du_000,45828,2172,0.04525,2602,0.05420833333333333,2602,0.05420833333333333,24219,4054315.8623548923,11379018.202372037,0.0,0.0,0.0,186120.0,19210133.000000015,50528721.000000514,267104360.0,8.160594106314283,271.48463894262045,5.286188819226144
train_inner,dv_000,45828,2172,0.04525,2600,0.05416666666666667,2600,0.05416666666666667,25607,590853.435803439,2062409.12565762,0.0,0.0,0.0,30761.0,2497074.0,7535763.200000018,127034534.0,17.07530777352009,244.97783557101582,16.857553857318617
train_inner,dx_000,45830,2170,0.045208333333333336,31603,0.6583958333333333,31603,0.6583958333333333,12146,792806.4946977962,4123728.3111265907,0.0,0.0,0.0,0.0,3382888.2999999844,18058537.53999997,114288420.0,10.631171827984627,,6.328774949070444
train_inner,dy_000,45830,2170,0.045208333333333336,28960,0.6033333333333334,28960,0.6033333333333334,5469,7841.4161029893085,60724.94782738268,0.0,0.0,0.0,0.0,24838.79999999993,159968.41999999993,3793022.0,21.636377081685495,,23.711067471942286
train_inner,dz_000,45830,2170,0.045208333333333336,45596,0.9499166666666666,45596,0.9499166666666666,40,0.19314859262491818,10.61830476972311,0.0,0.0,0.0,0.0,0.0,0.0,1414.0,103.58363171656029,,
train_inner,ea_000,45830,2170,0.045208333333333336,45236,0.9424166666666667,45236,0.9424166666666667,120,1.3307440541130264,35.79025911149037,0.0,0.0,0.0,0.0,0.0,4.0,2956.0,46.851138221747284,,739.0
train_inner,eb_000,44796,3204,0.06675,17132,0.35691666666666666,17132,0.35691666666666666,23254,9777931.763996786,43186250.62478878,0.0,0.0,0.0,624050.0,40245932.5,142249594.00000027,1322456920.0,13.360200984685225,227.94582805864957,9.296735989278096
train_inner,ec_00,39821,8179,0.17039583333333333,1009,0.021020833333333332,1009,0.021020833333333332,26614,1347.1216428517619,3512.223006596497,0.0,0.0,0.82,752.92,3786.68,17109.72400000019,106020.22,9.872356804906907,22.724491313818458,6.1964892011115325
train_inner,ed_000,40380,7620,0.15875,1132,0.023583333333333335,1132,0.023583333333333335,3606,1446.7108469539376,3501.177888071962,0.0,0.0,28.0,828.0,4356.0,17227.539999999935,79512.0,8.76173376502944,20.80620772946852,4.6154006898257265
train_inner,ee_000,47475,525,0.0109375,859,0.017895833333333333,859,0.017895833333333333,35304,734228.0048025276,2443057.7746902197,0.0,0.0,3406.0,259744.0,2490643.199999999,10575914.000000034,74984446.0,10.618184100120633,40.71668257977098,7.090114953657884
train_inner,ee_001,47475,525,0.0109375,914,0.019041666666666665,914,0.019041666666666665,32521,780684.1313533438,2558998.0437887153,0.0,0.0,1180.0,345784.0,2557491.199999997,10358125.640000043,98224378.0,12.617532322824959,29.955479837123878,9.482833228116704
train_inner,ee_002,47475,525,0.0109375,1077,0.0224375,1077,0.0224375,29251,444954.64695102687,1168332.070927694,0.0,0.0,44.0,233636.0,1504222.1999999871,5719070.120000007,77933926.0,12.94408859975481,24.478548340153086,13.627027535028704
train_inner,ee_003,47475,525,0.0109375,1231,0.025645833333333333,1231,0.025645833333333333,27010,210416.23317535545,546448.8710399888,0.0,0.0,12.0,111980.0,710177.2,2434741.44,37758390.0,14.448942167219055,21.742645472405787,15.508172399612175
train_inner,ee_004,47475,525,0.0109375,1425,0.0296875,1425,0.0296875,29762,443912.66093733546,1176944.2333109672,0.0,0.0,20.0,221612.0,1524187.7999999963,4858293.4400000265,97152378.0,18.675851515439273,21.9225197191489,19.99722314014846
train_inner,ee_005,47475,525,0.0109375,2230,0.04645833333333333,2230,0.04645833333333333,30575,390642.1565455503,1098096.4050559408,0.0,0.0,4.0,190200.0,1281070.399999998,4464508.520000006,57435236.0,14.47718026803514,23.472705152471114,12.864850798851185
train_inner,ee_006,47475,525,0.0109375,3525,0.0734375,3525,0.0734375,26933,332982.7704265403,1074663.0161001931,0.0,0.0,0.0,92518.0,1206290.9999999977,4926453.640000003,31607814.0,10.477623567912,53.24859638124477,6.4159365559360015
train_inner,ee_007,47475,525,0.0109375,6290,0.13104166666666667,6290,0.13104166666666667,25823,346816.5182938389,1758701.9170967806,0.0,0.0,0.0,41190.0,980687.1999999995,6981440.200000006,119580108.0,16.593453864515133,169.49357125515917,17.128286510281917
train_inner,ee_008,47475,525,0.0109375,13840,0.28833333333333333,13840,0.28833333333333333,20579,136739.67911532384,435568.8594284741,0.0,0.0,0.0,3794.0,562619.599999998,1454107.5600000136,19267396.0,13.480826610759431,383.2650395361132,13.2503237931036
train_inner,ee_009,47475,525,0.0109375,25546,0.5322083333333333,25546,0.5322083333333333,8580,8234.502959452344,46626.21694944566,0.0,0.0,0.0,0.0,36796.399999999965,138041.76000000117,3810078.0,31.662969844521616,,27.60090859461635
train_inner,ef_000,45830,2170,0.045208333333333336,45625,0.9505208333333334,45625,0.9505208333333334,28,0.0967052149247218,4.5172634364050435,0.0,0.0,0.0,0.0,0.0,0.0,482.0,71.65243238286294,,
train_inner,eg_000,45830,2170,0.045208333333333336,45447,0.9468125,45447,0.9468125,46,0.22312895483307876,9.529646538916776,0.0,0.0,0.0,0.0,0.0,0.0,1146.0,86.22978334925621,,
valid,aa_000,12000,0,0.0,82,0.006833333333333334,82,0.006833333333333334,7378,60529.6395,148128.42231564422,0.0,2.0,10.0,30771.0,236052.7999999996,853176.7200000007,2220448.0,5.926809812328788,27.726649117675755,2.6025651520355573
valid,ab_000,2702,9298,0.7748333333333334,2167,0.18058333333333335,2167,0.18058333333333335,18,0.7253886010362695,3.5953319493447147,0.0,0.0,0.0,0.0,4.0,8.0,134.0,22.964222082038933,,16.75
valid,ac_000,11326,674,0.05616666666666666,1798,0.14983333333333335,1798,0.14983333333333335,1166,347279516.9920537,787020727.7952348,0.0,0.0,0.0,152.0,2130706434.0,2130706449.5,2130706614.0,1.825112593913627,14017805.58881579,1.0000000772044408
valid,ad_000,9009,2991,0.24925,411,0.03425,411,0.03425,1083,423.53846153846155,1326.2999567016798,0.0,0.0,2.0,126.0,1616.0,4181.360000000001,84106.0,31.810749553580965,33.18539682539683,20.11450819828955
valid,ae_000,11486,514,0.042833333333333334,11097,0.92475,11097,0.92475,133,5.2392477799059725,67.67835306043959,0.0,0.0,0.0,0.0,0.0,100.59999999999854,2572.0,22.12314492803674,,25.566600397614685
valid,af_000,11486,514,0.042833333333333334,11083,0.9235833333333333,11083,0.9235833333333333,154,9.570085321260665,142.4165593165008,0.0,0.0,0.0,0.0,0.0,184.0,7242.0,28.850912105832396,,39.358695652173914
valid,ag_000,11855,145,0.012083333333333333,11815,0.9845833333333334,11815,0.9845833333333334,35,94.22302825811894,5198.043139298534,0.0,0.0,0.0,0.0,0.0,0.0,536290.0,94.30459876986401,,
valid,ag_001,11855,145,0.012083333333333333,11707,0.9755833333333334,11707,0.9755833333333334,140,792.0067482075074,18939.450525614608,0.0,0.0,0.0,0.0,0.0,713.6399999999703,1467566.0,49.92246902773024,,2056.451432094699
valid,ag_002,11855,145,0.012083333333333333,11246,0.9371666666666667,11246,0.9371666666666667,582,8810.597047659216,132915.28031576643,0.0,0.0,0.0,0.0,44.599999999998545,109031.5199999965,7771682.0,30.55675552111261,,71.27922274219647
valid,ag_003,11855,145,0.012083333333333333,9315,0.77625,9315,0.77625,2145,87209.19915647406,732143.2673068084,0.0,0.0,0.0,0.0,105983.79999999801,2304916.5999999954,26729816.0,16.766878386513273,,11.596869058082211
valid,ag_004,11855,145,0.012083333333333333,266,0.022166666666666668,266,0.022166666666666668,6947,422798.15183466894,2182153.889485917,0.0,0.0,18.0,3924.0,1607450.7999999993,10685470.919999879,51446956.0,9.588345674396322,2723.106758409755,4.814664359219517
valid,ag_005,11855,145,0.012083333333333333,399,0.03325,399,0.03325,10483,1115153.5279628849,3191841.398177742,0.0,0.0,669.2000000000007,178662.0,4673368.999999991,16864672.959999908,71327916.0,7.073271693786334,94.39429179120299,4.229427761165455
valid,ag_006,11855,145,0.012083333333333333,259,0.021583333333333333,259,0.021583333333333333,10374,1697238.4543230704,3994039.3039792962,0.0,0.0,1230.0,930274.0,5341375.399999999,21264468.59999997,76065940.0,7.818269092952109,22.858285408385026,3.577138062128677
valid,ag_007,11855,145,0.012083333333333333,3189,0.26575,3189,0.26575,8002,511678.2601433994,1420591.7423934662,0.0,0.0,0.0,115968.0,1743349.1999999993,5495329.799999995,45020138.0,11.059635145483934,47.38660492549665,8.192436057249928
valid,ag_008,11855,145,0.012083333333333333,5005,0.4170833333333333,5005,0.4170833333333333,5806,36305.66630113876,203784.74990660377,0.0,0.0,0.0,1902.0,123945.19999999998,427282.3199999997,9873990.0,23.28584443476789,224.64895899053613,23.108819480291174
valid,ag_009,11855,145,0.012083333333333333,8143,0.6785833333333333,8143,0.6785833333333333,2218,5817.333951919021,167851.4422931553,0.0,0.0,0.0,0.0,8269.799999999996,35801.0799999993,12471754.0,60.88489701127282,,348.3625074997805
valid,ah_000,11877,123,0.01025,18,0.0015,18,0.0015,10921,1843117.219331481,4188627.7921539047,0.0,749.6,1874.0,1006722.0,6967653.6,24973775.519999966,50286360.0,5.249567549743217,24.80702271332102,2.0135665894701718
valid,ai_000,11884,116,0.009666666666666667,10693,0.8910833333333333,10693,0.8910833333333333,1112,7806.452204644901,111508.63011650776,0.0,0.0,0.0,0.0,8159.4000000000015,126679.0,4759488.0,27.792852271997347,,37.57124701015954
valid,aj_000,11884,116,0.009666666666666667,9394,0.7828333333333334,9394,0.7828333333333334,397,1452.4030629417705,50481.233957908524,0.0,0.0,0.0,0.0,220.0,1013.0200000000004,3913164.0,57.209384093765344,,3862.869439892597
valid,ak_000,11122,878,0.07316666666666667,11041,0.9200833333333334,11041,0.9200833333333334,40,421.1623808667506,23572.557612728953,0.0,0.0,0.0,0.0,0.0,0.0,1968058.0,68.82437605890391,,
valid,al_000,11877,123,0.01025,7381,0.6150833333333333,7381,0.6150833333333333,3091,56772.65403721479,501573.1983754138,0.0,0.0,0.0,0.0,138615.59999999974,1383186.5599999963,25348802.0,26.870928678100807,,18.32637963168184
valid,am_0,11884,116,0.009666666666666667,7353,0.61275,7353,0.61275,3439,90162.96583641872,803907.1856085621,0.0,0.0,0.0,0.0,213070.0,2213975.280000002,40946186.0,27.767434266428666,,18.49441878140571
valid,an_000,11877,123,0.01025,18,0.0015,18,0.0015,11352,3533512.8934916225,7844703.605154862,0.0,3988.5600000000004,8542.800000000001,1920826.0,13199142.799999999,46618626.479999974,101043124.0,5.2801825288704,24.270093428556244,2.1674410343974606
valid,ao_000,11896,104,0.008666666666666666,20,0.0016666666666666668,20,0.0016666666666666668,11343,3067487.347343645,6875477.932848928,0.0,2141.7,6138.5,1643413.0,11522296.5,40483474.699999966,99069442.0,5.383186008911927,24.633780248787108,2.4471575805720076
valid,ap_000,11877,123,0.01025,16,0.0013333333333333333,16,0.0013333333333333333,11144,1024724.7227414331,3089044.76935756,0.0,3614.8,6878.0,361028.0,3575044.79999999,16727048.799999988,53160164.0,7.288285706321392,46.3317216393188,3.1780958276393645
valid,aq_000,11896,104,0.008666666666666666,38,0.0031666666666666666,38,0.0031666666666666666,9716,452333.60692669806,1269082.6942081035,0.0,97.9,404.0,181460.0,1578819.0,6625595.499999915,23601816.0,7.58025183452516,36.51270527939995,3.5622180677948574
valid,ar_000,11447,553,0.04608333333333333,10969,0.9140833333333334,10969,0.9140833333333334,42,0.5014414257010571,5.1235455202357,0.0,0.0,0.0,0.0,0.0,12.0,244.0,22.955575818680423,,20.333333333333332
valid,as_000,11884,116,0.009666666666666667,11881,0.9900833333333333,11881,0.9900833333333333,4,82.0621003029283,5680.160649515658,0.0,0.0,0.0,0.0,0.0,0.0,489122.0,75.62334700461341,,
valid,at_000,11884,116,0.009666666666666667,10682,0.8901666666666667,10682,0.8901666666666667,1057,5223.613934702121,127125.79285503397,0.0,0.0,0.0,0.0,3987.900000000005,49831.02000000002,9237250.0,52.25096738969357,,185.3714814587379
valid,au_000,11884,116,0.009666666666666667,11874,0.9895,11874,0.9895,11,234.6353079771121,13527.698340302302,0.0,0.0,0.0,0.0,0.0,0.0,1094074.0,66.22389496011958,,
valid,av_000,11487,513,0.04275,2061,0.17175,2061,0.17175,1910,1095.4224775833552,5472.144657260443,0.0,0.0,0.0,112.0,4080.999999999989,15522.0,207284.0,22.868805433458895,138.58928571428572,13.35420693209638
valid,ax_000,11487,513,0.04275,2063,0.17191666666666666,2063,0.17191666666666666,1132,365.739183424741,1324.6161488219116,0.0,0.0,0.0,66.0,1522.7999999999956,4670.279999999999,47382.0,15.422725063128045,70.76181818181817,10.145430252575865
valid,ay_000,11854,146,0.012166666666666666,11742,0.9785,11742,0.9785,107,12313.62814239919,382915.6601345843,0.0,0.0,0.0,0.0,0.0,0.0,21984722.0,39.824413257451425,,
valid,ay_001,11854,146,0.012166666666666666,11627,0.9689166666666666,11627,0.9689166666666666,222,9233.86755525561,446391.07019187906,0.0,0.0,0.0,0.0,0.0,9851.699999999535,45681214.0,91.77602080915122,,4636.886425693247
valid,ay_002,11854,146,0.012166666666666666,11623,0.9685833333333334,11623,0.9685833333333334,227,8866.896406276363,321581.5809363793,0.0,0.0,0.0,0.0,0.0,9782.799999999974,25261684.0,60.26489066098854,,2582.254978124879
valid,ay_003,11854,146,0.012166666666666666,11611,0.9675833333333334,11611,0.9675833333333334,232,6413.626623924413,172863.91517552413,0.0,0.0,0.0,0.0,0.0,16070.0,9359464.0,37.06465039699837,,582.4184194150591
valid,ay_004,11854,146,0.012166666666666666,11423,0.9519166666666666,11423,0.9519166666666666,416,12004.113716888814,492837.935408468,0.0,0.0,0.0,0.0,0.0,23865.599999999424,40028704.0,67.95942940517071,,1677.2552963261332
valid,ay_005,11854,146,0.012166666666666666,6132,0.511,6132,0.511,5248,122157.51408807153,1695191.3254139842,0.0,0.0,0.0,0.0,264713.30000000005,1042405.1799999935,124948914.0,44.78512728517693,,119.86597572356727
valid,ay_006,11854,146,0.012166666666666666,3283,0.27358333333333335,3283,0.27358333333333335,8211,1101643.833473933,3121271.6996938866,0.0,0.0,0.0,166869.0,3807141.6000000024,12760460.099999936,81450262.0,10.133055291633237,76.46992610970244,6.383019214173978
valid,ay_007,11854,146,0.012166666666666666,1453,0.12108333333333333,1453,0.12108333333333333,9658,1575369.2200101232,4818419.190661534,0.0,0.0,0.0,360864.0,5791493.100000006,23787283.69999989,115592992.0,8.425350581486896,65.91758584951641,4.859444796549028
valid,ay_008,11854,146,0.012166666666666666,974,0.08116666666666666,974,0.08116666666666666,9796,1033064.736628986,3891635.3915039785,0.0,0.0,0.0,93437.0,3935295.100000006,18301294.719999883,104566992.0,10.066325036622011,195.86774746620594,5.713639040287564
valid,ay_009,11854,146,0.012166666666666666,11749,0.9790833333333333,11749,0.9790833333333333,98,660.8052977897756,29864.83591615249,0.0,0.0,0.0,0.0,0.0,0.0,2956850.0,85.89116019643886,,
valid,az_000,11854,146,0.012166666666666666,231,0.01925,231,0.01925,4312,7915.442044879365,56048.11932981474,0.0,0.0,58.0,2092.0,21959.400000000016,104698.17999999941,3763524.0,37.385419893156545,50.04693116634771,35.946412822076
valid,az_001,11854,146,0.012166666666666666,296,0.024666666666666667,296,0.024666666666666667,3190,4633.631854226422,30423.32400012953,0.0,0.0,6.0,636.0,14564.800000000003,77275.63999999972,1573086.0,30.042133309658208,121.50257861635177,20.356816197187182
valid,az_002,11854,146,0.012166666666666666,264,0.022,264,0.022,3859,9313.582588155898,150353.76037176297,0.0,0.0,10.0,1021.0,22988.10000000009,129948.51999999915,12088584.0,66.16174703211483,127.27572967678663,93.0259459669112
valid,az_003,11854,146,0.012166666666666666,249,0.02075,249,0.02075,6768,96166.43934536865,687783.6607002518,0.0,0.0,16.0,3640.0,332909.00000000006,1081151.0599999996,32531744.0,25.85065342683953,297.0195219780219,30.08991546472702
valid,az_004,11854,146,0.012166666666666666,242,0.020166666666666666,242,0.020166666666666666,8949,1504694.8446094145,4095802.2276781,0.0,0.0,36.0,84832.0,5309159.400000005,21722871.03999996,67691754.0,7.259641093476304,256.0693021501316,3.1161513538129495
valid,az_005,11854,146,0.012166666666666666,236,0.019666666666666666,236,0.019666666666666666,10889,2146203.8631685507,6298669.3402932,0.0,0.0,785.3,513592.0,8058612.500000001,33185018.93999998,128390912.0,7.668603033542997,64.61358225984824,3.8689419533596348
valid,az_006,11854,146,0.012166666666666666,1746,0.1455,1746,0.1455,4123,97214.15302851358,777444.2067201139,0.0,0.0,0.0,276.0,138190.30000000013,2628709.0999999614,29792048.0,16.80435687827158,9524.308333333194,11.333337720784867
valid,az_007,11854,146,0.012166666666666666,8957,0.7464166666666666,8957,0.7464166666666666,1073,14927.780158596255,203983.10571911032,0.0,0.0,0.0,0.0,4896.0,262177.61999999604,10040896.0,26.52572378527204,,38.29806678388549
valid,az_008,11854,146,0.012166666666666666,10795,0.8995833333333333,10795,0.8995833333333333,362,637.4466003036949,12270.519751758366,0.0,0.0,0.0,0.0,6.0,6223.659999999883,569284.0,33.543397621509456,,91.47093510892476
valid,az_009,11854,146,0.012166666666666666,11442,0.9535,11442,0.9535,110,18.820988695798885,592.1741418733043,0.0,0.0,0.0,0.0,0.0,28.0,55516.0,74.42195100323521,,1982.7142857142858
valid,ba_000,11852,148,0.012333333333333333,230,0.019166666666666665,230,0.019166666666666665,10960,1412378.4250759366,3655229.221976405,0.0,0.0,3802.0,684040.0,5001526.099999996,17939339.739999995,91036276.0,8.591097244843095,26.22557122390503,5.074672608881648
valid,ba_001,11852,148,0.012333333333333333,244,0.02033333333333333,244,0.02033333333333333,10093,901315.3521768478,2321004.7621262344,0.0,0.0,261.10000000000014,445326.0,3042856.0,12086334.979999995,50592530.0,7.6420276607429365,27.140420680580057,4.185928164635399
valid,ba_002,11852,148,0.012333333333333333,250,0.020833333333333332,250,0.020833333333333332,9385,412795.7384407695,1170369.5011935954,0.0,0.0,84.0,188121.0,1420175.0999999966,5921401.619999989,23973416.0,7.93942506199669,31.476558278979958,4.048604965254839
valid,ba_003,11852,148,0.012333333333333333,255,0.02125,255,0.02125,8862,275966.0897738778,740740.6336226993,0.0,0.0,58.0,135231.0,924174.2,3910121.619999997,13979692.0,7.614556630895206,28.914388121066892,3.5752575900695414
valid,ba_004,11852,148,0.012333333333333333,262,0.021833333333333333,262,0.021833333333333333,8243,208196.24603442458,547370.6353206242,0.0,0.0,28.0,101782.0,699753.3999999994,2889648.239999995,11070534.0,7.778566596184402,28.390562574914966,3.8311009093619015
valid,ba_005,11852,148,0.012333333333333333,271,0.022583333333333334,271,0.022583333333333334,7878,195802.9551130611,549858.6619967738,0.0,0.0,20.0,84144.0,675812.7999999998,2615667.1999999997,16758932.0,10.34514285551288,31.08560562844647,6.407134669119986
valid,ba_006,11852,148,0.012333333333333333,407,0.033916666666666664,407,0.033916666666666664,7626,220382.8251771853,689804.3789839904,0.0,0.0,12.0,71100.0,743248.1999999989,3144579.619999983,18997660.0,10.935421585991106,44.22756146272831,6.041398945401835
valid,ba_007,11852,148,0.012333333333333333,1617,0.13475,1617,0.13475,6540,189722.38575767804,526717.7751939894,0.0,0.0,0.0,3953.0,739511.6999999994,2646055.079999993,9875140.0,7.554667145752462,669.3789729319486,3.7320235979366028
valid,ba_008,11852,148,0.012333333333333333,5031,0.41925,5031,0.41925,3431,37082.71329733379,274784.25782195403,0.0,0.0,0.0,22.0,147400.99999999985,780550.7799999997,21706886.0,45.459949910370625,35479.580909090895,27.809703809404954
valid,ba_009,11852,148,0.012333333333333333,7913,0.6594166666666667,7913,0.6594166666666667,1841,33215.040499493756,259075.0994538216,0.0,0.0,0.0,0.0,78488.09999999989,810946.819999998,7525286.0,15.536661231605592,,9.279629458316414
valid,bb_000,11877,123,0.01025,15,0.00125,15,0.00125,11428,4623894.436305464,10975758.33930377,0.0,11027.28,18382.4,2365426.0,16829866.799999908,63373326.799999975,140573922.0,5.574440034689771,26.791506815262863,2.218187510395936
valid,bc_000,11446,554,0.04616666666666667,3891,0.32425,3891,0.32425,1200,548.5159881181198,3124.3691545562756,0.0,0.0,0.0,16.0,1960.0,10820.399999999965,115124.0,15.227154507730777,676.2749999999978,10.639532734464565
valid,bd_000,11445,555,0.04625,823,0.06858333333333333,823,0.06858333333333333,1598,877.9482743556138,3817.672334544674,0.0,0.0,0.0,68.0,3310.0,15331.999999999924,102450.0,12.18120443806895,225.470588235293,6.682102791547124
valid,be_000,11484,516,0.043,1376,0.11466666666666667,1376,0.11466666666666667,1799,1348.5168930686173,8148.845787985379,0.0,0.0,0.0,176.0,4094.300000000014,21446.68,351502.0,20.55954232447254,121.85613636363637,16.389576381985464
valid,bf_000,11486,514,0.042833333333333334,5067,0.42225,5067,0.42225,500,77.64826745603344,637.706737782496,0.0,0.0,0.0,2.0,248.0,1524.2999999999993,51050.0,48.85005693269468,762.1499999999996,33.49078265433315
valid,bg_000,11877,123,0.01025,18,0.0015,18,0.0015,10920,1840627.7533047067,4172873.2240494336,0.0,749.6,1874.0,1007154.0,6967653.6,24889655.999999985,50286360.0,5.247524313489052,24.712860198142472,2.020371836396615
valid,bh_000,11877,123,0.01025,18,0.0015,18,0.0015,7688,59119.99410625579,152905.195653604,0.0,78.0,142.0,26454.0,218930.3999999995,839418.3999999994,3200582.0,6.612892054520494,31.73124669237164,3.8128566159617208
valid,bi_000,11896,104,0.008666666666666666,18,0.0015,18,0.0015,10905,509398.46267652995,1550824.5227682784,0.0,1351.1000000000001,3675.5,179482.0,1768791.0,7952610.199999976,33854406.0,8.66111163689527,44.308678307573885,4.257018154869467
valid,bj_000,11896,104,0.008666666666666666,18,0.0015,18,0.0015,10469,517162.29236718226,1780688.6519188266,0.0,880.0,1801.5,155689.0,1796996.0,9046387.399999976,43499622.0,9.449430001201273,58.10550135205426,4.808507537495036
valid,bk_000,7411,4589,0.3824166666666667,88,0.007333333333333333,88,0.007333333333333333,5292,281583.38685737416,263313.10036920785,0.0,0.0,108500.0,210400.0,1310700.0,1310700.0,1310700.0,3.17607677116186,6.229562737642586,1.0
valid,bl_000,6568,5432,0.45266666666666666,184,0.015333333333333332,184,0.015333333333333332,4601,323749.95127892814,321356.08137111535,0.0,0.0,107025.0,221620.0,1310700.0,1310700.0,1310700.0,2.458304575601019,5.914177420810396,1.0
valid,bm_000,4197,7803,0.65025,221,0.018416666666666668,221,0.018416666666666668,2897,400900.2763878961,406790.1404066345,0.0,0.0,0.0,238300.0,1310700.0,1310700.0,1310700.0,1.609965064710665,5.500209819555183,1.0
valid,bn_000,3292,8708,0.7256666666666667,269,0.022416666666666668,269,0.022416666666666668,2072,469360.7776427704,466583.16632752144,0.0,0.0,0.0,252070.0,1310700.0,1310700.0,1310700.0,1.1177773909288327,5.199746102273178,1.0
valid,bo_000,2813,9187,0.7655833333333333,285,0.02375,285,0.02375,1629,518830.7856381088,498672.9627232624,0.0,0.0,0.0,274280.0,1310700.0,1310700.0,1310700.0,0.8439064092370236,4.778693306110544,1.0
valid,bp_000,2504,9496,0.7913333333333333,301,0.025083333333333332,301,0.025083333333333332,1312,560642.1166134186,519456.14565889724,0.0,0.0,0.0,294140.0,1310700.0,1310700.0,1310700.0,0.6437838683641568,4.456041340858095,1.0
valid,bq_000,2303,9697,0.8080833333333334,321,0.02675,321,0.02675,1103,595704.1163699522,535250.5561984621,0.0,0.0,0.0,318660.0,1310700.0,1310700.0,1310700.0,0.48360585017909313,4.113161363208436,1.0
valid,br_000,2174,9826,0.8188333333333333,343,0.028583333333333332,343,0.028583333333333332,964,619973.1922723091,546936.3283966786,0.0,0.0,0.0,334370.0,1310700.0,1310700.0,1310700.0,0.3711816781399226,3.9199090827526395,1.0
valid,bs_000,11858,142,0.011833333333333333,17,0.0014166666666666668,17,0.0014166666666666668,6470,80165.46972508011,83422.8743570827,0.0,2080.0,5497.0,50600.0,242040.0,374018.6000000003,835080.0,1.8572178018507015,7.391671936758899,2.2327231854244665
valid,bt_000,11960,40,0.0033333333333333335,20,0.0016666666666666668,20,0.0016666666666666668,11115,60697.90900501673,148301.4792130549,0.0,4.2518,10.499500000000001,30853.114999999998,236572.93599999984,854325.2755999996,2220447.33,5.9215796682805735,27.69008171784274,2.5990654770696815
valid,bu_000,11864,136,0.011333333333333334,15,0.00125,15,0.00125,11414,4610562.994774107,10949945.75078365,0.0,11001.56,18332.8,2364666.0,16781033.50000001,63296868.620000064,140573922.0,5.587195415333341,26.76778395764986,2.2208669254071522
valid,bv_000,11864,136,0.011333333333333334,15,0.00125,15,0.00125,11414,4610563.650033715,10949945.304641465,0.0,11001.56,18332.8,2364666.0,16781033.50000001,63296868.620000064,140573922.0,5.587195418402672,26.76778395764986,2.2208669254071522
valid,bx_000,11350,650,0.05416666666666667,0,0.0,0,0.0,11109,4152999.4294273127,10359584.338918002,172.0,251.92000000000007,17517.0,2255244.0,13619772.799999997,60770918.72000004,140756686.0,6.136844373668012,26.946493913740618,2.316184928000376
valid,by_000,11900,100,0.008333333333333333,259,0.021583333333333333,259,0.021583333333333333,7156,22509.310672268908,55812.97998821458,0.0,0.0,19.0,12687.5,77201.49999999991,316705.15,1002003.0,6.913266693858998,24.961982266009855,3.163835510726617
valid,bz_000,11447,553,0.04608333333333333,2758,0.22983333333333333,2758,0.22983333333333333,5180,105734.86887394077,626894.5543278675,0.0,0.0,0.0,1036.0,408026.9999999994,2058272.7199999955,20241674.0,14.23919441153483,1986.7497297297255,9.834301258192863
valid,ca_000,11126,874,0.07283333333333333,15,0.00125,15,0.00125,9167,39131.09724968542,36639.623725525824,0.0,790.5,1564.5,25234.0,109974.0,118972.5,120918.0,0.7233340088040962,4.714769755092336,1.016352518439135
valid,cb_000,11858,142,0.011833333333333333,15,0.00125,15,0.00125,9744,404294.14741103054,368062.97692473273,0.0,8831.2,16857.0,276640.0,1103372.0,1187448.8,1209520.0,0.6681703406717392,4.292397339502603,1.0185870750806265
valid,cc_000,11350,650,0.05416666666666667,190,0.015833333333333335,190,0.015833333333333335,10561,3839775.976387665,9640779.31970359,0.0,0.0,5232.700000000001,2103688.0,12509573.399999967,55649815.200000025,137778464.0,6.259890621071164,26.453454694802662,2.4758117076370803
valid,cd_000,11869,131,0.010916666666666667,0,0.0,0,0.0,1,1209600.0,0.0,1209600.0,1209600.0,1209600.0,1209600.0,1209600.0,1209600.0,1209600.0,0.0,1.0,1.0
valid,ce_000,11487,513,0.04275,2408,0.20066666666666666,2408,0.20066666666666666,6605,63443.067989901625,138685.60355083962,0.0,0.0,0.0,3312.0,228423.59999999998,594815.7599999977,2895898.0,7.970733309180041,179.5941304347819,4.868562998398044
valid,cf_000,9009,2991,0.24925,4281,0.35675,4281,0.35675,174,32.836052836052836,702.2452945311687,0.0,0.0,0.0,2.0,8.0,347.2000000000007,50800.0,51.089167423118326,173.60000000000036,146.31336405529925
valid,cg_000,9009,2991,0.24925,579,0.04825,579,0.04825,361,91.3908313908314,329.96602186655883,0.0,0.0,0.0,46.0,262.0,710.0,17512.0,27.40892194230831,15.434782608695652,24.664788732394367
valid,ch_000,9009,2991,0.24925,9007,0.7505833333333334,9007,0.7505833333333334,2,0.000444000444000444,0.02979768965643908,0.0,0.0,0.0,0.0,0.0,0.0,2.0,67.10439379765221,,
valid,ci_000,11949,51,0.00425,45,0.00375,45,0.00375,11225,3552097.297129466,8509756.095151344,0.0,875.4816,1883.52,1855885.44,13352716.992000004,49413888.76800001,124510239.36,5.647810794063637,26.625505919158464,2.5197417662184023
valid,cj_000,11949,51,0.00425,9444,0.787,9444,0.787,1960,94772.39797137836,1056817.3859780408,0.0,0.0,0.0,0.0,81441.02400000012,1931918.092800005,53632624.32,24.43951294936787,,27.761334458164384
valid,ck_000,11949,51,0.00425,40,0.0033333333333333335,40,0.0033333333333333335,11186,719526.6940764918,2128814.771117567,0.0,1135.1808,2846.2079999999996,254847.36,2718691.5840000063,10389713.856000004,39574428.48,8.413548461790137,40.768379378150144,3.809000808732184
valid,cl_000,10067,1933,0.16108333333333333,7289,0.6074166666666667,7289,0.6074166666666667,402,289.27366643488625,4148.447001642544,0.0,0.0,0.0,0.0,124.0,2390.720000000001,130048.0,21.641406950911847,,54.39700174006155
valid,cm_000,10015,1985,0.16541666666666666,4850,0.4041666666666667,4850,0.4041666666666667,1033,356.51942086869695,1775.0417663863243,0.0,0.0,0.0,8.0,1392.5999999999985,5687.96000000005,47248.0,13.26712927045335,710.9950000000063,8.306668823268726
valid,cn_000,11852,148,0.012333333333333333,11456,0.9546666666666667,11456,0.9546666666666667,369,1913.7200472494094,46027.10363001692,0.0,0.0,0.0,0.0,0.0,16765.899999999714,3772790.0,58.222379193070545,,225.02758575442203
valid,cn_001,11852,148,0.012333333333333333,10071,0.83925,10071,0.83925,1491,22003.78754640567,221373.0459694068,0.0,0.0,0.0,0.0,17034.299999999854,504033.0199999996,9316026.0,18.928607683162003,,18.482967643667486
valid,cn_002,11852,148,0.012333333333333333,5986,0.49883333333333335,5986,0.49883333333333335,4562,158460.0830239622,1105407.133654586,0.0,0.0,0.0,0.0,417678.89999999106,3827575.0799999987,40420570.0,14.57515759552629,,10.560359798350452
valid,cn_003,11852,148,0.012333333333333333,535,0.044583333333333336,535,0.044583333333333336,9642,531108.6711103611,2214617.3598275897,0.0,0.0,43.100000000000136,36145.0,2034072.5999999933,10047656.479999973,49074288.0,9.769191161805347,277.98191949093854,4.884152647702794
valid,cn_004,11852,148,0.012333333333333333,234,0.0195,234,0.0195,10656,1306260.8052649342,3349682.1432561306,0.0,0.0,1337.1000000000001,521077.0,4782873.4999999935,18859240.319999985,53748940.0,6.838614761977251,36.19280897065114,2.850005572228693
valid,cn_005,11852,148,0.012333333333333333,247,0.020583333333333332,247,0.020583333333333332,9816,1362484.4748565643,3154323.616942903,0.0,0.0,402.0,706660.0,4292508.5,16562023.399999974,64592360.0,7.601808029787431,23.43704667025157,3.900028302097442
valid,cn_006,11852,148,0.012333333333333333,561,0.04675,561,0.04675,8359,416548.90904488694,1210569.6117021015,0.0,0.0,4.0,96237.0,1525844.5999999957,4530500.0,53358100.0,15.096448670438383,47.07648825295884,11.777530073943273
valid,cn_007,11852,148,0.012333333333333333,1874,0.15616666666666668,1874,0.15616666666666668,6816,62392.051299358754,316305.60253369116,0.0,0.0,0.0,9839.0,194753.69999999992,1117202.0999999999,9595326.0,14.303125108164918,113.54833824575667,8.588711030886893
valid,cn_008,11852,148,0.012333333333333333,3090,0.2575,3090,0.2575,4530,17287.824502193722,149224.4541611453,0.0,0.0,0.0,1822.0,28470.399999999965,282296.3999999982,5784660.0,19.90875232464306,154.93765093303963,20.491440911042567
valid,cn_009,11852,148,0.012333333333333333,5197,0.4330833333333333,5197,0.4330833333333333,1352,8397.218022274721,316803.4403683929,0.0,0.0,0.0,24.0,2117.7999999999956,41386.65999999977,30344368.0,81.36394230872864,1724.444166666657,733.1919995476844
valid,co_000,9009,2991,0.24925,2530,0.21083333333333334,2530,0.21083333333333334,880,323.2181152181152,2098.2103495607757,0.0,0.0,0.0,8.0,1267.2000000000007,5423.2800000000025,88606.0,23.044196829526093,677.9100000000003,16.338083226386978
valid,cp_000,11446,554,0.04616666666666667,1967,0.16391666666666665,1967,0.16391666666666665,1049,484.73318189760613,4434.624415102866,0.0,0.0,0.0,14.0,1393.5,7378.999999999985,213160.0,27.081357631011848,527.0714285714275,28.88738311424318
valid,cq_000,11864,136,0.011333333333333334,15,0.00125,15,0.00125,11414,4610563.66183412,10949945.576425133,0.0,11001.56,18332.8,2364666.0,16781033.50000001,63296868.620000064,140573922.0,5.58719555105076,26.76778395764986,2.2208669254071522
valid,cr_000,2702,9298,0.7748333333333334,2682,0.2235,2682,0.2235,20,28.646928201332347,936.7174991142201,0.0,0.0,0.0,0.0,0.0,0.0,47118.0,47.51737853081287,,
valid,cs_000,11855,145,0.012083333333333333,230,0.019166666666666665,230,0.019166666666666665,4763,5600.0312104597215,10020.535629936123,0.0,0.0,156.0,3188.0,18565.799999999996,54861.63999999945,159026.0,6.147936464903525,17.20879548306131,2.8986738274685484
valid,cs_001,11855,145,0.012083333333333333,263,0.021916666666666668,263,0.021916666666666668,1630,794.646478279207,2082.4283866696182,0.0,0.0,6.0,362.0,2805.199999999997,10334.799999999843,40356.0,7.739276876974459,28.5491712707178,3.9048651159190904
valid,cs_002,11855,145,0.012083333333333333,246,0.0205,246,0.0205,7812,237215.3466048081,1123940.7948227124,0.0,0.0,12.0,20304.0,854190.7999999989,4828208.2399999965,29693256.0,11.948375453856048,237.7959141055948,6.14995346596733
valid,cs_003,11855,145,0.012083333333333333,258,0.0215,258,0.0215,9317,356303.1563053564,1114632.511766397,0.0,0.0,10.0,123776.0,1370382.7999999984,4617124.0,42421854.0,13.629755592035151,37.3022556876939,9.187939072028389
valid,cs_004,11855,145,0.012083333333333333,251,0.020916666666666667,251,0.020916666666666667,9366,459747.5657528469,2111194.5377817787,0.0,0.0,69.40000000000009,92244.0,1349781.1999999958,9265463.599999944,56359764.0,10.796053390655306,100.44516282901807,6.082778631821546
valid,cs_005,11855,145,0.012083333333333333,235,0.019583333333333335,235,0.019583333333333335,10647,2266707.1446646983,5522888.155232841,0.0,0.0,846.0,1216346.0,7859204.0,32231803.519999992,85703584.0,6.250913715343712,26.498877391794764,2.6589757519097716
valid,cs_006,11855,145,0.012083333333333333,240,0.02,240,0.02,10541,545131.3872627583,1021258.106346224,0.0,0.0,615.4000000000001,243584.0,1957545.999999999,4856775.439999989,20683972.0,6.232030704458397,19.938811416184926,4.258786978217804
valid,cs_007,11855,145,0.012083333333333333,1035,0.08625,1035,0.08625,7022,14282.600084352594,25731.813637171475,0.0,0.0,0.0,6106.0,50826.99999999995,110400.63999999993,727710.0,7.734912707411273,18.080681297084823,6.591537875142757
valid,cs_008,11855,145,0.012083333333333333,2813,0.23441666666666666,2813,0.23441666666666666,493,118.15419654154366,296.6659749661369,0.0,0.0,0.0,48.0,440.0,913.8399999999965,17058.0,29.528663895739385,19.03833333333326,18.666287315066167
valid,cs_009,11855,145,0.012083333333333333,11263,0.9385833333333333,11263,0.9385833333333333,22,0.8737241670181358,51.98238689935445,0.0,0.0,0.0,0.0,0.0,6.0,5156.0,89.80829026794802,,859.3333333333334
valid,ct_000,9213,2787,0.23225,435,0.03625,435,0.03625,1417,705.9188103766417,3449.8574595219643,0.0,0.0,2.0,214.0,2611.199999999997,7560.879999999979,285558.0,62.555832521880816,35.33121495327093,37.76782596734782
valid,cu_000,9213,2787,0.23225,421,0.035083333333333334,421,0.035083333333333334,1753,1147.3181374145229,4873.4371539501635,0.0,0.0,2.0,290.0,4297.5999999999985,12453.359999999902,231048.0,23.754965126906423,42.94262068965484,18.55306519686268
valid,cv_000,9213,2787,0.23225,216,0.018,216,0.018,8322,1921695.6732877456,3549511.523159333,0.0,0.0,1146.0,1198640.0,6323946.399999999,16344717.919999981,67368946.0,6.694378029530417,13.636052459454032,4.121756418785603
valid,cx_000,9213,2787,0.23225,319,0.026583333333333334,319,0.026583333333333334,6659,339981.5573645935,1414449.7650187183,0.0,0.0,26.0,43624.0,1345237.9999999984,6370376.879999954,42612904.0,11.357857758503943,146.02917843388855,6.689228094774874
valid,cy_000,9213,2787,0.23225,7896,0.658,7896,0.658,287,184.58547704330837,6046.890535747897,0.0,0.0,0.0,0.0,70.0,1237.2799999998751,478810.0,63.586810614551396,,386.9859692228504
valid,cz_000,9213,2787,0.23225,1779,0.14825,1779,0.14825,3498,16485.58189514816,141265.69598828303,0.0,0.0,0.0,198.0,69709.59999999999,210505.519999997,11536746.0,61.77494264065115,1063.1591919191767,54.80495713366645
valid,da_000,9213,2787,0.23225,9111,0.75925,9111,0.75925,84,5.648757190925866,105.62698244356649,0.0,0.0,0.0,0.0,0.0,31.5199999999968,5428.0,32.37251613806603,,172.20812182742867
valid,db_000,9213,2787,0.23225,5542,0.4618333333333333,5542,0.4618333333333333,92,13.206121784435037,46.35125848951468,0.0,0.0,0.0,0.0,54.0,92.0,3174.0,40.7227132280453,,34.5
valid,dc_000,9213,2787,0.23225,216,0.018,216,0.018,8331,2182435.328557473,3907529.5562425577,0.0,0.0,1685.2,1733668.0,6971325.599999996,19071606.47999998,70329548.0,6.469007424265104,11.00072590599814,3.687657254974992
valid,dd_000,11486,514,0.042833333333333334,179,0.014916666666666667,179,0.014916666666666667,3289,3106.012711126589,9371.895933392696,0.0,0.0,36.0,1355.0,11270.0,36434.39999999991,398400.0,15.205010842177293,26.888856088560818,10.934721032870064
valid,de_000,11447,553,0.04608333333333333,176,0.014666666666666666,176,0.014666666666666666,992,376.127719053027,1448.3576684677823,0.0,0.0,28.0,146.0,1148.7999999999956,4243.879999999979,49624.0,19.592203300691207,29.06767123287657,11.693073319698069
valid,df_000,11197,803,0.06691666666666667,10974,0.9145,10974,0.9145,134,3777.1921050281326,214843.79652575956,0.0,0.0,0.0,0.0,0.0,430.7999999999811,21613910.0,92.48713392281577,,50171.56453110713
valid,dg_000,11197,803,0.06691666666666667,10878,0.9065,10878,0.9065,307,5742.6264177904795,183510.63523826282,0.0,0.0,0.0,0.0,0.0,22302.47999999999,11616604.0,48.640506285602314,,520.8660202811528
valid,dh_000,11196,804,0.067,9811,0.8175833333333333,9811,0.8175833333333333,369,1351.517506252233,37641.168700572205,0.0,0.0,0.0,0.0,340.0,9582.499999999964,2545990.0,55.62676307387584,,265.69162535872783
valid,di_000,11197,803,0.06691666666666667,9128,0.7606666666666667,9128,0.7606666666666667,1482,33614.10091988926,371098.58913308283,0.0,0.0,0.0,0.0,50916.399999999645,645599.3599999974,17295700.0,26.072539645337674,,26.790144277714386
valid,dj_000,11197,803,0.06691666666666667,11148,0.929,11148,0.929,34,23.842993659015807,1939.653806637127,0.0,0.0,0.0,0.0,0.0,0.0,203840.0,103.74037251021718,,
valid,dk_000,11197,803,0.06691666666666667,11125,0.9270833333333334,11125,0.9270833333333334,67,2397.6098955077255,81303.30880274421,0.0,0.0,0.0,0.0,0.0,0.0,5483574.0,52.645782791652124,,
valid,dl_000,11196,804,0.067,11152,0.9293333333333333,11152,0.9293333333333333,44,33785.795819935694,1353181.9868001342,0.0,0.0,0.0,0.0,0.0,0.0,103858120.0,55.16866141178954,,
valid,dm_000,11196,804,0.067,11146,0.9288333333333333,11146,0.9288333333333333,51,9546.264380135763,301022.62329430797,0.0,0.0,0.0,0.0,0.0,0.0,15439782.0,38.29489026878909,,
valid,dn_000,11864,136,0.011333333333333334,15,0.00125,15,0.00125,7236,34365.895987862445,96308.8790502202,0.0,84.0,148.0,14401.0,119379.10000000006,484488.40000000154,2037710.0,7.56831077707187,33.642691479758454,4.205900492147992
valid,do_000,11446,554,0.04616666666666667,2659,0.22158333333333333,2659,0.22158333333333333,6285,29242.606500087368,64407.24465538837,0.0,0.0,0.0,9740.0,102673.5,268327.5999999997,1297310.0,8.352900682970605,27.549034907597505,4.834798954710591
valid,dp_000,11445,555,0.04625,2539,0.21158333333333335,2539,0.21158333333333335,4910,7058.624202708606,14669.74398505027,0.0,0.0,0.0,2396.0,28217.59999999999,60308.0,344190.0,7.37293359610289,25.170283806343907,5.707203024474365
valid,dq_000,11445,555,0.04625,8915,0.7429166666666667,8915,0.7429166666666667,2140,4295718.735517694,94896497.20082378,0.0,0.0,0.0,0.0,4884966.399999988,34917257.6799999,4280318042.0,34.3276743421748,,122.58459931839676
valid,dr_000,11446,554,0.04616666666666667,8887,0.7405833333333334,8887,0.7405833333333334,1831,201494.13471955268,1436527.4258809492,0.0,0.0,0.0,0.0,677684.0,4913968.0,50137662.0,15.622878441210863,,10.20309086261856
valid,ds_000,11445,555,0.04625,569,0.04741666666666667,569,0.04741666666666667,7593,90786.77693315859,219265.5862395082,0.0,0.0,2.0,47082.0,294266.39999999985,1129196.6399999976,4877996.0,7.92287552167453,23.983616668790567,4.319881787816877
valid,dt_000,11445,555,0.04625,548,0.04566666666666667,548,0.04566666666666667,5872,15539.899519440803,35442.84372874031,0.0,0.0,2.0,8194.0,52178.39999999994,187647.6799999998,656432.0,7.501091378762518,22.90061996582863,3.4982153789484673
valid,du_000,11446,554,0.04616666666666667,678,0.0565,678,0.0565,7804,4076311.5341604054,12295021.595645303,0.0,0.0,0.0,184020.0,19039605.0,52473216.9999997,460207620.0,11.514131032753436,285.1495326594919,8.7703336351572
valid,dv_000,11446,554,0.04616666666666667,678,0.0565,678,0.0565,8096,605772.5946182072,2163520.722101665,0.0,0.0,0.0,30047.0,2470948.0,8190698.799999936,74669330.0,13.553679524291553,272.59622591273455,9.116356470097593
valid,dx_000,11447,553,0.04608333333333333,7955,0.6629166666666667,7955,0.6629166666666667,3264,784810.5636411287,4258778.491426072,0.0,0.0,0.0,0.0,3478179.199999982,17021840.23999996,101962296.0,11.732078129465048,,5.990086533675529
valid,dy_000,11446,554,0.04616666666666667,7309,0.6090833333333333,7309,0.6090833333333333,1811,7535.838371483488,52905.048793280555,0.0,0.0,0.0,0.0,25098.0,156134.39999999903,1383356.0,14.788904917687683,,8.860033407115976
valid,dz_000,11447,553,0.04608333333333333,11388,0.949,11388,0.949,24,0.3062811216912728,11.597304943344424,0.0,0.0,0.0,0.0,0.0,0.0,904.0,57.32320480316004,,
valid,ea_000,11447,553,0.04608333333333333,11299,0.9415833333333333,11299,0.9415833333333333,62,2.516641914912204,95.95938614823156,0.0,0.0,0.0,0.0,0.0,4.0,8506.0,69.493809639513,,2126.5
valid,eb_000,11197,803,0.06691666666666667,4317,0.35975,4317,0.35975,6572,9473695.643475931,40942211.86467835,0.0,0.0,0.0,612830.0,40442343.999999985,127749407.19999993,1020827190.0,13.286291944039448,208.45814858933136,7.990856571270262
valid,ec_00,9940,2060,0.17166666666666666,267,0.02225,267,0.02225,8453,1377.2075674044265,3632.8799626793707,0.0,0.0,0.82,760.35,3845.1039999999975,17328.253400000005,79816.0,9.458103204353387,22.789838100874604,4.606119160284209
valid,ed_000,10067,1933,0.16108333333333333,286,0.023833333333333335,286,0.023833333333333335,2092,1473.9932452567796,3619.212854753528,0.0,0.0,28.0,844.0,4320.799999999996,18043.240000000013,82806.0,9.000471437452692,21.378246445497645,4.589308793764309
valid,ee_000,11854,146,0.012166666666666666,230,0.019166666666666665,230,0.019166666666666665,10690,730104.9446600304,2305418.097584326,0.0,0.0,3469.3,264944.0,2637848.0,10308634.23999999,64659960.0,10.467336178451294,38.908728787970254,6.272408012023915
valid,ee_001,11854,146,0.012166666666666666,243,0.02025,243,0.02025,10288,796652.3072380631,2614214.4131912044,0.0,0.0,1139.3,349670.0,2727822.6000000006,10146967.959999997,80399902.0,13.445218969603957,29.01869751479966,7.923539555554093
valid,ee_002,11854,146,0.012166666666666666,287,0.023916666666666666,287,0.023916666666666666,9261,447632.7167200945,1102866.0383444163,0.0,0.0,46.0,234838.0,1554928.5000000012,6182988.219999998,20150044.0,7.133001374603356,26.32873819398904,3.2589491170015537
valid,ee_003,11854,146,0.012166666666666666,326,0.027166666666666665,326,0.027166666666666665,8541,213970.83870423486,530611.1186387262,0.0,0.0,12.0,112398.0,715888.4000000007,2668504.439999988,11394582.0,8.230844419871865,23.74156515240474,4.270025497877775
valid,ee_004,11854,146,0.012166666666666666,372,0.031,372,0.031,9110,453029.95545807324,1133110.345575352,0.0,0.0,18.0,221039.0,1551253.800000002,5211600.479999947,27009152.0,8.649826229958766,23.577741846461247,5.182506238467511
valid,ee_005,11854,146,0.012166666666666666,584,0.048666666666666664,584,0.048666666666666664,9176,407178.8086721782,1208550.1686349146,0.0,0.0,2.0,189462.0,1275421.0000000005,5250042.379999994,47923886.0,14.650521650903018,27.710265805280184,9.128285551096837
valid,ee_006,11854,146,0.012166666666666666,933,0.07775,933,0.07775,8370,333360.4958663742,1046873.6821883132,0.0,0.0,0.0,91827.0,1195197.7000000002,4927376.84,25853084.0,9.505487996446991,53.65934681520685,5.246825002327202
valid,ee_007,11854,146,0.012166666666666666,1608,0.134,1608,0.134,7986,344088.36291547155,1599514.0293528647,0.0,0.0,0.0,40521.0,986051.5000000002,6906774.299999997,36841484.0,10.85866629350182,170.44925594136367,5.334108572217282
valid,ee_008,11854,146,0.012166666666666666,3440,0.2866666666666667,3440,0.2866666666666667,6461,146701.10561835667,501415.6539843041,0.0,0.0,0.0,3948.0,576204.0000000002,1756615.199999999,14560586.0,13.015546561487627,444.9379939209724,8.289001484218062
valid,ee_009,11854,146,0.012166666666666666,6317,0.5264166666666666,6317,0.5264166666666666,3306,9007.329846465329,50708.19485626618,0.0,0.0,0.0,0.0,38261.600000000006,159361.8199999998,2528010.0,21.37390033044115,,15.863335396144466
valid,ef_000,11446,554,0.04616666666666667,11396,0.9496666666666667,11396,0.9496666666666667,10,0.06604927485584483,3.715788362976024,0.0,0.0,0.0,0.0,0.0,0.0,350.0,81.79916069761148,,
valid,eg_000,11447,553,0.04608333333333333,11347,0.9455833333333333,11347,0.9455833333333333,24,0.17122390145889752,5.157390049812772,0.0,0.0,0.0,0.0,0.0,0.0,416.0,58.18485718520749,,
official_test,aa_000,16000,0,0.0,84,0.00525,84,0.00525,9237,67996.98375,503534.95322150976,0.0,4.0,10.0,30982.0,242067.8,918064.1000000001,42949672.0,77.37617117455747,29.632176747789043,46.782868429339516
official_test,ab_000,3637,12363,0.7726875,2865,0.1790625,2865,0.1790625,18,0.7720648886444872,2.5892241890533243,0.0,0.0,0.0,0.0,4.0,10.0,58.0,9.392128085792764,,5.8
official_test,ac_000,15074,926,0.057875,2289,0.1430625,2289,0.1430625,1311,358039349.50351596,796696845.9781345,0.0,0.0,0.0,159.0,2130706434.0,2130706448.0,2130706570.0,1.7758522810176864,13400669.484276729,1.0000000572580048
official_test,ad_000,12019,3981,0.2488125,519,0.0324375,519,0.0324375,1202,439.49879357683665,1551.3281093008602,0.0,0.0,2.0,130.0,1602.4000000000015,4349.279999999999,87038.0,26.304835446912037,33.45599999999999,20.01204797115845
official_test,ae_000,15310,690,0.043125,14764,0.92275,14764,0.92275,170,6.428347485303723,118.18646907388795,0.0,0.0,0.0,0.0,0.0,123.63999999999942,11044.0,61.39872672772649,,89.32384341637052
official_test,af_000,15310,690,0.043125,14741,0.9213125,14741,0.9213125,201,10.195950359242325,167.2604629213204,0.0,0.0,0.0,0.0,0.0,200.73999999999796,14186.0,49.497349667793905,,70.66852645212785
official_test,ag_000,15811,189,0.0118125,15749,0.9843125,15749,0.9843125,59,120.8585162228828,6454.660299774413,0.0,0.0,0.0,0.0,0.0,0.0,736174.0,97.90960569028935,,
official_test,ag_001,15811,189,0.0118125,15575,0.9734375,15575,0.9734375,221,2064.2036556827525,89257.77957390761,0.0,0.0,0.0,0.0,0.0,2455.999999999971,10472522.0,104.00983051499797,,4264.056188925132
official_test,ag_002,15811,189,0.0118125,14954,0.934625,14954,0.934625,800,13792.360508506736,235840.51748634237,0.0,0.0,0.0,0.0,245.0,167881.5999999996,19149160.0,46.080613583871674,,114.06348283552245
official_test,ag_003,15811,189,0.0118125,12442,0.777625,12442,0.777625,2835,112627.59597748403,1025842.6637458627,0.0,0.0,0.0,0.0,168204.0,2874212.199999997,73057472.0,31.38980857584959,,25.418259653897536
official_test,ag_004,15811,189,0.0118125,340,0.02125,340,0.02125,8647,490541.91714629054,2794523.9222784787,0.0,0.0,18.0,3722.0,2017575.0,12060137.599999972,189532440.0,25.268969143195598,3240.2304137560377,15.715611735640598
official_test,ag_005,15811,189,0.0118125,499,0.0311875,499,0.0311875,13578,1175855.0965783314,3643970.217051361,0.0,0.0,721.0,180684.0,5088900.0,17823549.199999984,168534742.0,12.010161190355491,98.6448672821057,9.455734102610727
official_test,ag_006,15811,189,0.0118125,326,0.020375,326,0.020375,13400,1697993.8108911517,4063961.427956468,0.0,0.0,1287.0,959138.0,5261497.0,20340384.599999964,76912990.0,7.9089310223329035,21.20694269229242,3.7812947745344077
official_test,ag_007,15811,189,0.0118125,4139,0.2586875,4139,0.2586875,10396,506369.9564859908,1392885.8648579817,0.0,0.0,0.0,116546.0,1717551.0,5397532.599999992,34998154.0,9.97153605168775,46.31246546428013,6.4841023841153
official_test,ag_008,15811,189,0.0118125,6684,0.41775,6684,0.41775,7335,35921.57105812409,242074.03921779944,0.0,0.0,0.0,1732.0,119003.0,416448.599999999,17585008.0,39.05822922587956,240.44376443417954,42.22611866146276
official_test,ag_009,15811,189,0.0118125,10797,0.6748125,10797,0.6748125,2670,5784.848396685851,171407.88583529333,0.0,0.0,0.0,0.0,7955.0,31896.199999999993,13980982.0,58.66757321108355,,438.3275123682446
official_test,ah_000,15825,175,0.0109375,30,0.001875,30,0.001875,14139,1917729.661800948,4556205.465848161,0.0,728.48,1850.4,1011804.0,7508843.999999999,26311252.0,82073576.0,5.645892158361599,26.004297274966298,3.119333736000096
official_test,ai_000,15837,163,0.0101875,14200,0.8875,14200,0.8875,1457,11772.565637431331,226791.35398987948,0.0,0.0,0.0,0.0,9302.799999999963,144273.4399999996,17770090.0,49.05704129103196,,123.16951754945366
official_test,aj_000,15837,163,0.0101875,12476,0.77975,12476,0.77975,460,1255.3918040032834,51598.15901425051,0.0,0.0,0.0,0.0,220.0,1076.1599999999744,3913164.0,65.5466664242514,,3636.2288135594085
official_test,ak_000,14802,1198,0.074875,14698,0.918625,14698,0.918625,59,929.3196865288475,90545.64516047698,0.0,0.0,0.0,0.0,0.0,0.0,10930586.0,118.99476817256568,,
official_test,al_000,15831,169,0.0105625,9915,0.6196875,9915,0.6196875,3809,70887.36908597057,649239.1670250971,0.0,0.0,0.0,0.0,181520.0,1591293.000000001,37779302.0,28.75807208189201,,23.74126072319804
official_test,am_0,15837,163,0.0101875,9857,0.6160625,9857,0.6160625,4357,112102.88728925934,1012688.9974156593,0.0,0.0,0.0,0.0,282835.19999999984,2656513.1199999764,55566902.0,26.811413797028457,,20.91723228530507
official_test,an_000,15831,169,0.0105625,32,0.002,32,0.002,14862,3660704.7078516833,8472479.147697167,0.0,3810.4000000000005,8685.0,1940504.0,13955950.0,47980518.60000017,149868570.0,5.728704068220699,24.725802471935214,3.1235295985316727
official_test,ao_000,15838,162,0.010125,33,0.0020625,33,0.0020625,14816,3178962.805909837,7430516.036289915,0.0,2002.74,6309.4,1667860.0,12077935.999999976,41612109.95999977,142751664.0,5.8763228000527326,24.949402204021784,3.4305317403328517
official_test,ap_000,15831,169,0.0105625,28,0.00175,28,0.00175,14474,1076360.654033226,3425632.1354244105,0.0,3459.8,6910.0,361826.0,4049591.0,17768262.80000001,115613054.0,9.617864353068516,49.107202909685896,6.506716796196866
official_test,aq_000,15838,162,0.010125,45,0.0028125,45,0.0028125,12445,474662.38237151154,1379943.0532303927,0.0,92.0,389.70000000000005,183376.0,1718124.499999997,7229075.3599999985,34558772.0,7.898701394333204,39.422145537038645,4.780524517868632
official_test,ar_000,15236,764,0.04775,14577,0.9110625,14577,0.9110625,41,0.47768443160934626,4.6004195860831585,0.0,0.0,0.0,0.0,0.0,12.0,188.0,21.007489147579818,,15.666666666666666
official_test,as_000,15837,163,0.0101875,15828,0.98925,15828,0.98925,10,699.4376460188167,57903.530436656256,0.0,0.0,0.0,0.0,0.0,0.0,6383704.0,96.94152488078464,,
official_test,at_000,15837,163,0.0101875,14168,0.8855,14168,0.8855,1368,5664.121992801667,126645.75257140542,0.0,0.0,0.0,0.0,3540.0,59924.639999999956,10654346.0,55.07945014321043,,177.79574478878817
official_test,au_000,15837,163,0.0101875,15819,0.9886875,15819,0.9886875,19,559.9369830144598,47576.54134865732,0.0,0.0,0.0,0.0,0.0,0.0,5711474.0,111.61502682473566,,
official_test,av_000,15312,688,0.043,2656,0.166,2656,0.166,2229,1251.0241640543366,7104.836991831341,0.0,0.0,0.0,120.0,4239.399999999987,17419.819999999978,299810.0,22.171898247669798,145.1651666666665,17.21085522123652
official_test,ax_000,15312,688,0.043,2720,0.17,2720,0.17,1287,387.1269592476489,1500.4137857240512,0.0,0.0,0.0,68.0,1518.0,5241.119999999995,53572.0,15.851869364805635,77.07529411764699,10.22147937845347
official_test,ay_000,15808,192,0.012,15647,0.9779375,15647,0.9779375,153,25256.834261133605,1011857.6284984386,0.0,0.0,0.0,0.0,0.0,2.0,74041092.0,57.579807629982504,,37020546.0
official_test,ay_001,15808,192,0.012,15502,0.968875,15502,0.968875,287,15629.2574645749,650179.498296114,0.0,0.0,0.0,0.0,0.0,11614.44000000009,58351582.0,67.82512086318101,,5024.05471120429
official_test,ay_002,15808,192,0.012,15499,0.9686875,15499,0.9686875,295,12767.500126518218,471456.8429098684,0.0,0.0,0.0,0.0,0.0,9212.58000000003,30231168.0,51.264335351170885,,3281.5094143008687
official_test,ay_003,15808,192,0.012,15484,0.96775,15484,0.96775,310,7682.921685222672,216509.39192401234,0.0,0.0,0.0,0.0,0.0,15192.500000000015,12510854.0,41.670315942306736,,823.4888267237116
official_test,ay_004,15808,192,0.012,15225,0.9515625,15225,0.9515625,549,8642.176239878543,264402.247404667,0.0,0.0,0.0,0.0,0.0,20123.300000000003,15260464.0,44.206668529976845,,758.3479846744817
official_test,ay_005,15808,192,0.012,8039,0.5024375,8039,0.5024375,6825,86703.19192813765,767009.0773055286,0.0,0.0,0.0,0.0,248661.8,989568.4600000018,31519254.0,26.61174769926597,,31.851514345960403
official_test,ay_006,15808,192,0.012,4419,0.2761875,4419,0.2761875,10694,1094536.121584008,3322710.164199481,0.0,0.0,0.0,168161.0,3636214.1999999946,12298430.900000205,90066992.0,11.245386284895206,73.13485826083459,7.323453921263931
official_test,ay_007,15808,192,0.012,1988,0.12425,1988,0.12425,12528,1597339.8413461538,5021543.475924725,0.0,0.0,0.0,368637.0,6020810.299999998,24668472.180000037,165520626.0,10.015621551927081,66.91805808966555,6.709804514533164
official_test,ay_008,15808,192,0.012,1255,0.0784375,1255,0.0784375,12719,1183458.541624494,5220942.188831842,0.0,0.0,0.0,101427.0,4567899.599999998,21659386.86000001,326836844.0,23.404783252274118,213.54655920021307,15.089847469486486
official_test,ay_009,15808,192,0.012,15643,0.9776875,15643,0.9776875,153,1141.7139423076924,51790.97085514723,0.0,0.0,0.0,0.0,0.0,4.0,5476238.0,88.64539415443822,,1369059.5
official_test,az_000,15808,192,0.012,294,0.018375,294,0.018375,4972,8086.509109311741,63698.12134129819,0.0,0.0,58.0,2128.0,21819.3,114666.38000000005,4610588.0,48.84351410323021,53.8845770676692,40.20871680086175
official_test,az_001,15808,192,0.012,415,0.0259375,415,0.0259375,3779,4732.4776062753035,30432.037641875173,0.0,0.0,6.0,662.0,14700.0,71910.74,1571186.0,25.32144430150019,108.62649546827795,21.849114610696535
official_test,az_002,15808,192,0.012,352,0.022,352,0.022,4589,7971.603997975709,50501.446435450656,0.0,0.0,10.0,1046.0,24162.0,129373.16000000012,2130518.0,21.415725106735536,123.68370936902497,16.468006192319937
official_test,az_003,15808,192,0.012,317,0.0198125,317,0.0198125,8441,89526.6487854251,718310.0401322836,0.0,0.0,16.0,3715.0,331600.29999999993,973407.2200000022,38615696.0,34.76408716211783,262.0207860026924,39.67064883697895
official_test,az_004,15808,192,0.012,309,0.0193125,309,0.0193125,11513,1531930.743041498,4480546.102162633,0.0,0.0,36.0,92688.0,5379137.699999998,21527768.520000078,132037276.0,9.437295022747115,232.2605787156922,6.1333470711250255
official_test,az_005,15808,192,0.012,303,0.0189375,303,0.0189375,14190,2265302.7756831986,7407088.492621048,0.0,0.0,828.7,543156.0,8980548.699999997,35784356.42000006,481046524.0,21.41619842469569,65.88228137036148,13.442927919506765
official_test,az_006,15808,192,0.012,2234,0.139625,2234,0.139625,5195,105272.0380819838,892446.4011299231,0.0,0.0,0.0,316.0,132967.3,2715783.0200000033,39629830.0,19.58320412796551,8594.250063291149,14.592413940344892
official_test,az_007,15808,192,0.012,12005,0.7503125,12005,0.7503125,1386,19783.892839068827,262020.38796587804,0.0,0.0,0.0,0.0,4701.499999999989,344806.20000000054,11568186.0,22.74181745930632,,33.54982015984626
official_test,az_008,15808,192,0.012,14451,0.9031875,14451,0.9031875,457,530.48620951417,11637.28345104689,0.0,0.0,0.0,0.0,6.0,4376.200000000041,824992.0,44.3075471268078,,188.51789223527086
official_test,az_009,15808,192,0.012,15321,0.9575625,15321,0.9575625,126,20.847165991902834,1251.485229935241,0.0,0.0,0.0,0.0,0.0,20.0,153934.0,118.0661917718872,,7696.7
official_test,ba_000,15807,193,0.0120625,294,0.018375,294,0.018375,14321,1470580.429303473,4001175.7353761257,0.0,0.0,3694.6000000000004,686680.0,5104726.599999982,21018197.760000017,151942334.0,10.01845111981181,30.608431525601468,7.229084802368892
official_test,ba_001,15807,193,0.0120625,308,0.01925,308,0.01925,13031,941611.6052381856,2625933.754503265,0.0,0.0,270.60000000000014,452444.0,3414801.9999999967,12895837.760000026,142000418.0,15.756200880450125,28.50261636799256,11.011337195979094
official_test,ba_002,15807,193,0.0120625,316,0.01975,316,0.01975,12163,436389.09546403494,1277917.0293091573,0.0,0.0,86.0,189490.0,1546730.5999999973,6385506.640000001,48532084.0,10.387412146089435,33.69838323922107,7.600349782112199
official_test,ba_003,15807,193,0.0120625,319,0.0199375,319,0.0199375,11420,290777.8174226608,810836.8003025356,0.0,0.0,60.0,136946.0,993262.7999999993,4276149.680000004,32892744.0,10.163874541837643,31.225079082266035,7.69214046782384
official_test,ba_004,15807,193,0.0120625,326,0.020375,326,0.020375,10622,218215.47858543682,597030.832892242,0.0,0.0,32.0,104084.0,754392.3999999997,3072995.680000023,24017502.0,10.094489786094998,29.52418892433057,7.815664094913346
official_test,ba_005,15807,193,0.0120625,346,0.021625,346,0.021625,10148,198714.0112608338,555505.6860802429,0.0,0.0,22.0,85528.0,697928.1999999977,2688453.6400000188,19240550.0,9.861181464093798,31.433608175100773,7.156734902819402
official_test,ba_006,15807,193,0.0120625,514,0.032125,514,0.032125,9857,215228.2159802619,640732.9237540734,0.0,0.0,14.0,71464.0,742682.5999999996,2972864.36000001,15731706.0,9.636276587997424,41.59946770401895,5.291767162898729
official_test,ba_007,15807,193,0.0120625,2083,0.1301875,2083,0.1301875,8482,190590.05086354146,548938.3617902502,0.0,0.0,0.0,5628.0,759724.4,2326688.680000006,15427264.0,9.354637006273615,413.41305614783334,6.630566492462567
official_test,ba_008,15807,193,0.0120625,6552,0.4095,6552,0.4095,4355,37727.498576579994,248177.944733353,0.0,0.0,0.0,24.0,159279.39999999956,759685.6400000018,19032344.0,34.981327379364075,31653.568333333405,25.05292057383098
official_test,ba_009,15807,193,0.0120625,10479,0.6549375,10479,0.6549375,2376,42205.1833997596,423415.16058630793,0.0,0.0,0.0,0.0,83618.59999999966,1004274.9200000095,37388872.0,48.33187224223359,,37.22971793420834
official_test,bb_000,15825,175,0.0109375,26,0.001625,26,0.001625,14964,4804349.214028436,11903889.298566107,0.0,11456.240000000002,18100.0,2383518.0,18036301.199999996,68364967.92,234981844.0,6.215672340344075,28.68237954150126,3.4371674726004904
official_test,bc_000,15236,764,0.04775,5029,0.3143125,5029,0.3143125,1444,559.7857705434498,3242.8637407200144,0.0,0.0,0.0,16.0,2068.5,11048.699999999972,169372.0,19.479309486773,690.5437499999982,15.329586286169453
official_test,bd_000,15236,764,0.04775,1064,0.0665,1064,0.0665,1856,939.819375164085,4767.400666064505,0.0,0.0,0.0,68.0,3433.0,16643.3,243444.0,19.625310235596928,244.75441176470588,14.627147260459164
official_test,be_000,15310,690,0.043125,1766,0.110375,1766,0.110375,2170,1420.94826910516,7878.795174624481,0.0,0.0,0.0,183.0,4432.199999999997,23709.69999999999,413448.0,20.024632952085483,129.5612021857923,17.437926249594057
official_test,bf_000,15311,689,0.0430625,6699,0.4186875,6699,0.4186875,599,81.93847560577363,562.8824938626731,0.0,0.0,0.0,2.0,249.0,1640.1999999999935,29434.0,22.912615476576544,820.0999999999967,17.945372515546957
official_test,bg_000,15831,169,0.0105625,30,0.001875,30,0.001875,14147,1919084.9368959635,4555955.812098341,0.0,728.6,1853.0,1011986.0,7518400.0,26302088.800000023,82073576.0,5.6407468302663615,25.990565877393582,3.1204204587735984
official_test,bh_000,15831,169,0.0105625,32,0.002,32,0.002,9774,61907.93316909861,165549.99995668512,0.0,72.60000000000002,140.0,26872.0,236858.0,919596.6000000011,3868624.0,6.777992574304375,34.221367966656786,4.206870708308399
official_test,bi_000,15838,162,0.010125,28,0.00175,28,0.00175,14152,514794.2271751484,1570840.303492697,0.0,1306.74,3766.0,183123.0,1903271.2999999956,7926113.559999936,54036070.0,10.658632395387686,43.283004101068336,6.81747360682534
official_test,bj_000,15838,162,0.010125,32,0.002,32,0.002,13432,558968.3981563329,2054807.0510970114,0.0,800.74,1713.7,156587.0,2040569.0999999999,9820111.419999981,64370192.0,10.754846885859983,62.713452713188076,6.554934994821079
official_test,bk_000,9906,6094,0.380875,112,0.007,112,0.007,6501,280200.5047445992,258400.13197756858,0.0,0.0,110960.0,211310.0,1310700.0,1310700.0,1310700.0,3.2227313519940313,6.202735317779566,1.0
official_test,bl_000,8774,7226,0.451625,258,0.016125,258,0.016125,5736,320483.01116936404,314986.80441246665,0.0,0.0,107973.0,223460.0,1310700.0,1310700.0,1310700.0,2.5108983469743054,5.865479280408127,1.0
official_test,bm_000,5454,10546,0.659125,323,0.0201875,323,0.0201875,3555,400614.71580491384,406659.73931079864,0.0,0.0,0.0,239010.0,1310700.0,1310700.0,1310700.0,1.5991661783096875,5.483870967741935,1.0
official_test,bn_000,4287,11713,0.7320625,374,0.023375,374,0.023375,2601,457347.1052017728,459168.1733181519,0.0,0.0,0.0,251620.0,1310700.0,1310700.0,1310700.0,1.176709280200125,5.209045385899372,1.0
official_test,bo_000,3624,12376,0.7735,400,0.025,400,0.025,2024,503282.1578366446,490851.58596135187,0.0,0.0,0.0,268010.0,1310700.0,1310700.0,1310700.0,0.9077921640679417,4.890489160852207,1.0
official_test,bp_000,3279,12721,0.7950625,424,0.0265,424,0.0265,1698,538685.7090576395,512167.05365166283,0.0,0.0,0.0,284840.0,1310700.0,1310700.0,1310700.0,0.7247674560642793,4.601530683892712,1.0
official_test,bq_000,3019,12981,0.8113125,452,0.02825,452,0.02825,1433,567845.9489897317,528481.1884052224,0.0,0.0,0.0,298660.0,1310700.0,1310700.0,1310700.0,0.5840051418862143,4.388602424161253,1.0
official_test,br_000,2871,13129,0.8205625,475,0.0296875,475,0.0296875,1287,587884.465343086,538967.7480352088,0.0,0.0,0.0,311820.0,1310700.0,1310700.0,1310700.0,0.4883285089702619,4.203386569174524,1.0
official_test,bs_000,15798,202,0.012625,29,0.0018125,29,0.0018125,7672,81667.88580833017,86061.11570659715,0.0,2218.8,5660.0,52240.0,241691.99999999997,387756.0000000008,1037240.0,2.144845020437941,7.422588055130184,2.6749811737278026
official_test,bt_000,15972,28,0.00175,26,0.001625,26,0.001625,14442,68070.10285374404,503946.3251709632,0.0,4.1039,10.24,31028.575,242082.34699999995,918234.5392999995,42949672.95,77.32164632696957,29.59319077012075,46.774185800876054
official_test,bu_000,15810,190,0.011875,26,0.001625,26,0.001625,14949,4791851.388361797,11869897.434858287,0.0,11444.84,18100.0,2382638.0,17988599.89999998,68323262.37999997,234981844.0,6.221509451247075,28.675469114485693,3.439265570971702
official_test,bv_000,15810,190,0.011875,26,0.001625,26,0.001625,14948,4791852.041366224,11869898.058494588,0.0,11444.84,18100.0,2382638.0,17988599.89999998,68323262.37999997,234981844.0,6.221508912233471,28.675469114485693,3.439265570971702
official_test,bx_000,15134,866,0.054125,0,0.0,0,0.0,14723,4305277.7150786305,11593158.557314955,170.0,236.0,17769.3,2288692.0,14711142.099999996,63104706.08,531835592.0,11.451795720385817,27.572388980255973,8.42782773325612
official_test,by_000,15893,107,0.0066875,327,0.0204375,327,0.0204375,9054,22932.603221544075,56269.22718733794,0.0,0.0,19.0,12716.0,81204.19999999998,319029.48,924337.0,6.375570344536652,25.088823529411762,2.89734039625429
official_test,bz_000,15237,763,0.0476875,3626,0.226625,3626,0.226625,6551,109007.66607599921,685736.4216756688,0.0,0.0,0.0,1120.0,398288.7999999968,2092225.7599999886,22401370.0,15.914105471164845,1868.0587142857041,10.706956404169368
official_test,ca_000,14794,1206,0.075375,26,0.001625,26,0.001625,11423,39906.596728403405,37035.4098932011,0.0,869.72,1597.3000000000002,26070.0,110668.09999999999,118782.56,120922.0,0.6964582368276498,4.556293057153817,1.0180113983062833
official_test,cb_000,15798,202,0.012625,26,0.001625,26,0.001625,12326,411312.71300164575,370646.54883239826,0.0,8978.2,17057.0,283600.0,1109449.0,1191365.4000000001,1209520.0,0.6466570415251698,4.200865303244006,1.0152384818293363
official_test,cc_000,15135,865,0.0540625,238,0.014875,238,0.014875,13788,3998477.4305913444,10869221.583217485,0.0,0.0,5126.0,2141098.0,13782972.399999984,59390887.11999999,506205818.0,11.607979874418142,27.738518797364712,8.523291072874617
official_test,cd_000,15815,185,0.0115625,0,0.0,0,0.0,1,1209600.0,0.0,1209600.0,1209600.0,1209600.0,1209600.0,1209600.0,1209600.0,1209600.0,0.0,1.0,1.0
official_test,ce_000,15312,688,0.043,3164,0.19775,3164,0.19775,8323,64039.902298850575,142054.5460930195,0.0,0.0,0.0,3404.0,226415.69999999998,640177.6999999973,4399644.0,8.955275517866646,188.06630434782528,6.872535547551904
official_test,cf_000,12019,3981,0.2488125,5677,0.3548125,5677,0.3548125,216,40.77993177469008,1009.0622437815999,0.0,0.0,0.0,2.0,8.0,390.5599999999977,82934.0,56.491881282181325,195.27999999999884,212.34637443670752
official_test,cg_000,12019,3981,0.2488125,736,0.046,736,0.046,388,93.70862800565772,375.2641512230417,0.0,0.0,0.0,46.0,250.0,764.0,14838.0,24.114603395534484,16.608695652173914,19.421465968586386
official_test,ch_000,12019,3981,0.2488125,12016,0.751,12016,0.751,2,0.0004992095848240286,0.03159514227985154,0.0,0.0,0.0,0.0,0.0,0.0,2.0,63.27979974683316,,
official_test,ci_000,15914,86,0.005375,51,0.0031875,51,0.0031875,14572,3656346.72441121,8775294.3277083,0.0,936.1248,1839.984,1882115.04,14150459.375999993,51451881.388799876,133766558.4,5.454276585890854,27.337267008290777,2.5998380387528166
official_test,cj_000,15914,86,0.005375,12554,0.784625,12554,0.784625,2554,117166.94606761342,1369087.3824600778,0.0,0.0,0.0,0.0,75329.13599999981,2272183.2095999895,74498678.4,26.061128860236813,,32.78726736701626
official_test,ck_000,15914,86,0.005375,45,0.0028125,45,0.0028125,14561,757855.8535804951,2308328.5433580815,0.0,1175.9135999999999,2768.304,256016.64,2999274.863999979,11026914.537599986,52801906.56,8.622487947075692,43.07108529195597,4.78845704117449
official_test,cl_000,13541,2459,0.1536875,9853,0.6158125,9853,0.6158125,481,423.8542205154715,5017.130653923613,0.0,0.0,0.0,0.0,134.0,6514.400000000129,129536.0,16.932626299780658,,19.884563428711385
official_test,cm_000,13422,2578,0.161125,6572,0.41075,6572,0.41075,1155,358.6638354939651,2072.7286610454303,0.0,0.0,0.0,6.0,1341.8999999999978,6007.599999999962,98124.0,23.131522569969864,1001.2666666666604,16.333311139223753
official_test,cn_000,15806,194,0.012125,15244,0.95275,15244,0.95275,532,3962.7144122485133,113818.21424244615,0.0,0.0,0.0,0.0,0.0,30785.600000000093,12567090.0,88.4105513645528,,408.2132555480472
official_test,cn_001,15806,194,0.012125,13353,0.8345625,13353,0.8345625,2018,31882.472099202834,464908.7513815837,0.0,0.0,0.0,0.0,22220.5,654269.3000000083,45317856.0,64.14627042867444,,69.26483636019515
official_test,cn_002,15806,194,0.012125,8076,0.50475,8076,0.50475,5731,184958.5114513476,1318690.4626016244,0.0,0.0,0.0,0.0,568753.5,4628613.500000003,83977900.0,25.113114109191226,,18.143208543984056
official_test,cn_003,15806,194,0.012125,657,0.0410625,657,0.0410625,12363,580912.2995065165,2611156.9369970057,0.0,0.0,84.5,34835.0,2381504.5,11160587.000000043,160348272.0,20.893349763398774,320.3842974020394,14.367369028170238
official_test,cn_004,15806,194,0.012125,299,0.0186875,299,0.0186875,13815,1358307.2954574213,3775481.8738240255,0.0,0.0,1389.0,526228.0,4887096.0,18992022.10000001,151749762.0,10.13771375932178,36.09086194577257,7.990184573342505
official_test,cn_005,15806,194,0.012125,318,0.019875,318,0.019875,12711,1376802.4987979247,3268916.536873847,0.0,0.0,426.5,699856.0,4400561.5,16765082.900000013,89357368.0,8.101858097834738,23.955046323815203,5.329968753092174
official_test,cn_006,15806,194,0.012125,677,0.0423125,677,0.0423125,10788,409604.70530178415,1111394.7208125454,0.0,0.0,8.0,100110.0,1498743.5,4631572.4,33969124.0,10.824964590043734,46.264832684047555,7.3342530497849925
official_test,cn_007,15806,194,0.012125,2349,0.1468125,2349,0.1468125,8663,65854.2557256738,361858.17287226854,0.0,0.0,0.0,10166.0,191979.0,1141314.7000000156,13449738.0,15.421112436043657,112.26782411961594,11.784425452506497
official_test,cn_008,15806,194,0.012125,3949,0.2468125,3949,0.2468125,5306,21244.279514108566,218296.65480831568,0.0,0.0,0.0,1888.0,27476.0,305412.60000000114,9628690.0,24.632801270736632,161.76514830508535,31.52682633263973
official_test,cn_009,15806,194,0.012125,6908,0.43175,6908,0.43175,1520,8759.763507528787,172714.08242949116,0.0,0.0,0.0,26.0,1917.0,63623.500000000095,12306772.0,40.288155038373525,2447.057692307696,193.43123217050274
official_test,co_000,12019,3981,0.2488125,3390,0.211875,3390,0.211875,1016,298.69140527498126,1746.8170050298882,0.0,0.0,0.0,8.0,1248.2000000000007,5095.679999999993,61216.0,19.420846161501775,636.9599999999991,12.013313237879947
official_test,cp_000,15237,763,0.0476875,2484,0.15525,2484,0.15525,1225,485.3082627813874,5196.482874803003,0.0,0.0,0.0,14.0,1334.3999999999978,6824.639999999985,364448.0,39.78211113301712,487.47428571428463,53.40179115674978
official_test,cq_000,15810,190,0.011875,26,0.001625,26,0.001625,14949,4791851.470082226,11869897.447408987,0.0,11444.84,18100.0,2382638.0,17988599.89999998,68323262.37999997,234981844.0,6.221509435023593,28.675469114485693,3.439265570971702
official_test,cr_000,3637,12363,0.7726875,3621,0.2263125,3621,0.2263125,16,50.023095958207314,1086.2676055178868,0.0,0.0,0.0,0.0,0.0,0.0,39326.0,27.199776527772695,,
official_test,cs_000,15811,189,0.0118125,295,0.0184375,295,0.0184375,5539,5683.755992663336,13083.755417166416,0.0,0.0,164.0,3238.0,18434.0,51097.99999999987,924996.0,28.224257540596774,15.780728844965989,18.10239148303265
official_test,cs_001,15811,189,0.0118125,335,0.0209375,335,0.0209375,1871,805.6601100499652,2260.51647305394,0.0,0.0,8.0,368.0,2872.0,10112.59999999998,108050.0,13.131519516678486,27.479891304347774,10.684690386250837
official_test,cs_002,15811,189,0.0118125,317,0.0198125,317,0.0198125,9984,258991.68895073052,1384391.189798924,0.0,0.0,12.0,21620.0,873609.0,5185587.599999997,65572940.0,17.617655887880055,239.85141535615156,12.645228479025219
official_test,cs_003,15811,189,0.0118125,314,0.019625,314,0.019625,12002,378540.57731958764,1290165.6716472025,0.0,0.0,10.0,124004.0,1404829.0,5412256.799999999,61737200.0,18.478052447931976,43.645824328247464,11.406923633039735
official_test,cs_004,15811,189,0.0118125,326,0.020375,326,0.020375,12025,485730.1689962684,2469110.0628929585,0.0,0.0,58.0,92856.0,1505548.0,10131851.399999995,152455352.0,21.584966287707466,109.11358878263111,15.04713659736463
official_test,cs_005,15811,189,0.0118125,304,0.019,304,0.019,13840,2341946.6277907784,5941342.597589613,0.0,0.0,838.0,1244718.0,8639034.0,32072984.199999988,244576754.0,9.454406116370665,25.767269534143466,7.625631356124327
official_test,cs_006,15811,189,0.0118125,309,0.0193125,309,0.0193125,13653,552500.8836885713,1105383.8104892508,0.0,0.0,680.0,244748.0,1946365.0,5000854.199999996,27011048.0,7.494873559432962,20.43266625263535,5.401286844155548
official_test,cs_007,15811,189,0.0118125,1374,0.085875,1374,0.085875,8573,14546.450066409461,36095.20587831833,0.0,0.0,0.0,6256.0,49583.0,116169.59999999966,2954392.0,38.44283216129811,18.569309462915545,25.43171363248224
official_test,cs_008,15811,189,0.0118125,3792,0.237,3792,0.237,550,381.96609955094556,24023.170477402167,0.0,0.0,0.0,48.0,432.0,901.5999999999985,2826620.0,107.88326956084697,18.783333333333303,3135.1153504880263
official_test,cs_009,15811,189,0.0118125,15032,0.9395,15032,0.9395,31,1946.7659224590475,244125.86149011322,0.0,0.0,0.0,0.0,0.0,6.0,30696802.0,125.741451633695,,5116133.666666667
official_test,ct_000,12282,3718,0.232375,560,0.035,560,0.035,1616,753.3473375671715,3780.2173744959864,0.0,0.0,2.0,218.0,2568.0,7604.6400000000285,301566.0,48.164502537612556,34.883669724770776,39.655526099854676
official_test,cu_000,12282,3718,0.232375,541,0.0338125,541,0.0338125,1951,1198.3004396678066,6371.465404722915,0.0,0.0,2.0,290.0,4136.0,14063.140000000003,283298.0,29.43511189733937,48.49358620689656,20.144718747022353
official_test,cv_000,12282,3718,0.232375,276,0.01725,276,0.01725,10745,1936069.904412962,3519475.906682916,0.0,0.0,1210.2000000000003,1205520.0,6426244.0,17195636.040000048,67080280.0,6.153820414598641,14.264081923153533,3.901006036878169
official_test,cx_000,12282,3718,0.232375,427,0.0266875,427,0.0266875,8630,361454.39211854746,1501626.7074450743,0.0,0.0,26.0,45464.0,1448579.799999999,6635121.40000006,41692638.0,10.20261703388211,145.94231479852323,6.283628510549878
official_test,cy_000,12282,3718,0.232375,10590,0.661875,10590,0.661875,316,183.26982576127668,4926.788667714593,0.0,0.0,0.0,0.0,66.0,680.380000000001,255292.0,40.09457758432576,,375.21973015079755
official_test,cz_000,12282,3718,0.232375,2359,0.1474375,2359,0.1474375,4344,17016.08679368181,160398.40727688491,0.0,0.0,0.0,212.0,73341.89999999995,210671.88000000114,11263386.0,49.74155086433707,993.7352830188732,53.464116805716735
official_test,da_000,12282,3718,0.232375,12150,0.759375,12150,0.759375,105,7.789122292786192,288.64402160747,0.0,0.0,0.0,0.0,0.0,19.520000000004075,22458.0,68.62910415325553,,1150.512295081727
official_test,db_000,12282,3718,0.232375,7315,0.4571875,7315,0.4571875,89,12.711284807034685,22.786880786817903,0.0,0.0,0.0,0.0,56.0,92.38000000000102,610.0,5.080172777708668,,6.603160857328353
official_test,dc_000,12282,3718,0.232375,276,0.01725,276,0.01725,10786,2207136.479563589,3917375.0262526143,0.0,0.0,1724.1000000000001,1768289.0,7119477.899999994,19456344.00000001,72195158.0,6.061509554657301,11.002920902635266,3.710623023523842
official_test,dd_000,15312,688,0.043,219,0.0136875,219,0.0136875,3722,3378.1366248693835,11048.453160855213,0.0,0.0,34.0,1384.0,11401.999999999956,46263.61999999973,317942.0,12.235781140561343,33.427471098265706,6.872397793341762
official_test,de_000,15236,764,0.04775,222,0.013875,222,0.013875,1135,374.0492255185088,1346.276208074222,0.0,0.0,28.0,146.0,1154.0,4495.999999999985,62916.0,21.709860250639345,30.794520547945105,13.993772241992929
official_test,df_000,14906,1094,0.068375,14595,0.9121875,14595,0.9121875,160,23080.68562994767,1739948.0372734608,0.0,0.0,0.0,0.0,0.0,430.0,203500780.0,109.21467537330506,,473257.62790697673
official_test,dg_000,14906,1094,0.068375,14451,0.9031875,14451,0.9031875,424,12387.536428283913,374156.466333843,0.0,0.0,0.0,0.0,0.0,20472.700000000048,23364394.0,41.01319921653842,,1141.2463426905072
official_test,dh_000,14906,1094,0.068375,13117,0.8198125,13117,0.8198125,455,2784.2989400241513,137079.41783407363,0.0,0.0,0.0,0.0,290.0,10058.00000000003,16037200.0,108.48323964337243,,1594.4720620401624
official_test,di_000,14906,1094,0.068375,12184,0.7615,12184,0.7615,1890,35531.36871058634,443860.8357034862,0.0,0.0,0.0,0.0,44439.0,610873.1000000038,19034926.0,27.818083428538756,,31.160196774092494
official_test,dj_000,14906,1094,0.068375,14854,0.928375,14854,0.928375,26,1.5201932107876024,81.54296686990996,0.0,0.0,0.0,0.0,0.0,0.0,8630.0,88.3824667138249,,
official_test,dk_000,14906,1094,0.068375,14822,0.926375,14822,0.926375,80,900.6286059304978,45387.93153309589,0.0,0.0,0.0,0.0,0.0,0.0,4535872.0,79.80112898439164,,
official_test,dl_000,14906,1094,0.068375,14843,0.9276875,14843,0.9276875,59,30112.61169998658,1205698.0739202234,0.0,0.0,0.0,0.0,0.0,0.0,87475810.0,52.11270003709927,,
official_test,dm_000,14906,1094,0.068375,14836,0.92725,14836,0.92725,69,7534.45095934523,291462.14627593284,0.0,0.0,0.0,0.0,0.0,0.0,18523316.0,49.5413164126453,,
official_test,dn_000,15810,190,0.011875,26,0.001625,26,0.001625,8978,36133.28045540797,105180.59137236103,0.0,80.0,146.0,14598.0,129994.59999999993,560211.66,2924576.0,8.072235821278543,38.375918618988905,5.2204839863561565
official_test,do_000,15236,764,0.04775,3448,0.2155,3448,0.2155,7981,29942.780388553427,73951.50669983978,0.0,0.0,0.0,10906.0,101094.5,268689.99999999965,2472198.0,11.729589649811723,24.636897120850875,9.200930440284354
official_test,dp_000,15236,764,0.04775,3325,0.2078125,3325,0.2078125,5926,7296.6253609871355,16218.714041414472,0.0,0.0,0.0,2591.0,28703.0,60292.5,535316.0,9.45346709755274,23.26997298340409,8.87864991499772
official_test,dq_000,15236,764,0.04775,11849,0.7405625,11849,0.7405625,2743,3700988.9029929116,82097716.21259871,0.0,0.0,0.0,0.0,4680545.0,32359256.0,4135334432.0,37.9675733604772,,127.79448427368045
official_test,dr_000,15236,764,0.04775,11810,0.738125,11810,0.738125,2340,200705.62194801786,1382593.6292870694,0.0,0.0,0.0,0.0,673583.5,5032093.399999996,45825300.0,13.756251035529408,,9.106607599930486
official_test,ds_000,15236,764,0.04775,655,0.0409375,655,0.0409375,9678,93421.9699396167,225908.89524039978,0.0,0.0,10.0,49213.0,318528.5,1183054.899999999,4797414.0,7.396122784732106,24.039479405848027,4.055106825558141
official_test,dt_000,15236,764,0.04775,631,0.0394375,631,0.0394375,7216,15995.176949330533,36646.38359822723,0.0,0.0,6.0,8525.0,54067.5,184885.1999999998,855260.0,7.31946259362817,21.68741348973605,4.625897584014301
official_test,du_000,15236,764,0.04775,839,0.0524375,839,0.0524375,10010,4354386.273300079,12617892.739093909,0.0,0.0,0.0,198760.0,20309955.0,57981578.99999995,351783320.0,8.461967554348952,291.7165375327025,6.067156605031407
official_test,dv_000,15236,764,0.04775,836,0.05225,836,0.05225,10401,644145.6556839065,2324846.266695982,0.0,0.0,0.0,33502.0,2565658.0,9127263.49999998,75338244.0,12.675981384548516,272.43936182914393,8.254198424314163
official_test,dx_000,15236,764,0.04775,10473,0.6545625,10473,0.6545625,4419,782938.1487266999,4031960.1610681782,0.0,0.0,0.0,0.0,3273076.5,17542361.399999995,88668302.0,10.269351727845876,,5.054524871434927
official_test,dy_000,15236,764,0.04775,9604,0.60025,9604,0.60025,2460,8066.130217904962,64277.182901841305,0.0,0.0,0.0,0.0,26727.5,151900.0,3115824.0,22.79759905196361,,20.5123370638578
official_test,dz_000,15238,762,0.047625,15158,0.947375,15158,0.947375,20,0.1707573172332327,8.64405432060077,0.0,0.0,0.0,0.0,0.0,0.0,904.0,85.37624767352159,,
official_test,ea_000,15238,762,0.047625,15013,0.9383125,15013,0.9383125,67,1.4142275889224307,43.167103123966534,0.0,0.0,0.0,0.0,0.0,5.259999999998399,3342.0,56.50482696902352,,635.3612167302314
official_test,eb_000,14906,1094,0.068375,5622,0.351375,5622,0.351375,8698,10705399.868509324,59133473.80217692,0.0,0.0,0.0,666285.0,40955070.0,157269166.0000026,4496965920.0,35.415324918378396,236.03888125952497,28.5940724070472
official_test,ec_00,13356,2644,0.16525,366,0.022875,366,0.022875,10936,1377.3789368074272,3576.2552699850926,0.0,0.0,0.78,774.36,3984.0600000000004,15810.330000000136,83520.48,9.817481236088865,20.417286533395497,5.2826525442542485
official_test,ed_000,13541,2459,0.1536875,416,0.026,416,0.026,2360,1511.2134997415258,3831.7762882857796,0.0,0.0,28.0,850.0,4556.0,17814.000000000055,88388.0,9.454730338000823,20.957647058823593,4.961715504659241
official_test,ee_000,15808,192,0.012,294,0.018375,294,0.018375,13896,786160.1901568826,2887623.9908755934,0.0,0.0,3414.0,266552.0,2757000.0,11703401.28000002,163085734.0,19.65113232259451,43.90663465290082,13.934900641123683
official_test,ee_001,15808,192,0.012,305,0.0190625,305,0.0190625,13233,804960.6890182187,2545611.657784316,0.0,0.0,1164.7,355364.0,2772734.499999999,11186776.200000003,97841920.0,12.118729796052012,31.479767787395467,8.7462123359543
official_test,ee_002,15808,192,0.012,356,0.02225,356,0.02225,11937,464913.4634362348,1255197.1208289757,0.0,0.0,46.0,240986.0,1567929.699999999,6325415.120000004,53823332.0,11.512488174498197,26.24806055123536,8.509059244162298
official_test,ee_003,15808,192,0.012,406,0.025375,406,0.025375,11038,221200.96242408906,582869.1324717256,0.0,0.0,12.0,114780.0,741161.8999999996,2730841.220000008,22079694.0,10.164580164255643,23.791960446070814,8.085308599523753
official_test,ee_004,15808,192,0.012,469,0.0293125,469,0.0293125,11817,469088.57249493926,1267549.7373243659,0.0,0.0,18.0,229708.0,1575685.4999999993,5280081.84000001,48597502.0,11.129863707554383,22.986059867309844,9.203929687574673
official_test,ee_005,15808,192,0.012,735,0.0459375,735,0.0459375,11915,425669.5517459514,1259559.91978004,0.0,0.0,4.0,195651.0,1394434.0999999982,5962153.980000014,56043478.0,13.258577821562882,30.47341429381917,9.399870950666031
official_test,ee_006,15808,192,0.012,1151,0.0719375,1151,0.0719375,10831,355923.9238360324,1199543.6838300694,0.0,0.0,0.0,96570.0,1293832.4999999995,5288212.4000000125,42159442.0,11.210589246389707,54.760405923164676,7.972342790164763
official_test,ee_007,15808,192,0.012,2061,0.1288125,2061,0.1288125,10271,352401.4306680162,1628544.7471796237,0.0,0.0,0.0,42013.0,1083312.0999999994,7010869.680000005,47471374.0,11.692208954892738,166.8738171518341,6.771110599220262
official_test,ee_008,15808,192,0.012,4500,0.28125,4500,0.28125,8314,144275.9219382591,536822.502207219,0.0,0.0,0.0,3985.0,555701.5999999997,1565441.6400000006,17185754.0,15.750578654565402,392.8335357590968,10.978214428996532
official_test,ee_009,15808,192,0.012,8432,0.527,8432,0.527,4042,8560.354883603239,53299.45992215579,0.0,0.0,0.0,0.0,37470.79999999996,149034.28000000006,4570398.0,45.33984036357049,,30.666756668331598
official_test,ef_000,15238,762,0.047625,15167,0.9479375,15167,0.9479375,12,0.06496915605722536,3.3746570299704057,0.0,0.0,0.0,0.0,0.0,0.0,340.0,82.77137827644243,,
official_test,eg_000,15238,762,0.047625,15107,0.9441875,15107,0.9441875,24,0.2426827667672923,14.339059280944698,0.0,0.0,0.0,0.0,0.0,0.0,1720.0,113.82855140052322,,
