model_name,strategy,threshold,precision,recall,f1,f2,average_precision,tn,fp,fn,tp,false_positive_cost,false_negative_cost,total_cost
dummy_prior,drop_high_missing_median,0.01,0.0234375,1.0,0.04580152671755725,0.10714285714285714,0.0234375,0,15625,0,375,10,500,156250
dummy_prior,drop_high_missing_median,0.02,0.0,0.0,0.0,0.0,0.0234375,15625,0,375,0,10,500,187500
dummy_prior,drop_high_missing_median,0.03,0.0,0.0,0.0,0.0,0.0234375,15625,0,375,0,10,500,187500
dummy_prior,drop_high_missing_median,0.04,0.0,0.0,0.0,0.0,0.0234375,15625,0,375,0,10,500,187500
dummy_prior,drop_high_missing_median,0.05,0.0,0.0,0.0,0.0,0.0234375,15625,0,375,0,10,500,187500
dummy_prior,drop_high_missing_median,0.06,0.0,0.0,0.0,0.0,0.0234375,15625,0,375,0,10,500,187500
dummy_prior,drop_high_missing_median,0.07,0.0,0.0,0.0,0.0,0.0234375,15625,0,375,0,10,500,187500
dummy_prior,drop_high_missing_median,0.08,0.0,0.0,0.0,0.0,0.0234375,15625,0,375,0,10,500,187500
dummy_prior,drop_high_missing_median,0.09,0.0,0.0,0.0,0.0,0.0234375,15625,0,375,0,10,500,187500
dummy_prior,drop_high_missing_median,0.1,0.0,0.0,0.0,0.0,0.0234375,15625,0,375,0,10,500,187500
dummy_prior,drop_high_missing_median,0.11,0.0,0.0,0.0,0.0,0.0234375,15625,0,375,0,10,500,187500
dummy_prior,drop_high_missing_median,0.12,0.0,0.0,0.0,0.0,0.0234375,15625,0,375,0,10,500,187500
dummy_prior,drop_high_missing_median,0.13,0.0,0.0,0.0,0.0,0.0234375,15625,0,375,0,10,500,187500
dummy_prior,drop_high_missing_median,0.14,0.0,0.0,0.0,0.0,0.0234375,15625,0,375,0,10,500,187500
dummy_prior,drop_high_missing_median,0.15,0.0,0.0,0.0,0.0,0.0234375,15625,0,375,0,10,500,187500
dummy_prior,drop_high_missing_median,0.16,0.0,0.0,0.0,0.0,0.0234375,15625,0,375,0,10,500,187500
dummy_prior,drop_high_missing_median,0.17,0.0,0.0,0.0,0.0,0.0234375,15625,0,375,0,10,500,187500
dummy_prior,drop_high_missing_median,0.18,0.0,0.0,0.0,0.0,0.0234375,15625,0,375,0,10,500,187500
dummy_prior,drop_high_missing_median,0.19,0.0,0.0,0.0,0.0,0.0234375,15625,0,375,0,10,500,187500
dummy_prior,drop_high_missing_median,0.2,0.0,0.0,0.0,0.0,0.0234375,15625,0,375,0,10,500,187500
dummy_prior,drop_high_missing_median,0.21,0.0,0.0,0.0,0.0,0.0234375,15625,0,375,0,10,500,187500
dummy_prior,drop_high_missing_median,0.22,0.0,0.0,0.0,0.0,0.0234375,15625,0,375,0,10,500,187500
dummy_prior,drop_high_missing_median,0.23,0.0,0.0,0.0,0.0,0.0234375,15625,0,375,0,10,500,187500
dummy_prior,drop_high_missing_median,0.24,0.0,0.0,0.0,0.0,0.0234375,15625,0,375,0,10,500,187500
dummy_prior,drop_high_missing_median,0.25,0.0,0.0,0.0,0.0,0.0234375,15625,0,375,0,10,500,187500
dummy_prior,drop_high_missing_median,0.26,0.0,0.0,0.0,0.0,0.0234375,15625,0,375,0,10,500,187500
dummy_prior,drop_high_missing_median,0.27,0.0,0.0,0.0,0.0,0.0234375,15625,0,375,0,10,500,187500
dummy_prior,drop_high_missing_median,0.28,0.0,0.0,0.0,0.0,0.0234375,15625,0,375,0,10,500,187500
dummy_prior,drop_high_missing_median,0.29,0.0,0.0,0.0,0.0,0.0234375,15625,0,375,0,10,500,187500
dummy_prior,drop_high_missing_median,0.3,0.0,0.0,0.0,0.0,0.0234375,15625,0,375,0,10,500,187500
dummy_prior,drop_high_missing_median,0.31,0.0,0.0,0.0,0.0,0.0234375,15625,0,375,0,10,500,187500
dummy_prior,drop_high_missing_median,0.32,0.0,0.0,0.0,0.0,0.0234375,15625,0,375,0,10,500,187500
dummy_prior,drop_high_missing_median,0.33,0.0,0.0,0.0,0.0,0.0234375,15625,0,375,0,10,500,187500
dummy_prior,drop_high_missing_median,0.34,0.0,0.0,0.0,0.0,0.0234375,15625,0,375,0,10,500,187500
dummy_prior,drop_high_missing_median,0.35,0.0,0.0,0.0,0.0,0.0234375,15625,0,375,0,10,500,187500
dummy_prior,drop_high_missing_median,0.36,0.0,0.0,0.0,0.0,0.0234375,15625,0,375,0,10,500,187500
dummy_prior,drop_high_missing_median,0.37,0.0,0.0,0.0,0.0,0.0234375,15625,0,375,0,10,500,187500
dummy_prior,drop_high_missing_median,0.38,0.0,0.0,0.0,0.0,0.0234375,15625,0,375,0,10,500,187500
dummy_prior,drop_high_missing_median,0.39,0.0,0.0,0.0,0.0,0.0234375,15625,0,375,0,10,500,187500
dummy_prior,drop_high_missing_median,0.4,0.0,0.0,0.0,0.0,0.0234375,15625,0,375,0,10,500,187500
dummy_prior,drop_high_missing_median,0.41,0.0,0.0,0.0,0.0,0.0234375,15625,0,375,0,10,500,187500
dummy_prior,drop_high_missing_median,0.42,0.0,0.0,0.0,0.0,0.0234375,15625,0,375,0,10,500,187500
dummy_prior,drop_high_missing_median,0.43,0.0,0.0,0.0,0.0,0.0234375,15625,0,375,0,10,500,187500
dummy_prior,drop_high_missing_median,0.44,0.0,0.0,0.0,0.0,0.0234375,15625,0,375,0,10,500,187500
dummy_prior,drop_high_missing_median,0.45,0.0,0.0,0.0,0.0,0.0234375,15625,0,375,0,10,500,187500
dummy_prior,drop_high_missing_median,0.46,0.0,0.0,0.0,0.0,0.0234375,15625,0,375,0,10,500,187500
dummy_prior,drop_high_missing_median,0.47,0.0,0.0,0.0,0.0,0.0234375,15625,0,375,0,10,500,187500
dummy_prior,drop_high_missing_median,0.48,0.0,0.0,0.0,0.0,0.0234375,15625,0,375,0,10,500,187500
dummy_prior,drop_high_missing_median,0.49,0.0,0.0,0.0,0.0,0.0234375,15625,0,375,0,10,500,187500
dummy_prior,drop_high_missing_median,0.5,0.0,0.0,0.0,0.0,0.0234375,15625,0,375,0,10,500,187500
dummy_prior,drop_high_missing_median,0.51,0.0,0.0,0.0,0.0,0.0234375,15625,0,375,0,10,500,187500
dummy_prior,drop_high_missing_median,0.52,0.0,0.0,0.0,0.0,0.0234375,15625,0,375,0,10,500,187500
dummy_prior,drop_high_missing_median,0.53,0.0,0.0,0.0,0.0,0.0234375,15625,0,375,0,10,500,187500
dummy_prior,drop_high_missing_median,0.54,0.0,0.0,0.0,0.0,0.0234375,15625,0,375,0,10,500,187500
dummy_prior,drop_high_missing_median,0.55,0.0,0.0,0.0,0.0,0.0234375,15625,0,375,0,10,500,187500
dummy_prior,drop_high_missing_median,0.56,0.0,0.0,0.0,0.0,0.0234375,15625,0,375,0,10,500,187500
dummy_prior,drop_high_missing_median,0.57,0.0,0.0,0.0,0.0,0.0234375,15625,0,375,0,10,500,187500
dummy_prior,drop_high_missing_median,0.58,0.0,0.0,0.0,0.0,0.0234375,15625,0,375,0,10,500,187500
dummy_prior,drop_high_missing_median,0.59,0.0,0.0,0.0,0.0,0.0234375,15625,0,375,0,10,500,187500
dummy_prior,drop_high_missing_median,0.6,0.0,0.0,0.0,0.0,0.0234375,15625,0,375,0,10,500,187500
dummy_prior,drop_high_missing_median,0.61,0.0,0.0,0.0,0.0,0.0234375,15625,0,375,0,10,500,187500
dummy_prior,drop_high_missing_median,0.62,0.0,0.0,0.0,0.0,0.0234375,15625,0,375,0,10,500,187500
dummy_prior,drop_high_missing_median,0.63,0.0,0.0,0.0,0.0,0.0234375,15625,0,375,0,10,500,187500
dummy_prior,drop_high_missing_median,0.64,0.0,0.0,0.0,0.0,0.0234375,15625,0,375,0,10,500,187500
dummy_prior,drop_high_missing_median,0.65,0.0,0.0,0.0,0.0,0.0234375,15625,0,375,0,10,500,187500
dummy_prior,drop_high_missing_median,0.66,0.0,0.0,0.0,0.0,0.0234375,15625,0,375,0,10,500,187500
dummy_prior,drop_high_missing_median,0.67,0.0,0.0,0.0,0.0,0.0234375,15625,0,375,0,10,500,187500
dummy_prior,drop_high_missing_median,0.68,0.0,0.0,0.0,0.0,0.0234375,15625,0,375,0,10,500,187500
dummy_prior,drop_high_missing_median,0.69,0.0,0.0,0.0,0.0,0.0234375,15625,0,375,0,10,500,187500
dummy_prior,drop_high_missing_median,0.7,0.0,0.0,0.0,0.0,0.0234375,15625,0,375,0,10,500,187500
dummy_prior,drop_high_missing_median,0.71,0.0,0.0,0.0,0.0,0.0234375,15625,0,375,0,10,500,187500
dummy_prior,drop_high_missing_median,0.72,0.0,0.0,0.0,0.0,0.0234375,15625,0,375,0,10,500,187500
dummy_prior,drop_high_missing_median,0.73,0.0,0.0,0.0,0.0,0.0234375,15625,0,375,0,10,500,187500
dummy_prior,drop_high_missing_median,0.74,0.0,0.0,0.0,0.0,0.0234375,15625,0,375,0,10,500,187500
dummy_prior,drop_high_missing_median,0.75,0.0,0.0,0.0,0.0,0.0234375,15625,0,375,0,10,500,187500
dummy_prior,drop_high_missing_median,0.76,0.0,0.0,0.0,0.0,0.0234375,15625,0,375,0,10,500,187500
dummy_prior,drop_high_missing_median,0.77,0.0,0.0,0.0,0.0,0.0234375,15625,0,375,0,10,500,187500
dummy_prior,drop_high_missing_median,0.78,0.0,0.0,0.0,0.0,0.0234375,15625,0,375,0,10,500,187500
dummy_prior,drop_high_missing_median,0.79,0.0,0.0,0.0,0.0,0.0234375,15625,0,375,0,10,500,187500
dummy_prior,drop_high_missing_median,0.8,0.0,0.0,0.0,0.0,0.0234375,15625,0,375,0,10,500,187500
dummy_prior,drop_high_missing_median,0.81,0.0,0.0,0.0,0.0,0.0234375,15625,0,375,0,10,500,187500
dummy_prior,drop_high_missing_median,0.82,0.0,0.0,0.0,0.0,0.0234375,15625,0,375,0,10,500,187500
dummy_prior,drop_high_missing_median,0.83,0.0,0.0,0.0,0.0,0.0234375,15625,0,375,0,10,500,187500
dummy_prior,drop_high_missing_median,0.84,0.0,0.0,0.0,0.0,0.0234375,15625,0,375,0,10,500,187500
dummy_prior,drop_high_missing_median,0.85,0.0,0.0,0.0,0.0,0.0234375,15625,0,375,0,10,500,187500
dummy_prior,drop_high_missing_median,0.86,0.0,0.0,0.0,0.0,0.0234375,15625,0,375,0,10,500,187500
dummy_prior,drop_high_missing_median,0.87,0.0,0.0,0.0,0.0,0.0234375,15625,0,375,0,10,500,187500
dummy_prior,drop_high_missing_median,0.88,0.0,0.0,0.0,0.0,0.0234375,15625,0,375,0,10,500,187500
dummy_prior,drop_high_missing_median,0.89,0.0,0.0,0.0,0.0,0.0234375,15625,0,375,0,10,500,187500
dummy_prior,drop_high_missing_median,0.9,0.0,0.0,0.0,0.0,0.0234375,15625,0,375,0,10,500,187500
dummy_prior,drop_high_missing_median,0.91,0.0,0.0,0.0,0.0,0.0234375,15625,0,375,0,10,500,187500
dummy_prior,drop_high_missing_median,0.92,0.0,0.0,0.0,0.0,0.0234375,15625,0,375,0,10,500,187500
dummy_prior,drop_high_missing_median,0.93,0.0,0.0,0.0,0.0,0.0234375,15625,0,375,0,10,500,187500
dummy_prior,drop_high_missing_median,0.94,0.0,0.0,0.0,0.0,0.0234375,15625,0,375,0,10,500,187500
dummy_prior,drop_high_missing_median,0.95,0.0,0.0,0.0,0.0,0.0234375,15625,0,375,0,10,500,187500
dummy_prior,drop_high_missing_median,0.96,0.0,0.0,0.0,0.0,0.0234375,15625,0,375,0,10,500,187500
dummy_prior,drop_high_missing_median,0.97,0.0,0.0,0.0,0.0,0.0234375,15625,0,375,0,10,500,187500
dummy_prior,drop_high_missing_median,0.98,0.0,0.0,0.0,0.0,0.0234375,15625,0,375,0,10,500,187500
dummy_prior,drop_high_missing_median,0.99,0.0,0.0,0.0,0.0,0.0234375,15625,0,375,0,10,500,187500
dummy_prior,median_all,0.01,0.0234375,1.0,0.04580152671755725,0.10714285714285714,0.0234375,0,15625,0,375,10,500,156250
dummy_prior,median_all,0.02,0.0,0.0,0.0,0.0,0.0234375,15625,0,375,0,10,500,187500
dummy_prior,median_all,0.03,0.0,0.0,0.0,0.0,0.0234375,15625,0,375,0,10,500,187500
dummy_prior,median_all,0.04,0.0,0.0,0.0,0.0,0.0234375,15625,0,375,0,10,500,187500
dummy_prior,median_all,0.05,0.0,0.0,0.0,0.0,0.0234375,15625,0,375,0,10,500,187500
dummy_prior,median_all,0.06,0.0,0.0,0.0,0.0,0.0234375,15625,0,375,0,10,500,187500
dummy_prior,median_all,0.07,0.0,0.0,0.0,0.0,0.0234375,15625,0,375,0,10,500,187500
dummy_prior,median_all,0.08,0.0,0.0,0.0,0.0,0.0234375,15625,0,375,0,10,500,187500
dummy_prior,median_all,0.09,0.0,0.0,0.0,0.0,0.0234375,15625,0,375,0,10,500,187500
dummy_prior,median_all,0.1,0.0,0.0,0.0,0.0,0.0234375,15625,0,375,0,10,500,187500
dummy_prior,median_all,0.11,0.0,0.0,0.0,0.0,0.0234375,15625,0,375,0,10,500,187500
dummy_prior,median_all,0.12,0.0,0.0,0.0,0.0,0.0234375,15625,0,375,0,10,500,187500
dummy_prior,median_all,0.13,0.0,0.0,0.0,0.0,0.0234375,15625,0,375,0,10,500,187500
dummy_prior,median_all,0.14,0.0,0.0,0.0,0.0,0.0234375,15625,0,375,0,10,500,187500
dummy_prior,median_all,0.15,0.0,0.0,0.0,0.0,0.0234375,15625,0,375,0,10,500,187500
dummy_prior,median_all,0.16,0.0,0.0,0.0,0.0,0.0234375,15625,0,375,0,10,500,187500
dummy_prior,median_all,0.17,0.0,0.0,0.0,0.0,0.0234375,15625,0,375,0,10,500,187500
dummy_prior,median_all,0.18,0.0,0.0,0.0,0.0,0.0234375,15625,0,375,0,10,500,187500
dummy_prior,median_all,0.19,0.0,0.0,0.0,0.0,0.0234375,15625,0,375,0,10,500,187500
dummy_prior,median_all,0.2,0.0,0.0,0.0,0.0,0.0234375,15625,0,375,0,10,500,187500
dummy_prior,median_all,0.21,0.0,0.0,0.0,0.0,0.0234375,15625,0,375,0,10,500,187500
dummy_prior,median_all,0.22,0.0,0.0,0.0,0.0,0.0234375,15625,0,375,0,10,500,187500
dummy_prior,median_all,0.23,0.0,0.0,0.0,0.0,0.0234375,15625,0,375,0,10,500,187500
dummy_prior,median_all,0.24,0.0,0.0,0.0,0.0,0.0234375,15625,0,375,0,10,500,187500
dummy_prior,median_all,0.25,0.0,0.0,0.0,0.0,0.0234375,15625,0,375,0,10,500,187500
dummy_prior,median_all,0.26,0.0,0.0,0.0,0.0,0.0234375,15625,0,375,0,10,500,187500
dummy_prior,median_all,0.27,0.0,0.0,0.0,0.0,0.0234375,15625,0,375,0,10,500,187500
dummy_prior,median_all,0.28,0.0,0.0,0.0,0.0,0.0234375,15625,0,375,0,10,500,187500
dummy_prior,median_all,0.29,0.0,0.0,0.0,0.0,0.0234375,15625,0,375,0,10,500,187500
dummy_prior,median_all,0.3,0.0,0.0,0.0,0.0,0.0234375,15625,0,375,0,10,500,187500
dummy_prior,median_all,0.31,0.0,0.0,0.0,0.0,0.0234375,15625,0,375,0,10,500,187500
dummy_prior,median_all,0.32,0.0,0.0,0.0,0.0,0.0234375,15625,0,375,0,10,500,187500
dummy_prior,median_all,0.33,0.0,0.0,0.0,0.0,0.0234375,15625,0,375,0,10,500,187500
dummy_prior,median_all,0.34,0.0,0.0,0.0,0.0,0.0234375,15625,0,375,0,10,500,187500
dummy_prior,median_all,0.35,0.0,0.0,0.0,0.0,0.0234375,15625,0,375,0,10,500,187500
dummy_prior,median_all,0.36,0.0,0.0,0.0,0.0,0.0234375,15625,0,375,0,10,500,187500
dummy_prior,median_all,0.37,0.0,0.0,0.0,0.0,0.0234375,15625,0,375,0,10,500,187500
dummy_prior,median_all,0.38,0.0,0.0,0.0,0.0,0.0234375,15625,0,375,0,10,500,187500
dummy_prior,median_all,0.39,0.0,0.0,0.0,0.0,0.0234375,15625,0,375,0,10,500,187500
dummy_prior,median_all,0.4,0.0,0.0,0.0,0.0,0.0234375,15625,0,375,0,10,500,187500
dummy_prior,median_all,0.41,0.0,0.0,0.0,0.0,0.0234375,15625,0,375,0,10,500,187500
dummy_prior,median_all,0.42,0.0,0.0,0.0,0.0,0.0234375,15625,0,375,0,10,500,187500
dummy_prior,median_all,0.43,0.0,0.0,0.0,0.0,0.0234375,15625,0,375,0,10,500,187500
dummy_prior,median_all,0.44,0.0,0.0,0.0,0.0,0.0234375,15625,0,375,0,10,500,187500
dummy_prior,median_all,0.45,0.0,0.0,0.0,0.0,0.0234375,15625,0,375,0,10,500,187500
dummy_prior,median_all,0.46,0.0,0.0,0.0,0.0,0.0234375,15625,0,375,0,10,500,187500
dummy_prior,median_all,0.47,0.0,0.0,0.0,0.0,0.0234375,15625,0,375,0,10,500,187500
dummy_prior,median_all,0.48,0.0,0.0,0.0,0.0,0.0234375,15625,0,375,0,10,500,187500
dummy_prior,median_all,0.49,0.0,0.0,0.0,0.0,0.0234375,15625,0,375,0,10,500,187500
dummy_prior,median_all,0.5,0.0,0.0,0.0,0.0,0.0234375,15625,0,375,0,10,500,187500
dummy_prior,median_all,0.51,0.0,0.0,0.0,0.0,0.0234375,15625,0,375,0,10,500,187500
dummy_prior,median_all,0.52,0.0,0.0,0.0,0.0,0.0234375,15625,0,375,0,10,500,187500
dummy_prior,median_all,0.53,0.0,0.0,0.0,0.0,0.0234375,15625,0,375,0,10,500,187500
dummy_prior,median_all,0.54,0.0,0.0,0.0,0.0,0.0234375,15625,0,375,0,10,500,187500
dummy_prior,median_all,0.55,0.0,0.0,0.0,0.0,0.0234375,15625,0,375,0,10,500,187500
dummy_prior,median_all,0.56,0.0,0.0,0.0,0.0,0.0234375,15625,0,375,0,10,500,187500
dummy_prior,median_all,0.57,0.0,0.0,0.0,0.0,0.0234375,15625,0,375,0,10,500,187500
dummy_prior,median_all,0.58,0.0,0.0,0.0,0.0,0.0234375,15625,0,375,0,10,500,187500
dummy_prior,median_all,0.59,0.0,0.0,0.0,0.0,0.0234375,15625,0,375,0,10,500,187500
dummy_prior,median_all,0.6,0.0,0.0,0.0,0.0,0.0234375,15625,0,375,0,10,500,187500
dummy_prior,median_all,0.61,0.0,0.0,0.0,0.0,0.0234375,15625,0,375,0,10,500,187500
dummy_prior,median_all,0.62,0.0,0.0,0.0,0.0,0.0234375,15625,0,375,0,10,500,187500
dummy_prior,median_all,0.63,0.0,0.0,0.0,0.0,0.0234375,15625,0,375,0,10,500,187500
dummy_prior,median_all,0.64,0.0,0.0,0.0,0.0,0.0234375,15625,0,375,0,10,500,187500
dummy_prior,median_all,0.65,0.0,0.0,0.0,0.0,0.0234375,15625,0,375,0,10,500,187500
dummy_prior,median_all,0.66,0.0,0.0,0.0,0.0,0.0234375,15625,0,375,0,10,500,187500
dummy_prior,median_all,0.67,0.0,0.0,0.0,0.0,0.0234375,15625,0,375,0,10,500,187500
dummy_prior,median_all,0.68,0.0,0.0,0.0,0.0,0.0234375,15625,0,375,0,10,500,187500
dummy_prior,median_all,0.69,0.0,0.0,0.0,0.0,0.0234375,15625,0,375,0,10,500,187500
dummy_prior,median_all,0.7,0.0,0.0,0.0,0.0,0.0234375,15625,0,375,0,10,500,187500
dummy_prior,median_all,0.71,0.0,0.0,0.0,0.0,0.0234375,15625,0,375,0,10,500,187500
dummy_prior,median_all,0.72,0.0,0.0,0.0,0.0,0.0234375,15625,0,375,0,10,500,187500
dummy_prior,median_all,0.73,0.0,0.0,0.0,0.0,0.0234375,15625,0,375,0,10,500,187500
dummy_prior,median_all,0.74,0.0,0.0,0.0,0.0,0.0234375,15625,0,375,0,10,500,187500
dummy_prior,median_all,0.75,0.0,0.0,0.0,0.0,0.0234375,15625,0,375,0,10,500,187500
dummy_prior,median_all,0.76,0.0,0.0,0.0,0.0,0.0234375,15625,0,375,0,10,500,187500
dummy_prior,median_all,0.77,0.0,0.0,0.0,0.0,0.0234375,15625,0,375,0,10,500,187500
dummy_prior,median_all,0.78,0.0,0.0,0.0,0.0,0.0234375,15625,0,375,0,10,500,187500
dummy_prior,median_all,0.79,0.0,0.0,0.0,0.0,0.0234375,15625,0,375,0,10,500,187500
dummy_prior,median_all,0.8,0.0,0.0,0.0,0.0,0.0234375,15625,0,375,0,10,500,187500
dummy_prior,median_all,0.81,0.0,0.0,0.0,0.0,0.0234375,15625,0,375,0,10,500,187500
dummy_prior,median_all,0.82,0.0,0.0,0.0,0.0,0.0234375,15625,0,375,0,10,500,187500
dummy_prior,median_all,0.83,0.0,0.0,0.0,0.0,0.0234375,15625,0,375,0,10,500,187500
dummy_prior,median_all,0.84,0.0,0.0,0.0,0.0,0.0234375,15625,0,375,0,10,500,187500
dummy_prior,median_all,0.85,0.0,0.0,0.0,0.0,0.0234375,15625,0,375,0,10,500,187500
dummy_prior,median_all,0.86,0.0,0.0,0.0,0.0,0.0234375,15625,0,375,0,10,500,187500
dummy_prior,median_all,0.87,0.0,0.0,0.0,0.0,0.0234375,15625,0,375,0,10,500,187500
dummy_prior,median_all,0.88,0.0,0.0,0.0,0.0,0.0234375,15625,0,375,0,10,500,187500
dummy_prior,median_all,0.89,0.0,0.0,0.0,0.0,0.0234375,15625,0,375,0,10,500,187500
dummy_prior,median_all,0.9,0.0,0.0,0.0,0.0,0.0234375,15625,0,375,0,10,500,187500
dummy_prior,median_all,0.91,0.0,0.0,0.0,0.0,0.0234375,15625,0,375,0,10,500,187500
dummy_prior,median_all,0.92,0.0,0.0,0.0,0.0,0.0234375,15625,0,375,0,10,500,187500
dummy_prior,median_all,0.93,0.0,0.0,0.0,0.0,0.0234375,15625,0,375,0,10,500,187500
dummy_prior,median_all,0.94,0.0,0.0,0.0,0.0,0.0234375,15625,0,375,0,10,500,187500
dummy_prior,median_all,0.95,0.0,0.0,0.0,0.0,0.0234375,15625,0,375,0,10,500,187500
dummy_prior,median_all,0.96,0.0,0.0,0.0,0.0,0.0234375,15625,0,375,0,10,500,187500
dummy_prior,median_all,0.97,0.0,0.0,0.0,0.0,0.0234375,15625,0,375,0,10,500,187500
dummy_prior,median_all,0.98,0.0,0.0,0.0,0.0,0.0234375,15625,0,375,0,10,500,187500
dummy_prior,median_all,0.99,0.0,0.0,0.0,0.0,0.0234375,15625,0,375,0,10,500,187500
logistic_regression_balanced,drop_high_missing_median,0.01,0.025345937799698588,0.9866666666666667,0.04942229346156415,0.11492110821220028,0.7993586922480513,1397,14228,5,370,10,500,144780
logistic_regression_balanced,drop_high_missing_median,0.02,0.03155650319829424,0.9866666666666667,0.06115702479338843,0.13988657844990549,0.7993586922480513,4270,11355,5,370,10,500,116050
logistic_regression_balanced,drop_high_missing_median,0.03,0.05647130647130647,0.9866666666666667,0.10682835282228959,0.2297565822155986,0.7993586922480513,9443,6182,5,370,10,500,64320
logistic_regression_balanced,drop_high_missing_median,0.04,0.07681099084096586,0.984,0.14249855184398533,0.2926713197969543,0.7993586922480513,11190,4435,6,369,10,500,47350
logistic_regression_balanced,drop_high_missing_median,0.05,0.10388513513513513,0.984,0.18792971734148206,0.3652019002375297,0.7993586922480513,12442,3183,6,369,10,500,34830
logistic_regression_balanced,drop_high_missing_median,0.06,0.1325907294286741,0.984,0.233692210259658,0.4307728227877656,0.7993586922480513,13211,2414,6,369,10,500,27140
logistic_regression_balanced,drop_high_missing_median,0.07,0.15632965165675447,0.9813333333333333,0.2696958592891169,0.4774260508562532,0.7993586922480513,13639,1986,7,368,10,500,23360
logistic_regression_balanced,drop_high_missing_median,0.08,0.17559808612440192,0.9786666666666667,0.2977687626774848,0.5111420612813371,0.7993586922480513,13902,1723,8,367,10,500,21230
logistic_regression_balanced,drop_high_missing_median,0.09,0.19150052465897166,0.9733333333333334,0.3200350723366944,0.5358191426893717,0.7993586922480513,14084,1541,10,365,10,500,20410
logistic_regression_balanced,drop_high_missing_median,0.1,0.20907524411257897,0.9706666666666667,0.3440453686200378,0.5615550755939525,0.7993586922480513,14248,1377,11,364,10,500,19270
logistic_regression_balanced,drop_high_missing_median,0.11,0.22413793103448276,0.9706666666666667,0.36418209104552274,0.5825864276568502,0.7993586922480513,14365,1260,11,364,10,500,18100
logistic_regression_balanced,drop_high_missing_median,0.12,0.236328125,0.968,0.37990580847723704,0.5978260869565217,0.7993586922480513,14452,1173,12,363,10,500,17730
logistic_regression_balanced,drop_high_missing_median,0.13,0.2477815699658703,0.968,0.39456521739130435,0.612141652613828,0.7993586922480513,14523,1102,12,363,10,500,17020
logistic_regression_balanced,drop_high_missing_median,0.14,0.2617159336697909,0.968,0.4120317820658343,0.6286802909594735,0.7993586922480513,14601,1024,12,363,10,500,16240
logistic_regression_balanced,drop_high_missing_median,0.15,0.27259036144578314,0.9653333333333334,0.4251321197886083,0.64002828854314,0.7993586922480513,14659,966,13,362,10,500,16160
logistic_regression_balanced,drop_high_missing_median,0.16,0.2859399684044234,0.9653333333333334,0.441194393662401,0.6543745480838756,0.7993586922480513,14721,904,13,362,10,500,15540
logistic_regression_balanced,drop_high_missing_median,0.17,0.2946938775510204,0.9626666666666667,0.45125,0.6623853211009174,0.7993586922480513,14761,864,14,361,10,500,15640
logistic_regression_balanced,drop_high_missing_median,0.18,0.30387205387205385,0.9626666666666667,0.4619321817018554,0.6715029761904762,0.7993586922480513,14798,827,14,361,10,500,15270
logistic_regression_balanced,drop_high_missing_median,0.19,0.31309627059843886,0.9626666666666667,0.4725130890052356,0.6803618545043347,0.7993586922480513,14833,792,14,361,10,500,14920
logistic_regression_balanced,drop_high_missing_median,0.2,0.3208888888888889,0.9626666666666667,0.48133333333333334,0.6876190476190476,0.7993586922480513,14861,764,14,361,10,500,14640
logistic_regression_balanced,drop_high_missing_median,0.21,0.3281677301731996,0.96,0.4891304347826087,0.693107431651906,0.7993586922480513,14888,737,15,360,10,500,14870
logistic_regression_balanced,drop_high_missing_median,0.22,0.33488805970149255,0.9573333333333334,0.4961990324809952,0.697900466562986,0.7993586922480513,14912,713,16,359,10,500,15130
logistic_regression_balanced,drop_high_missing_median,0.23,0.3438697318007663,0.9573333333333334,0.5059901338971107,0.7055817610062893,0.7993586922480513,14940,685,16,359,10,500,14850
logistic_regression_balanced,drop_high_missing_median,0.24,0.35132482826300293,0.9546666666666667,0.5136298421807748,0.7105994442238984,0.7993586922480513,14964,661,17,358,10,500,15110
logistic_regression_balanced,drop_high_missing_median,0.25,0.35907723169508526,0.9546666666666667,0.521865889212828,0.7168602322787345,0.7993586922480513,14986,639,17,358,10,500,14890
logistic_regression_balanced,drop_high_missing_median,0.26,0.3660531697341513,0.9546666666666667,0.5291943828529194,0.7223567393058918,0.7993586922480513,15005,620,17,358,10,500,14700
logistic_regression_balanced,drop_high_missing_median,0.27,0.3746065057712487,0.952,0.5376506024096386,0.7276803913575214,0.7993586922480513,15029,596,18,357,10,500,14960
logistic_regression_balanced,drop_high_missing_median,0.28,0.3814102564102564,0.952,0.5446224256292906,0.7327586206896551,0.7993586922480513,15046,579,18,357,10,500,14790
logistic_regression_balanced,drop_high_missing_median,0.29,0.3901639344262295,0.952,0.5534883720930233,0.7391304347826086,0.7993586922480513,15067,558,18,357,10,500,14580
logistic_regression_balanced,drop_high_missing_median,0.3,0.39578713968957874,0.952,0.5591229444009397,0.7431307243963364,0.7993586922480513,15080,545,18,357,10,500,14450
logistic_regression_balanced,drop_high_missing_median,0.31,0.40044994375703036,0.9493333333333334,0.5632911392405063,0.7450816241105065,0.7993586922480513,15092,533,19,356,10,500,14830
logistic_regression_balanced,drop_high_missing_median,0.32,0.4041095890410959,0.944,0.565947242206235,0.7449494949494949,0.7993586922480513,15103,522,21,354,10,500,15720
logistic_regression_balanced,drop_high_missing_median,0.33,0.4083044982698962,0.944,0.5700483091787439,0.7477820025348543,0.7993586922480513,15112,513,21,354,10,500,15630
logistic_regression_balanced,drop_high_missing_median,0.34,0.4154929577464789,0.944,0.5770171149144254,0.7525510204081632,0.7993586922480513,15127,498,21,354,10,500,15480
logistic_regression_balanced,drop_high_missing_median,0.35,0.4199288256227758,0.944,0.5812807881773399,0.7554417413572343,0.7993586922480513,15136,489,21,354,10,500,15390
logistic_regression_balanced,drop_high_missing_median,0.36,0.427536231884058,0.944,0.5885286783042394,0.7603092783505154,0.7993586922480513,15151,474,21,354,10,500,15240
logistic_regression_balanced,drop_high_missing_median,0.37,0.43118148599269185,0.944,0.5919732441471572,0.7626023265833692,0.7993586922480513,15158,467,21,354,10,500,15170
logistic_regression_balanced,drop_high_missing_median,0.38,0.4381188118811881,0.944,0.5984784446322908,0.766897746967071,0.7993586922480513,15171,454,21,354,10,500,15040
logistic_regression_balanced,drop_high_missing_median,0.39,0.43875,0.936,0.5974468085106382,0.7630434782608696,0.7993586922480513,15176,449,24,351,10,500,16490
logistic_regression_balanced,drop_high_missing_median,0.4,0.44080604534005036,0.9333333333333333,0.5988023952095808,0.7628596338273758,0.7993586922480513,15181,444,25,350,10,500,16940
logistic_regression_balanced,drop_high_missing_median,0.41,0.44699872286079184,0.9333333333333333,0.6044905008635578,0.7665352606219886,0.7993586922480513,15192,433,25,350,10,500,16830
logistic_regression_balanced,drop_high_missing_median,0.42,0.4492939666238768,0.9333333333333333,0.6065857885615251,0.7678806494076349,0.7993586922480513,15196,429,25,350,10,500,16790
logistic_regression_balanced,drop_high_missing_median,0.43,0.4533678756476684,0.9333333333333333,0.6102877070619006,0.7702464788732394,0.7993586922480513,15203,422,25,350,10,500,16720
logistic_regression_balanced,drop_high_missing_median,0.44,0.4568062827225131,0.9306666666666666,0.6128182616330115,0.7707597173144877,0.7993586922480513,15210,415,26,349,10,500,17150
logistic_regression_balanced,drop_high_missing_median,0.45,0.4604221635883905,0.9306666666666666,0.6160635481023831,0.7728077945084145,0.7993586922480513,15216,409,26,349,10,500,17090
logistic_regression_balanced,drop_high_missing_median,0.46,0.46524064171123,0.928,0.6197684772929652,0.7740213523131673,0.7993586922480513,15225,400,27,348,10,500,17500
logistic_regression_balanced,drop_high_missing_median,0.47,0.46963562753036436,0.928,0.6236559139784946,0.7764390896921017,0.7993586922480513,15232,393,27,348,10,500,17430
logistic_regression_balanced,drop_high_missing_median,0.48,0.47606019151846785,0.928,0.6292947558770343,0.7799193186911699,0.7993586922480513,15242,383,27,348,10,500,17330
logistic_regression_balanced,drop_high_missing_median,0.49,0.4786795048143054,0.928,0.631578947368421,0.7813201616524472,0.7993586922480513,15246,379,27,348,10,500,17290
logistic_regression_balanced,drop_high_missing_median,0.5,0.4860335195530726,0.928,0.6379468377635197,0.7851985559566786,0.7993586922480513,15257,368,27,348,10,500,17180
logistic_regression_balanced,drop_high_missing_median,0.51,0.48801128349788436,0.9226666666666666,0.6383763837638377,0.7831598008148484,0.7993586922480513,15262,363,29,346,10,500,18130
logistic_regression_balanced,drop_high_missing_median,0.52,0.49358059914407987,0.9226666666666666,0.6431226765799256,0.7860063607451159,0.7993586922480513,15270,355,29,346,10,500,18050
logistic_regression_balanced,drop_high_missing_median,0.53,0.49570200573065903,0.9226666666666666,0.6449207828518173,0.7870791628753412,0.7993586922480513,15273,352,29,346,10,500,18020
logistic_regression_balanced,drop_high_missing_median,0.54,0.5,0.9226666666666666,0.6485473289597001,0.7892335766423357,0.7993586922480513,15279,346,29,346,10,500,17960
logistic_regression_balanced,drop_high_missing_median,0.55,0.5051244509516838,0.92,0.6521739130434783,0.7901969766376546,0.7993586922480513,15287,338,30,345,10,500,18380
logistic_regression_balanced,drop_high_missing_median,0.56,0.5081240768094535,0.9173333333333333,0.6539923954372624,0.7900780891134589,0.7993586922480513,15292,333,31,344,10,500,18830
logistic_regression_balanced,drop_high_missing_median,0.57,0.5119047619047619,0.9173333333333333,0.6571155682903533,0.7918968692449355,0.7993586922480513,15297,328,31,344,10,500,18780
logistic_regression_balanced,drop_high_missing_median,0.58,0.5172932330827068,0.9173333333333333,0.6615384615384615,0.7944572748267898,0.7993586922480513,15304,321,31,344,10,500,18710
logistic_regression_balanced,drop_high_missing_median,0.59,0.5236641221374045,0.9146666666666666,0.6660194174757281,0.7958236658932715,0.7993586922480513,15313,312,32,343,10,500,19120
logistic_regression_balanced,drop_high_missing_median,0.6,0.529320987654321,0.9146666666666666,0.6705767350928641,0.7984171322160148,0.7993586922480513,15320,305,32,343,10,500,19050
logistic_regression_balanced,drop_high_missing_median,0.61,0.5334370139968896,0.9146666666666666,0.6738703339882122,0.8002799813345777,0.7993586922480513,15325,300,32,343,10,500,19000
logistic_regression_balanced,drop_high_missing_median,0.62,0.5402843601895735,0.912,0.6785714285714286,0.8016877637130801,0.7993586922480513,15334,291,33,342,10,500,19410
logistic_regression_balanced,drop_high_missing_median,0.63,0.543859649122807,0.9093333333333333,0.6806387225548902,0.8015984955336154,0.7993586922480513,15339,286,34,341,10,500,19860
logistic_regression_balanced,drop_high_missing_median,0.64,0.5457463884430177,0.9066666666666666,0.6813627254509018,0.8007536504945831,0.7993586922480513,15342,283,35,340,10,500,20330
logistic_regression_balanced,drop_high_missing_median,0.65,0.5492730210016155,0.9066666666666666,0.6841046277665996,0.8022652194431336,0.7993586922480513,15346,279,35,340,10,500,20290
logistic_regression_balanced,drop_high_missing_median,0.66,0.551948051948052,0.9066666666666666,0.686175580221998,0.8034026465028355,0.7993586922480513,15349,276,35,340,10,500,20260
logistic_regression_balanced,drop_high_missing_median,0.67,0.5533661740558292,0.8986666666666666,0.6849593495934959,0.7989568515884305,0.7993586922480513,15353,272,38,337,10,500,21720
logistic_regression_balanced,drop_high_missing_median,0.68,0.5616666666666666,0.8986666666666666,0.6912820512820513,0.8023809523809524,0.7993586922480513,15362,263,38,337,10,500,21630
logistic_regression_balanced,drop_high_missing_median,0.69,0.5644891122278057,0.8986666666666666,0.6934156378600823,0.8035288507391511,0.7993586922480513,15365,260,38,337,10,500,21600
logistic_regression_balanced,drop_high_missing_median,0.7,0.5668358714043993,0.8933333333333333,0.6935817805383023,0.8010521281683405,0.7993586922480513,15369,256,40,335,10,500,22560
logistic_regression_balanced,drop_high_missing_median,0.71,0.568760611205433,0.8933333333333333,0.6950207468879668,0.8018190521780756,0.7993586922480513,15371,254,40,335,10,500,22540
logistic_regression_balanced,drop_high_missing_median,0.72,0.5756013745704467,0.8933333333333333,0.7001044932079414,0.8045148895292987,0.7993586922480513,15378,247,40,335,10,500,22470
logistic_regression_balanced,drop_high_missing_median,0.73,0.5748709122203098,0.8906666666666667,0.698744769874477,0.802498798654493,0.7993586922480513,15378,247,41,334,10,500,22970
logistic_regression_balanced,drop_high_missing_median,0.74,0.5758620689655173,0.8906666666666667,0.6994764397905759,0.8028846153846154,0.7993586922480513,15379,246,41,334,10,500,22960
logistic_regression_balanced,drop_high_missing_median,0.75,0.5791304347826087,0.888,0.7010526315789474,0.8024096385542169,0.7993586922480513,15383,242,42,333,10,500,23420
logistic_regression_balanced,drop_high_missing_median,0.76,0.5817223198594025,0.8826666666666667,0.701271186440678,0.7999033349444176,0.7993586922480513,15387,238,44,331,10,500,24380
logistic_regression_balanced,drop_high_missing_median,0.77,0.5861456483126111,0.88,0.7036247334754797,0.7998061076102763,0.7993586922480513,15392,233,45,330,10,500,24830
logistic_regression_balanced,drop_high_missing_median,0.78,0.593128390596745,0.8746666666666667,0.7068965517241379,0.7988309790550414,0.7993586922480513,15400,225,47,328,10,500,25750
logistic_regression_balanced,drop_high_missing_median,0.79,0.5959780621572212,0.8693333333333333,0.7071583514099783,0.7962872496336102,0.7993586922480513,15404,221,49,326,10,500,26710
logistic_regression_balanced,drop_high_missing_median,0.8,0.5977859778597786,0.864,0.7066521264994547,0.7933398628795298,0.7993586922480513,15407,218,51,324,10,500,27680
logistic_regression_balanced,drop_high_missing_median,0.81,0.6044776119402985,0.864,0.7113062568605928,0.7956777996070727,0.7993586922480513,15413,212,51,324,10,500,27620
logistic_regression_balanced,drop_high_missing_median,0.82,0.608286252354049,0.8613333333333333,0.7130242825607064,0.7951747907434761,0.7993586922480513,15417,208,52,323,10,500,28080
logistic_regression_balanced,drop_high_missing_median,0.83,0.6110056925996205,0.8586666666666667,0.7139689578713969,0.7942772570300938,0.7993586922480513,15420,205,53,322,10,500,28550
logistic_regression_balanced,drop_high_missing_median,0.84,0.6149425287356322,0.856,0.7157190635451505,0.7937685459940653,0.7993586922480513,15424,201,54,321,10,500,29010
logistic_regression_balanced,drop_high_missing_median,0.85,0.6213592233009708,0.8533333333333334,0.7191011235955056,0.794044665012407,0.7993586922480513,15430,195,55,320,10,500,29450
logistic_regression_balanced,drop_high_missing_median,0.86,0.6235294117647059,0.848,0.7186440677966102,0.7910447761194029,0.7993586922480513,15433,192,57,318,10,500,30420
logistic_regression_balanced,drop_high_missing_median,0.87,0.634,0.8453333333333334,0.7245714285714285,0.7925,0.7993586922480513,15442,183,58,317,10,500,30830
logistic_regression_balanced,drop_high_missing_median,0.88,0.6389452332657201,0.84,0.7258064516129032,0.7902659307576518,0.7993586922480513,15447,178,60,315,10,500,31780
logistic_regression_balanced,drop_high_missing_median,0.89,0.6419753086419753,0.832,0.7247386759581882,0.7854984894259819,0.7993586922480513,15451,174,63,312,10,500,33240
logistic_regression_balanced,drop_high_missing_median,0.9,0.64375,0.824,0.7228070175438597,0.7803030303030303,0.7993586922480513,15454,171,66,309,10,500,34710
logistic_regression_balanced,drop_high_missing_median,0.91,0.6442105263157895,0.816,0.72,0.7746835443037975,0.7993586922480513,15456,169,69,306,10,500,36190
logistic_regression_balanced,drop_high_missing_median,0.92,0.6538461538461539,0.816,0.7259786476868327,0.7774390243902439,0.7993586922480513,15463,162,69,306,10,500,36120
logistic_regression_balanced,drop_high_missing_median,0.93,0.6559139784946236,0.8133333333333334,0.7261904761904762,0.7760814249363868,0.7993586922480513,15465,160,70,305,10,500,36600
logistic_regression_balanced,drop_high_missing_median,0.94,0.6593406593406593,0.8,0.7228915662650602,0.7672634271099744,0.7993586922480513,15470,155,75,300,10,500,39050
logistic_regression_balanced,drop_high_missing_median,0.95,0.6756756756756757,0.8,0.7326007326007326,0.7716049382716049,0.7993586922480513,15481,144,75,300,10,500,38940
logistic_regression_balanced,drop_high_missing_median,0.96,0.6866359447004609,0.7946666666666666,0.7367119901112484,0.7704239917269907,0.7993586922480513,15489,136,77,298,10,500,39860
logistic_regression_balanced,drop_high_missing_median,0.97,0.6983372921615202,0.784,0.7386934673366834,0.7652264445601249,0.7993586922480513,15498,127,81,294,10,500,41770
logistic_regression_balanced,drop_high_missing_median,0.98,0.7142857142857143,0.7733333333333333,0.7426376440460948,0.7607555089192025,0.7993586922480513,15509,116,85,290,10,500,43660
logistic_regression_balanced,drop_high_missing_median,0.99,0.75,0.736,0.7429340511440108,0.7387580299785867,0.7993586922480513,15533,92,99,276,10,500,50420
logistic_regression_balanced,median_all,0.01,0.02566414649372269,0.9866666666666667,0.050027041644131964,0.11622793239932148,0.7981958109207741,1578,14047,5,370,10,500,142970
logistic_regression_balanced,median_all,0.02,0.032746260731038146,0.9866666666666667,0.06338872708583176,0.1445425423861239,0.7981958109207741,4696,10929,5,370,10,500,111790
logistic_regression_balanced,median_all,0.03,0.058786145535430566,0.9866666666666667,0.11096116359274254,0.23736207338978701,0.7981958109207741,9701,5924,5,370,10,500,61740
logistic_regression_balanced,median_all,0.04,0.08026974113552317,0.984,0.14843121480289623,0.30260783992127277,0.7981958109207741,11397,4228,6,369,10,500,45280
logistic_regression_balanced,median_all,0.05,0.10655501010684378,0.984,0.19228764981761334,0.37175095708240985,0.7981958109207741,12531,3094,6,369,10,500,33940
logistic_regression_balanced,median_all,0.06,0.13596168017686072,0.984,0.2389122693428294,0.43782629330802086,0.7981958109207741,13280,2345,6,369,10,500,26450
logistic_regression_balanced,median_all,0.07,0.16195939982347748,0.9786666666666667,0.27792502839833394,0.4872543813064259,0.7981958109207741,13726,1899,8,367,10,500,22990
logistic_regression_balanced,median_all,0.08,0.17984189723320157,0.9706666666666667,0.3034597749062109,0.5164585698070374,0.7981958109207741,13965,1660,11,364,10,500,22100
logistic_regression_balanced,median_all,0.09,0.19696969696969696,0.9706666666666667,0.32748538011695905,0.5436081242532855,0.7981958109207741,14141,1484,11,364,10,500,20340
logistic_regression_balanced,median_all,0.1,0.21336459554513482,0.9706666666666667,0.3498318116290245,0.5676855895196506,0.7981958109207741,14283,1342,11,364,10,500,18920
logistic_regression_balanced,median_all,0.11,0.22921914357682618,0.9706666666666667,0.3708609271523179,0.5893782383419689,0.7981958109207741,14401,1224,11,364,10,500,17740
logistic_regression_balanced,median_all,0.12,0.23925974884335757,0.9653333333333334,0.3834745762711864,0.6007301692665118,0.7981958109207741,14474,1151,13,362,10,500,18010
logistic_regression_balanced,median_all,0.13,0.25226480836236936,0.9653333333333334,0.4,0.616695059625213,0.7981958109207741,14552,1073,13,362,10,500,17230
logistic_regression_balanced,median_all,0.14,0.26289034132171385,0.9653333333333334,0.4132420091324201,0.6291275634341328,0.7981958109207741,14610,1015,13,362,10,500,16650
logistic_regression_balanced,median_all,0.15,0.273620559334845,0.9653333333333334,0.42638398115429915,0.6411618845200142,0.7981958109207741,14664,961,13,362,10,500,16110
logistic_regression_balanced,median_all,0.16,0.2854889589905363,0.9653333333333334,0.44065733414485697,0.6539017341040463,0.7981958109207741,14719,906,13,362,10,500,15560
logistic_regression_balanced,median_all,0.17,0.29454841334418225,0.9653333333333334,0.4513715710723192,0.6632466104800293,0.7981958109207741,14758,867,13,362,10,500,15170
logistic_regression_balanced,median_all,0.18,0.30387205387205385,0.9626666666666667,0.4619321817018554,0.6715029761904762,0.7981958109207741,14798,827,14,361,10,500,15270
logistic_regression_balanced,median_all,0.19,0.31082251082251083,0.9573333333333334,0.469281045751634,0.6760828625235404,0.7981958109207741,14829,796,16,359,10,500,15960
logistic_regression_balanced,median_all,0.2,0.3196794300979519,0.9573333333333334,0.47930574098798395,0.6843309187952726,0.7981958109207741,14861,764,16,359,10,500,15640
logistic_regression_balanced,median_all,0.21,0.3287419651056015,0.9546666666666667,0.4890710382513661,0.6913866357667053,0.7981958109207741,14894,731,17,358,10,500,15810
logistic_regression_balanced,median_all,0.22,0.33773584905660375,0.9546666666666667,0.4989547038327526,0.69921875,0.7981958109207741,14923,702,17,358,10,500,15520
logistic_regression_balanced,median_all,0.23,0.34689922480620156,0.9546666666666667,0.5088841506751954,0.7069510268562401,0.7981958109207741,14951,674,17,358,10,500,15240
logistic_regression_balanced,median_all,0.24,0.3555114200595829,0.9546666666666667,0.5180897250361794,0.7140007977662545,0.7981958109207741,14976,649,17,358,10,500,14990
logistic_regression_balanced,median_all,0.25,0.3638211382113821,0.9546666666666667,0.5268579838116262,0.7206119162640902,0.7981958109207741,14999,626,17,358,10,500,14760
logistic_regression_balanced,median_all,0.26,0.3689119170984456,0.9493333333333334,0.5313432835820896,0.7221095334685599,0.7981958109207741,15016,609,19,356,10,500,15590
logistic_regression_balanced,median_all,0.27,0.37513171759747105,0.9493333333333334,0.5377643504531722,0.726827276439363,0.7981958109207741,15032,593,19,356,10,500,15430
logistic_regression_balanced,median_all,0.28,0.38238453276047263,0.9493333333333334,0.5451761102603369,0.7322089675030852,0.7981958109207741,15050,575,19,356,10,500,15250
logistic_regression_balanced,median_all,0.29,0.388646288209607,0.9493333333333334,0.5515104570100697,0.7367549668874173,0.7981958109207741,15065,560,19,356,10,500,15100
logistic_regression_balanced,median_all,0.3,0.39183222958057395,0.9466666666666667,0.5542544886807181,0.7377389858686617,0.7981958109207741,15074,551,20,355,10,500,15510
logistic_regression_balanced,median_all,0.31,0.398876404494382,0.9466666666666667,0.5612648221343873,0.7426778242677824,0.7981958109207741,15090,535,20,355,10,500,15350
logistic_regression_balanced,median_all,0.32,0.40249433106575966,0.9466666666666667,0.5648369132856006,0.7451721242653233,0.7981958109207741,15098,527,20,355,10,500,15270
logistic_regression_balanced,median_all,0.33,0.40757749712973596,0.9466666666666667,0.5698234349919743,0.7486292703500632,0.7981958109207741,15109,516,20,355,10,500,15160
logistic_regression_balanced,median_all,0.34,0.41040462427745666,0.9466666666666667,0.5725806451612904,0.7505285412262156,0.7981958109207741,15115,510,20,355,10,500,15100
logistic_regression_balanced,median_all,0.35,0.41598119858989424,0.944,0.5774877650897227,0.7528711186729051,0.7981958109207741,15128,497,21,354,10,500,15470
logistic_regression_balanced,median_all,0.36,0.4244604316546763,0.944,0.5856079404466501,0.7583547557840618,0.7981958109207741,15145,480,21,354,10,500,15300
logistic_regression_balanced,median_all,0.37,0.4261501210653753,0.9386666666666666,0.5861781848459617,0.7566638005159071,0.7981958109207741,15151,474,23,352,10,500,16240
logistic_regression_balanced,median_all,0.38,0.43226600985221675,0.936,0.5914069081718618,0.759083044982699,0.7981958109207741,15164,461,24,351,10,500,16610
logistic_regression_balanced,median_all,0.39,0.43532338308457713,0.9333333333333333,0.5937234944868532,0.7595486111111112,0.7981958109207741,15171,454,25,350,10,500,17040
logistic_regression_balanced,median_all,0.4,0.43914680050188204,0.9333333333333333,0.5972696245733788,0.761863299956465,0.7981958109207741,15178,447,25,350,10,500,16970
logistic_regression_balanced,median_all,0.41,0.44416243654822335,0.9333333333333333,0.6018916595012898,0.7648601398601399,0.7981958109207741,15187,438,25,350,10,500,16880
logistic_regression_balanced,median_all,0.42,0.44814340588988477,0.9333333333333333,0.6055363321799307,0.7672073651907059,0.7981958109207741,15194,431,25,350,10,500,16810
logistic_regression_balanced,median_all,0.43,0.45161290322580644,0.9333333333333333,0.6086956521739131,0.7692307692307693,0.7981958109207741,15200,425,25,350,10,500,16750
logistic_regression_balanced,median_all,0.44,0.45324675324675323,0.9306666666666666,0.6096069868995633,0.7687224669603524,0.7981958109207741,15204,421,26,349,10,500,17210
logistic_regression_balanced,median_all,0.45,0.4566929133858268,0.928,0.6121372031662269,0.7692307692307693,0.7981958109207741,15211,414,27,348,10,500,17640
logistic_regression_balanced,median_all,0.46,0.4633821571238349,0.928,0.6181172291296625,0.7729897823189693,0.7981958109207741,15222,403,27,348,10,500,17530
logistic_regression_balanced,median_all,0.47,0.4702702702702703,0.928,0.6242152466367713,0.7767857142857143,0.7981958109207741,15233,392,27,348,10,500,17420
logistic_regression_balanced,median_all,0.48,0.4746922024623803,0.9253333333333333,0.6274864376130199,0.7776781712236666,0.7981958109207741,15241,384,28,347,10,500,17840
logistic_regression_balanced,median_all,0.49,0.47796143250688705,0.9253333333333333,0.6303360581289736,0.7794249775381851,0.7981958109207741,15246,379,28,347,10,500,17790
logistic_regression_balanced,median_all,0.5,0.4818941504178273,0.9226666666666666,0.6331198536139067,0.7799819657348963,0.7981958109207741,15253,372,29,346,10,500,18220
logistic_regression_balanced,median_all,0.51,0.48523206751054854,0.92,0.6353591160220995,0.7801899592944369,0.7981958109207741,15259,366,30,345,10,500,18660
logistic_regression_balanced,median_all,0.52,0.49072753209700426,0.9173333333333333,0.6394052044609665,0.781462971376647,0.7981958109207741,15268,357,31,344,10,500,19070
logistic_regression_balanced,median_all,0.53,0.4942528735632184,0.9173333333333333,0.642390289449113,0.7832422586520947,0.7981958109207741,15273,352,31,344,10,500,19020
logistic_regression_balanced,median_all,0.54,0.5,0.9173333333333333,0.6472248353715898,0.7861060329067642,0.7981958109207741,15281,344,31,344,10,500,18940
logistic_regression_balanced,median_all,0.55,0.5073746312684366,0.9173333333333333,0.6533713200379867,0.7897153351698806,0.7981958109207741,15291,334,31,344,10,500,18840
logistic_regression_balanced,median_all,0.56,0.5096296296296297,0.9173333333333333,0.6552380952380953,0.7908045977011494,0.7981958109207741,15294,331,31,344,10,500,18810
logistic_regression_balanced,median_all,0.57,0.5157421289355323,0.9173333333333333,0.6602687140115163,0.7937240424550069,0.7981958109207741,15302,323,31,344,10,500,18730
logistic_regression_balanced,median_all,0.58,0.5196374622356495,0.9173333333333333,0.6634522661523626,0.7955596669750231,0.7981958109207741,15307,318,31,344,10,500,18680
logistic_regression_balanced,median_all,0.59,0.5227963525835866,0.9173333333333333,0.6660212971926428,0.7970342910101946,0.7981958109207741,15311,314,31,344,10,500,18640
logistic_regression_balanced,median_all,0.6,0.5244648318042814,0.9146666666666666,0.6666666666666666,0.7961931290622098,0.7981958109207741,15314,311,32,343,10,500,19110
logistic_regression_balanced,median_all,0.61,0.5276923076923077,0.9146666666666666,0.6692682926829269,0.7976744186046512,0.7981958109207741,15318,307,32,343,10,500,19070
logistic_regression_balanced,median_all,0.62,0.531055900621118,0.912,0.6712463199214916,0.7975746268656716,0.7981958109207741,15323,302,33,342,10,500,19520
logistic_regression_balanced,median_all,0.63,0.5336463223787168,0.9093333333333333,0.6725838264299803,0.7971014492753623,0.7981958109207741,15327,298,34,341,10,500,19980
logistic_regression_balanced,median_all,0.64,0.5388272583201268,0.9066666666666666,0.6759443339960238,0.7977475363679024,0.7981958109207741,15334,291,35,340,10,500,20410
logistic_regression_balanced,median_all,0.65,0.545016077170418,0.904,0.6800401203610833,0.7987747408105561,0.7981958109207741,15342,283,36,339,10,500,20830
logistic_regression_balanced,median_all,0.66,0.5494327390599676,0.904,0.6834677419354839,0.8006613131790269,0.7981958109207741,15347,278,36,339,10,500,20780
logistic_regression_balanced,median_all,0.67,0.5522875816993464,0.9013333333333333,0.684903748733536,0.8001893939393939,0.7981958109207741,15351,274,37,338,10,500,21240
logistic_regression_balanced,median_all,0.68,0.5588723051409619,0.8986666666666666,0.689161554192229,0.8012363290537328,0.7981958109207741,15359,266,38,337,10,500,21660
logistic_regression_balanced,median_all,0.69,0.5644891122278057,0.8986666666666666,0.6934156378600823,0.8035288507391511,0.7981958109207741,15365,260,38,337,10,500,21600
logistic_regression_balanced,median_all,0.7,0.5666104553119731,0.896,0.6942148760330579,0.802675585284281,0.7981958109207741,15368,257,39,336,10,500,22070
logistic_regression_balanced,median_all,0.71,0.5661016949152542,0.8906666666666667,0.6922279792746114,0.7990430622009569,0.7981958109207741,15369,256,41,334,10,500,23060
logistic_regression_balanced,median_all,0.72,0.5672913117546848,0.888,0.6923076923076923,0.7977958792525156,0.7981958109207741,15371,254,42,333,10,500,23540
logistic_regression_balanced,median_all,0.73,0.5711835334476844,0.888,0.6951983298538622,0.799327892462794,0.7981958109207741,15375,250,42,333,10,500,23500
logistic_regression_balanced,median_all,0.74,0.5753899480069324,0.8853333333333333,0.6974789915966386,0.7992296581608088,0.7981958109207741,15380,245,43,332,10,500,23950
logistic_regression_balanced,median_all,0.75,0.5786713286713286,0.8826666666666667,0.6990496304118268,0.7987451737451737,0.7981958109207741,15384,241,44,331,10,500,24410
logistic_regression_balanced,median_all,0.76,0.5858407079646017,0.8826666666666667,0.7042553191489361,0.801452784503632,0.7981958109207741,15391,234,44,331,10,500,24340
logistic_regression_balanced,median_all,0.77,0.5882352941176471,0.88,0.7051282051282052,0.8005822416302766,0.7981958109207741,15394,231,45,330,10,500,24810
logistic_regression_balanced,median_all,0.78,0.5905797101449275,0.8693333333333333,0.703344120819849,0.7943469785575049,0.7981958109207741,15399,226,49,326,10,500,26760
logistic_regression_balanced,median_all,0.79,0.5944954128440367,0.864,0.7043478260869566,0.7921760391198044,0.7981958109207741,15404,221,51,324,10,500,27710
logistic_regression_balanced,median_all,0.8,0.5966542750929368,0.856,0.7031763417305587,0.7875368007850834,0.7981958109207741,15408,217,54,321,10,500,29170
logistic_regression_balanced,median_all,0.81,0.6022514071294559,0.856,0.7070484581497798,0.7894736842105263,0.7981958109207741,15413,212,54,321,10,500,29120
logistic_regression_balanced,median_all,0.82,0.6072106261859582,0.8533333333333334,0.7095343680709535,0.7893438579181056,0.7981958109207741,15418,207,55,320,10,500,29570
logistic_regression_balanced,median_all,0.83,0.6106870229007634,0.8533333333333334,0.7119021134593994,0.7905138339920948,0.7981958109207741,15421,204,55,320,10,500,29540
logistic_regression_balanced,median_all,0.84,0.6130268199233716,0.8533333333333334,0.7134894091415831,0.7912957467853611,0.7981958109207741,15423,202,55,320,10,500,29520
logistic_regression_balanced,median_all,0.85,0.6198830409356725,0.848,0.7162162162162162,0.789865871833085,0.7981958109207741,15430,195,57,318,10,500,30450
logistic_regression_balanced,median_all,0.86,0.6259842519685039,0.848,0.7202718006795017,0.7918326693227091,0.7981958109207741,15435,190,57,318,10,500,30400
logistic_regression_balanced,median_all,0.87,0.626984126984127,0.8426666666666667,0.7189988623435722,0.7884231536926147,0.7981958109207741,15437,188,59,316,10,500,31380
logistic_regression_balanced,median_all,0.88,0.6323232323232323,0.8346666666666667,0.7195402298850575,0.7844611528822055,0.7981958109207741,15443,182,62,313,10,500,32820
logistic_regression_balanced,median_all,0.89,0.6361788617886179,0.8346666666666667,0.7220299884659747,0.7856425702811245,0.7981958109207741,15446,179,62,313,10,500,32790
logistic_regression_balanced,median_all,0.9,0.6378600823045267,0.8266666666666667,0.7200929152148664,0.7804632426988922,0.7981958109207741,15449,176,65,310,10,500,34260
logistic_regression_balanced,median_all,0.91,0.6444906444906445,0.8266666666666667,0.7242990654205608,0.7824331145885917,0.7981958109207741,15454,171,65,310,10,500,34210
logistic_regression_balanced,median_all,0.92,0.6484210526315789,0.8213333333333334,0.7247058823529412,0.779746835443038,0.7981958109207741,15458,167,67,308,10,500,35170
logistic_regression_balanced,median_all,0.93,0.6609442060085837,0.8213333333333334,0.7324613555291319,0.7833163784333672,0.7981958109207741,15467,158,67,308,10,500,35080
logistic_regression_balanced,median_all,0.94,0.6630196936542669,0.808,0.7283653846153846,0.774144098109351,0.7981958109207741,15471,154,72,303,10,500,37540
logistic_regression_balanced,median_all,0.95,0.6711111111111111,0.8053333333333333,0.7321212121212122,0.7743589743589744,0.7981958109207741,15477,148,73,302,10,500,37980
logistic_regression_balanced,median_all,0.96,0.6850574712643678,0.7946666666666666,0.7358024691358025,0.7700258397932817,0.7981958109207741,15488,137,77,298,10,500,39870
logistic_regression_balanced,median_all,0.97,0.6992840095465394,0.7813333333333333,0.7380352644836272,0.7634184471078687,0.7981958109207741,15499,126,82,293,10,500,42260
logistic_regression_balanced,median_all,0.98,0.7185185185185186,0.776,0.7461538461538462,0.7637795275590551,0.7981958109207741,15511,114,84,291,10,500,43140
logistic_regression_balanced,median_all,0.99,0.7493188010899182,0.7333333333333333,0.7412398921832885,0.7364756293519015,0.7981958109207741,15533,92,100,275,10,500,50920
random_forest_balanced,drop_high_missing_median,0.01,0.2455562870309414,0.9946666666666667,0.3938753959873284,0.6177542232527327,0.8830359480239052,14479,1146,2,373,10,500,12460
random_forest_balanced,drop_high_missing_median,0.02,0.3403669724770642,0.9893333333333333,0.5064846416382253,0.7162162162162162,0.8830359480239052,14906,719,4,371,10,500,9190
random_forest_balanced,drop_high_missing_median,0.03,0.395048439181916,0.9786666666666667,0.5628834355828221,0.7554549197200494,0.8830359480239052,15063,562,8,367,10,500,9620
random_forest_balanced,drop_high_missing_median,0.04,0.4445812807881773,0.9626666666666667,0.6082561078348778,0.7807093425605537,0.8830359480239052,15174,451,14,361,10,500,11510
random_forest_balanced,drop_high_missing_median,0.05,0.48058902275769744,0.9573333333333334,0.6399286987522281,0.79884290164664,0.8830359480239052,15237,388,16,359,10,500,11880
random_forest_balanced,drop_high_missing_median,0.06,0.5203488372093024,0.9546666666666667,0.6735653809971778,0.8180987202925045,0.8830359480239052,15295,330,17,358,10,500,11800
random_forest_balanced,drop_high_missing_median,0.07,0.5419847328244275,0.9466666666666667,0.6893203883495146,0.8236658932714617,0.8830359480239052,15325,300,20,355,10,500,13000
random_forest_balanced,drop_high_missing_median,0.08,0.5605095541401274,0.9386666666666666,0.7018943170488534,0.8270676691729323,0.8830359480239052,15349,276,23,352,10,500,14260
random_forest_balanced,drop_high_missing_median,0.09,0.5838926174496645,0.928,0.7167868177136972,0.8301526717557252,0.8830359480239052,15377,248,27,348,10,500,15980
random_forest_balanced,drop_high_missing_median,0.1,0.6077057793345009,0.9253333333333333,0.733615221987315,0.8377595364558185,0.8830359480239052,15401,224,28,347,10,500,16240
random_forest_balanced,drop_high_missing_median,0.11,0.6231884057971014,0.9173333333333333,0.7421790722761596,0.8382066276803118,0.8830359480239052,15417,208,31,344,10,500,17580
random_forest_balanced,drop_high_missing_median,0.12,0.6494252873563219,0.904,0.7558528428093646,0.8382789317507419,0.8830359480239052,15442,183,36,339,10,500,19830
random_forest_balanced,drop_high_missing_median,0.13,0.6673267326732674,0.8986666666666666,0.7659090909090909,0.8403990024937655,0.8830359480239052,15457,168,38,337,10,500,20680
random_forest_balanced,drop_high_missing_median,0.14,0.6809815950920245,0.888,0.7708333333333334,0.8371040723981901,0.8830359480239052,15469,156,42,333,10,500,22560
random_forest_balanced,drop_high_missing_median,0.15,0.694560669456067,0.8853333333333333,0.7784290738569754,0.839231547017189,0.8830359480239052,15479,146,43,332,10,500,22960
random_forest_balanced,drop_high_missing_median,0.16,0.7105831533477321,0.8773333333333333,0.7852028639618138,0.8380030565461029,0.8830359480239052,15491,134,46,329,10,500,24340
random_forest_balanced,drop_high_missing_median,0.17,0.7240618101545254,0.8746666666666667,0.7922705314009661,0.8397337429595494,0.8830359480239052,15500,125,47,328,10,500,24750
random_forest_balanced,drop_high_missing_median,0.18,0.7313769751693002,0.864,0.7921760391198044,0.833762223365929,0.8830359480239052,15506,119,51,324,10,500,26690
random_forest_balanced,drop_high_missing_median,0.19,0.7430555555555556,0.856,0.7955390334572491,0.8307453416149069,0.8830359480239052,15514,111,54,321,10,500,28110
random_forest_balanced,drop_high_missing_median,0.2,0.7529411764705882,0.8533333333333334,0.8,0.8311688311688312,0.8830359480239052,15520,105,55,320,10,500,28550
random_forest_balanced,drop_high_missing_median,0.21,0.7590361445783133,0.84,0.7974683544303798,0.8224543080939948,0.8830359480239052,15525,100,60,315,10,500,31000
random_forest_balanced,drop_high_missing_median,0.22,0.7722772277227723,0.832,0.8010269576379975,0.819327731092437,0.8830359480239052,15533,92,63,312,10,500,32420
random_forest_balanced,drop_high_missing_median,0.23,0.7729591836734694,0.808,0.7900912646675359,0.8007399577167019,0.8830359480239052,15536,89,72,303,10,500,36890
random_forest_balanced,drop_high_missing_median,0.24,0.7797927461139896,0.8026666666666666,0.7910643889618922,0.7979851537645811,0.8830359480239052,15540,85,74,301,10,500,37850
random_forest_balanced,drop_high_missing_median,0.25,0.7914438502673797,0.7893333333333333,0.7903871829105474,0.7897545357524013,0.8830359480239052,15547,78,79,296,10,500,40280
random_forest_balanced,drop_high_missing_median,0.26,0.8021680216802168,0.7893333333333333,0.7956989247311828,0.7918673087212413,0.8830359480239052,15552,73,79,296,10,500,40230
random_forest_balanced,drop_high_missing_median,0.27,0.8116343490304709,0.7813333333333333,0.7961956521739131,0.7872111767866738,0.8830359480239052,15557,68,82,293,10,500,41680
random_forest_balanced,drop_high_missing_median,0.28,0.8186968838526912,0.7706666666666667,0.7939560439560439,0.7798165137614679,0.8830359480239052,15561,64,86,289,10,500,43640
random_forest_balanced,drop_high_missing_median,0.29,0.8294797687861272,0.7653333333333333,0.7961165048543689,0.7773564463705309,0.8830359480239052,15566,59,88,287,10,500,44590
random_forest_balanced,drop_high_missing_median,0.3,0.8294117647058824,0.752,0.7888111888111888,0.7663043478260869,0.8830359480239052,15567,58,93,282,10,500,47080
random_forest_balanced,drop_high_missing_median,0.31,0.8449848024316109,0.7413333333333333,0.7897727272727273,0.7599781301257518,0.8830359480239052,15574,51,97,278,10,500,49010
random_forest_balanced,drop_high_missing_median,0.32,0.8501529051987767,0.7413333333333333,0.792022792022792,0.7608100711548987,0.8830359480239052,15576,49,97,278,10,500,48990
random_forest_balanced,drop_high_missing_median,0.33,0.8575851393188855,0.7386666666666667,0.7936962750716332,0.75973669775096,0.8830359480239052,15579,46,98,277,10,500,49460
random_forest_balanced,drop_high_missing_median,0.34,0.8544303797468354,0.72,0.7814761215629522,0.7433920704845814,0.8830359480239052,15579,46,105,270,10,500,52960
random_forest_balanced,drop_high_missing_median,0.35,0.8668831168831169,0.712,0.7818448023426061,0.7383849557522124,0.8830359480239052,15584,41,108,267,10,500,54410
random_forest_balanced,drop_high_missing_median,0.36,0.8664495114006515,0.7093333333333334,0.7800586510263929,0.7360265633646929,0.8830359480239052,15584,41,109,266,10,500,54910
random_forest_balanced,drop_high_missing_median,0.37,0.8651315789473685,0.7013333333333334,0.7746686303387335,0.7289356984478935,0.8830359480239052,15584,41,112,263,10,500,56410
random_forest_balanced,drop_high_missing_median,0.38,0.867109634551495,0.696,0.772189349112426,0.7245974458634092,0.8830359480239052,15585,40,114,261,10,500,57400
random_forest_balanced,drop_high_missing_median,0.39,0.8783783783783784,0.6933333333333334,0.7749627421758569,0.7238307349665924,0.8830359480239052,15589,36,115,260,10,500,57860
random_forest_balanced,drop_high_missing_median,0.4,0.8896551724137931,0.688,0.7759398496240602,0.7206703910614525,0.8830359480239052,15593,32,117,258,10,500,58820
random_forest_balanced,drop_high_missing_median,0.41,0.8912280701754386,0.6773333333333333,0.7696969696969697,0.711484593837535,0.8830359480239052,15594,31,121,254,10,500,60810
random_forest_balanced,drop_high_missing_median,0.42,0.8932384341637011,0.6693333333333333,0.7652439024390244,0.7046603032004491,0.8830359480239052,15595,30,124,251,10,500,62300
random_forest_balanced,drop_high_missing_median,0.43,0.9044117647058824,0.656,0.7604327666151468,0.6941309255079007,0.8830359480239052,15599,26,129,246,10,500,64760
random_forest_balanced,drop_high_missing_median,0.44,0.909433962264151,0.6426666666666667,0.753125,0.6827195467422096,0.8830359480239052,15601,24,134,241,10,500,67240
random_forest_balanced,drop_high_missing_median,0.45,0.9083969465648855,0.6346666666666667,0.7472527472527473,0.6753688989784336,0.8830359480239052,15601,24,137,238,10,500,68740
random_forest_balanced,drop_high_missing_median,0.46,0.9215686274509803,0.6266666666666667,0.746031746031746,0.6695156695156695,0.8830359480239052,15605,20,140,235,10,500,70200
random_forest_balanced,drop_high_missing_median,0.47,0.9354838709677419,0.6186666666666667,0.7447833065810594,0.6636155606407322,0.8830359480239052,15609,16,143,232,10,500,71660
random_forest_balanced,drop_high_missing_median,0.48,0.9330543933054394,0.5946666666666667,0.7263843648208469,0.6411730879815987,0.8830359480239052,15609,16,152,223,10,500,76160
random_forest_balanced,drop_high_missing_median,0.49,0.9304347826086956,0.5706666666666667,0.7074380165289256,0.6184971098265896,0.8830359480239052,15609,16,161,214,10,500,80660
random_forest_balanced,drop_high_missing_median,0.5,0.9383259911894273,0.568,0.707641196013289,0.61667631731326,0.8830359480239052,15611,14,162,213,10,500,81140
random_forest_balanced,drop_high_missing_median,0.51,0.9375,0.56,0.7011686143572621,0.6090487238979119,0.8830359480239052,15611,14,165,210,10,500,82640
random_forest_balanced,drop_high_missing_median,0.52,0.9452054794520548,0.552,0.696969696969697,0.6020942408376964,0.8830359480239052,15613,12,168,207,10,500,84120
random_forest_balanced,drop_high_missing_median,0.53,0.9528301886792453,0.5386666666666666,0.6882453151618398,0.5899532710280374,0.8830359480239052,15615,10,173,202,10,500,86600
random_forest_balanced,drop_high_missing_median,0.54,0.95260663507109,0.536,0.6860068259385665,0.587375803623612,0.8830359480239052,15615,10,174,201,10,500,87100
random_forest_balanced,drop_high_missing_median,0.55,0.9519230769230769,0.528,0.6792452830188679,0.5796252927400468,0.8830359480239052,15615,10,177,198,10,500,88600
random_forest_balanced,drop_high_missing_median,0.56,0.9514563106796117,0.5226666666666666,0.6746987951807228,0.5744431418522861,0.8830359480239052,15615,10,179,196,10,500,89600
random_forest_balanced,drop_high_missing_median,0.57,0.9693877551020408,0.5066666666666667,0.6654991243432574,0.5601415094339622,0.8830359480239052,15619,6,185,190,10,500,92560
random_forest_balanced,drop_high_missing_median,0.58,0.9740932642487047,0.5013333333333333,0.6619718309859155,0.5552274069698759,0.8830359480239052,15620,5,187,188,10,500,93550
random_forest_balanced,drop_high_missing_median,0.59,0.9739583333333334,0.49866666666666665,0.6596119929453262,0.5526004728132388,0.8830359480239052,15620,5,188,187,10,500,94050
random_forest_balanced,drop_high_missing_median,0.6,0.9787234042553191,0.49066666666666664,0.6536412078152753,0.5450236966824644,0.8830359480239052,15621,4,191,184,10,500,95540
random_forest_balanced,drop_high_missing_median,0.61,0.9776536312849162,0.4666666666666667,0.631768953068592,0.521143537820131,0.8830359480239052,15621,4,200,175,10,500,100040
random_forest_balanced,drop_high_missing_median,0.62,0.9771428571428571,0.456,0.6218181818181818,0.5104477611940299,0.8830359480239052,15621,4,204,171,10,500,102040
random_forest_balanced,drop_high_missing_median,0.63,0.9761904761904762,0.43733333333333335,0.6040515653775322,0.49160671462829736,0.8830359480239052,15621,4,211,164,10,500,105540
random_forest_balanced,drop_high_missing_median,0.64,0.9759036144578314,0.432,0.5988909426987061,0.48619447779111646,0.8830359480239052,15621,4,213,162,10,500,106540
random_forest_balanced,drop_high_missing_median,0.65,0.9754601226993865,0.424,0.5910780669144982,0.47805171377029465,0.8830359480239052,15621,4,216,159,10,500,108040
random_forest_balanced,drop_high_missing_median,0.66,0.9748427672955975,0.41333333333333333,0.5805243445692884,0.46714888487040385,0.8830359480239052,15621,4,220,155,10,500,110040
random_forest_balanced,drop_high_missing_median,0.67,0.974025974025974,0.4,0.5671077504725898,0.4534461910519952,0.8830359480239052,15621,4,225,150,10,500,112540
random_forest_balanced,drop_high_missing_median,0.68,0.9724137931034482,0.376,0.5423076923076923,0.42857142857142855,0.8830359480239052,15621,4,234,141,10,500,117040
random_forest_balanced,drop_high_missing_median,0.69,0.9722222222222222,0.37333333333333335,0.5394990366088632,0.4257907542579075,0.8830359480239052,15621,4,235,140,10,500,117540
random_forest_balanced,drop_high_missing_median,0.7,0.9781021897810219,0.35733333333333334,0.5234375,0.4092852779474649,0.8830359480239052,15622,3,241,134,10,500,120530
random_forest_balanced,drop_high_missing_median,0.71,0.9770992366412213,0.3413333333333333,0.5059288537549407,0.3923973022685469,0.8830359480239052,15622,3,247,128,10,500,123530
random_forest_balanced,drop_high_missing_median,0.72,0.983739837398374,0.32266666666666666,0.4859437751004016,0.37276648182378314,0.8830359480239052,15623,2,254,121,10,500,127020
random_forest_balanced,drop_high_missing_median,0.73,0.991304347826087,0.304,0.46530612244897956,0.35294117647058826,0.8830359480239052,15624,1,261,114,10,500,130510
random_forest_balanced,drop_high_missing_median,0.74,0.9910714285714286,0.296,0.45585215605749485,0.3442928039702233,0.8830359480239052,15624,1,264,111,10,500,132010
random_forest_balanced,drop_high_missing_median,0.75,0.9905660377358491,0.28,0.4365904365904366,0.32689912826899126,0.8830359480239052,15624,1,270,105,10,500,135010
random_forest_balanced,drop_high_missing_median,0.76,0.9903846153846154,0.27466666666666667,0.430062630480167,0.321072319201995,0.8830359480239052,15624,1,272,103,10,500,136010
random_forest_balanced,drop_high_missing_median,0.77,0.9897959183673469,0.25866666666666666,0.41014799154334036,0.30350438047559447,0.8830359480239052,15624,1,278,97,10,500,139010
random_forest_balanced,drop_high_missing_median,0.78,0.9893617021276596,0.248,0.39658848614072495,0.2917189460476788,0.8830359480239052,15624,1,282,93,10,500,141010
random_forest_balanced,drop_high_missing_median,0.79,0.9882352941176471,0.224,0.3652173913043478,0.26498422712933756,0.8830359480239052,15624,1,291,84,10,500,145510
random_forest_balanced,drop_high_missing_median,0.8,0.9878048780487805,0.216,0.3544857768052516,0.25600505689001263,0.8830359480239052,15624,1,294,81,10,500,147010
random_forest_balanced,drop_high_missing_median,0.81,0.9866666666666667,0.19733333333333333,0.3288888888888889,0.23492063492063492,0.8830359480239052,15624,1,301,74,10,500,150510
random_forest_balanced,drop_high_missing_median,0.82,0.9857142857142858,0.184,0.3101123595505618,0.2197452229299363,0.8830359480239052,15624,1,306,69,10,500,153010
random_forest_balanced,drop_high_missing_median,0.83,0.9848484848484849,0.17333333333333334,0.2947845804988662,0.20753512132822477,0.8830359480239052,15624,1,310,65,10,500,155010
random_forest_balanced,drop_high_missing_median,0.84,0.9838709677419355,0.16266666666666665,0.2791762013729977,0.19526248399487836,0.8830359480239052,15624,1,314,61,10,500,157010
random_forest_balanced,drop_high_missing_median,0.85,0.9811320754716981,0.13866666666666666,0.24299065420560748,0.16741790083708952,0.8830359480239052,15624,1,323,52,10,500,161510
random_forest_balanced,drop_high_missing_median,0.86,0.9803921568627451,0.13333333333333333,0.2347417840375587,0.16118633139909735,0.8830359480239052,15624,1,325,50,10,500,162510
random_forest_balanced,drop_high_missing_median,0.87,0.9777777777777777,0.11733333333333333,0.20952380952380953,0.1423948220064725,0.8830359480239052,15624,1,331,44,10,500,165510
random_forest_balanced,drop_high_missing_median,0.88,1.0,0.112,0.2014388489208633,0.13618677042801555,0.8830359480239052,15625,0,333,42,10,500,166500
random_forest_balanced,drop_high_missing_median,0.89,1.0,0.09066666666666667,0.16625916870415647,0.11082138200782268,0.8830359480239052,15625,0,341,34,10,500,170500
random_forest_balanced,drop_high_missing_median,0.9,1.0,0.08533333333333333,0.15724815724815724,0.10443864229765012,0.8830359480239052,15625,0,343,32,10,500,171500
random_forest_balanced,drop_high_missing_median,0.91,1.0,0.07733333333333334,0.14356435643564355,0.09483322432962721,0.8830359480239052,15625,0,346,29,10,500,173000
random_forest_balanced,drop_high_missing_median,0.92,1.0,0.06933333333333333,0.12967581047381546,0.08519003931847968,0.8830359480239052,15625,0,349,26,10,500,174500
random_forest_balanced,drop_high_missing_median,0.93,1.0,0.06133333333333333,0.11557788944723618,0.07550886408404466,0.8830359480239052,15625,0,352,23,10,500,176000
random_forest_balanced,drop_high_missing_median,0.94,1.0,0.04533333333333334,0.08673469387755102,0.05603164139749506,0.8830359480239052,15625,0,358,17,10,500,179000
random_forest_balanced,drop_high_missing_median,0.95,1.0,0.037333333333333336,0.07197943444730077,0.046235138705416116,0.8830359480239052,15625,0,361,14,10,500,180500
random_forest_balanced,drop_high_missing_median,0.96,1.0,0.021333333333333333,0.04177545691906005,0.026525198938992044,0.8830359480239052,15625,0,367,8,10,500,183500
random_forest_balanced,drop_high_missing_median,0.97,1.0,0.008,0.015873015873015872,0.00998003992015968,0.8830359480239052,15625,0,372,3,10,500,186000
random_forest_balanced,drop_high_missing_median,0.98,1.0,0.0026666666666666666,0.005319148936170213,0.0033311125916055963,0.8830359480239052,15625,0,374,1,10,500,187000
random_forest_balanced,drop_high_missing_median,0.99,0.0,0.0,0.0,0.0,0.8830359480239052,15625,0,375,0,10,500,187500
random_forest_balanced,median_all,0.01,0.24716098864395458,0.9866666666666667,0.3952991452991453,0.6172839506172839,0.88415095492172,14498,1127,5,370,10,500,13770
random_forest_balanced,median_all,0.02,0.3309417040358744,0.984,0.49530201342281877,0.7055449330783938,0.88415095492172,14879,746,6,369,10,500,10460
random_forest_balanced,median_all,0.03,0.39358288770053473,0.9813333333333333,0.5618320610687023,0.75564681724846,0.88415095492172,15058,567,7,368,10,500,9170
random_forest_balanced,median_all,0.04,0.43160377358490565,0.976,0.598528209321341,0.7793867120954003,0.88415095492172,15143,482,9,366,10,500,9320
random_forest_balanced,median_all,0.05,0.4795244385733157,0.968,0.6413427561837456,0.8041648205582632,0.88415095492172,15231,394,12,363,10,500,9940
random_forest_balanced,median_all,0.06,0.5042372881355932,0.952,0.6592797783933518,0.8084239130434783,0.88415095492172,15274,351,18,357,10,500,12510
random_forest_balanced,median_all,0.07,0.5282738095238095,0.9466666666666667,0.6781279847182426,0.817219152854512,0.88415095492172,15308,317,20,355,10,500,13170
random_forest_balanced,median_all,0.08,0.5574803149606299,0.944,0.700990099009901,0.8290398126463701,0.88415095492172,15344,281,21,354,10,500,13310
random_forest_balanced,median_all,0.09,0.5865546218487395,0.9306666666666666,0.7195876288659794,0.8329355608591885,0.88415095492172,15379,246,26,349,10,500,15460
random_forest_balanced,median_all,0.1,0.6034782608695652,0.9253333333333333,0.7305263157894737,0.8361445783132531,0.88415095492172,15397,228,28,347,10,500,16280
random_forest_balanced,median_all,0.11,0.6313868613138686,0.9226666666666666,0.7497291440953413,0.8447265625,0.88415095492172,15423,202,29,346,10,500,16520
random_forest_balanced,median_all,0.12,0.6447368421052632,0.9146666666666666,0.7563395810363837,0.843996062992126,0.88415095492172,15436,189,32,343,10,500,17890
random_forest_balanced,median_all,0.13,0.6602316602316602,0.912,0.7659574468085106,0.8473736372646185,0.88415095492172,15449,176,33,342,10,500,18260
random_forest_balanced,median_all,0.14,0.6746031746031746,0.9066666666666666,0.7736063708759955,0.8483033932135728,0.88415095492172,15461,164,35,340,10,500,19140
random_forest_balanced,median_all,0.15,0.6983471074380165,0.9013333333333333,0.7869615832363213,0.8518145161290323,0.88415095492172,15479,146,37,338,10,500,19960
random_forest_balanced,median_all,0.16,0.7103594080338267,0.896,0.7924528301886793,0.8514951849974658,0.88415095492172,15488,137,39,336,10,500,20870
random_forest_balanced,median_all,0.17,0.7192224622030238,0.888,0.7947494033412887,0.848191543555782,0.88415095492172,15495,130,42,333,10,500,22300
random_forest_balanced,median_all,0.18,0.7339246119733924,0.8826666666666667,0.801452784503632,0.8482829318298308,0.88415095492172,15505,120,44,331,10,500,23200
random_forest_balanced,median_all,0.19,0.7471526195899773,0.8746666666666667,0.8058968058968059,0.8457968024755028,0.88415095492172,15514,111,47,328,10,500,24610
random_forest_balanced,median_all,0.2,0.7563805104408353,0.8693333333333333,0.8089330024813896,0.8441222164681512,0.88415095492172,15520,105,49,326,10,500,25550
random_forest_balanced,median_all,0.21,0.7623529411764706,0.864,0.81,0.8415584415584415,0.88415095492172,15524,101,51,324,10,500,26510
random_forest_balanced,median_all,0.22,0.7697841726618705,0.856,0.8106060606060606,0.837245696400626,0.88415095492172,15529,96,54,321,10,500,27960
random_forest_balanced,median_all,0.23,0.7780548628428927,0.832,0.8041237113402062,0.820620725933719,0.88415095492172,15536,89,63,312,10,500,32390
random_forest_balanced,median_all,0.24,0.7882653061224489,0.824,0.8057366362451108,0.8165961945031712,0.88415095492172,15542,83,66,309,10,500,33830
random_forest_balanced,median_all,0.25,0.7989556135770235,0.816,0.8073878627968337,0.8125331917153479,0.88415095492172,15548,77,69,306,10,500,35270
random_forest_balanced,median_all,0.26,0.8,0.8106666666666666,0.8052980132450331,0.8085106382978723,0.88415095492172,15549,76,71,304,10,500,36260
random_forest_balanced,median_all,0.27,0.8086253369272237,0.8,0.8042895442359249,0.8017103153393907,0.88415095492172,15554,71,75,300,10,500,38210
random_forest_balanced,median_all,0.28,0.8126721763085399,0.7866666666666666,0.7994579945799458,0.7917337627482555,0.88415095492172,15557,68,80,295,10,500,40680
random_forest_balanced,median_all,0.29,0.8140845070422535,0.7706666666666667,0.7917808219178082,0.7789757412398922,0.88415095492172,15559,66,86,289,10,500,43660
random_forest_balanced,median_all,0.3,0.8208092485549133,0.7573333333333333,0.7877947295423023,0.7692307692307693,0.88415095492172,15563,62,91,284,10,500,46120
random_forest_balanced,median_all,0.31,0.8249258160237388,0.7413333333333333,0.7808988764044944,0.7566684812193795,0.88415095492172,15566,59,97,278,10,500,49090
random_forest_balanced,median_all,0.32,0.8353658536585366,0.7306666666666667,0.7795163584637269,0.74945295404814,0.88415095492172,15571,54,101,274,10,500,51040
random_forest_balanced,median_all,0.33,0.8390092879256966,0.7226666666666667,0.7765042979942693,0.7432803071859572,0.88415095492172,15573,52,104,271,10,500,52520
random_forest_balanced,median_all,0.34,0.839622641509434,0.712,0.7705627705627706,0.7343234323432343,0.88415095492172,15574,51,108,267,10,500,54510
random_forest_balanced,median_all,0.35,0.8498402555910544,0.7093333333333334,0.7732558139534884,0.7335907335907336,0.88415095492172,15578,47,109,266,10,500,54970
random_forest_balanced,median_all,0.36,0.8590163934426229,0.6986666666666667,0.7705882352941177,0.7257617728531855,0.88415095492172,15582,43,113,262,10,500,56930
random_forest_balanced,median_all,0.37,0.8637873754152824,0.6933333333333334,0.7692307692307693,0.7218212104386452,0.88415095492172,15584,41,115,260,10,500,57910
random_forest_balanced,median_all,0.38,0.862876254180602,0.688,0.7655786350148368,0.717065036131184,0.88415095492172,15584,41,117,258,10,500,58910
random_forest_balanced,median_all,0.39,0.8737201365187713,0.6826666666666666,0.7664670658682635,0.7138873396542108,0.88415095492172,15588,37,119,256,10,500,59870
random_forest_balanced,median_all,0.4,0.8811188811188811,0.672,0.762481089258699,0.7054871220604704,0.88415095492172,15591,34,123,252,10,500,61840
random_forest_balanced,median_all,0.41,0.8892857142857142,0.664,0.7603053435114504,0.699438202247191,0.88415095492172,15594,31,126,249,10,500,63310
random_forest_balanced,median_all,0.42,0.9007352941176471,0.6533333333333333,0.7573415765069552,0.6913092550790068,0.88415095492172,15598,27,130,245,10,500,65270
random_forest_balanced,median_all,0.43,0.9104477611940298,0.6506666666666666,0.7589424572317263,0.6900452488687783,0.88415095492172,15601,24,131,244,10,500,65740
random_forest_balanced,median_all,0.44,0.9163498098859315,0.6426666666666667,0.7554858934169278,0.683494044242768,0.88415095492172,15603,22,134,241,10,500,67220
random_forest_balanced,median_all,0.45,0.918918918918919,0.6346666666666667,0.750788643533123,0.6765207504263786,0.88415095492172,15604,21,137,238,10,500,68710
random_forest_balanced,median_all,0.46,0.9291338582677166,0.6293333333333333,0.7503974562798092,0.6727480045610034,0.88415095492172,15607,18,139,236,10,500,69680
random_forest_balanced,median_all,0.47,0.9322709163346613,0.624,0.7476038338658147,0.6681896059394632,0.88415095492172,15608,17,141,234,10,500,70670
random_forest_balanced,median_all,0.48,0.9349593495934959,0.6133333333333333,0.7407407407407407,0.6586483390607102,0.88415095492172,15609,16,145,230,10,500,72660
random_forest_balanced,median_all,0.49,0.9338842975206612,0.6026666666666667,0.7325769854132901,0.6486796785304249,0.88415095492172,15609,16,149,226,10,500,74660
random_forest_balanced,median_all,0.5,0.9367088607594937,0.592,0.7254901960784313,0.6390328151986183,0.88415095492172,15610,15,153,222,10,500,76650
random_forest_balanced,median_all,0.51,0.9377777777777778,0.5626666666666666,0.7033333333333334,0.6115942028985507,0.88415095492172,15611,14,164,211,10,500,82140
random_forest_balanced,median_all,0.52,0.9406392694063926,0.5493333333333333,0.6936026936026936,0.5991855730075626,0.88415095492172,15612,13,169,206,10,500,84630
random_forest_balanced,median_all,0.53,0.9400921658986175,0.544,0.6891891891891891,0.594059405940594,0.88415095492172,15612,13,171,204,10,500,85630
random_forest_balanced,median_all,0.54,0.9521531100478469,0.5306666666666666,0.6815068493150684,0.5822118197776478,0.88415095492172,15615,10,176,199,10,500,88100
random_forest_balanced,median_all,0.55,0.9603960396039604,0.5173333333333333,0.6724436741767764,0.5699177438307873,0.88415095492172,15617,8,181,194,10,500,90580
random_forest_balanced,median_all,0.56,0.9642857142857143,0.504,0.6619964973730298,0.5571933962264151,0.88415095492172,15618,7,186,189,10,500,93070
random_forest_balanced,median_all,0.57,0.9738219895287958,0.496,0.657243816254417,0.5499704316972206,0.88415095492172,15620,5,189,186,10,500,94550
random_forest_balanced,median_all,0.58,0.9736842105263158,0.49333333333333335,0.6548672566371682,0.5473372781065089,0.88415095492172,15620,5,190,185,10,500,95050
random_forest_balanced,median_all,0.59,0.9726775956284153,0.4746666666666667,0.6379928315412187,0.5288175876411171,0.88415095492172,15620,5,197,178,10,500,98550
random_forest_balanced,median_all,0.6,0.9720670391061452,0.464,0.628158844765343,0.5181655747468732,0.88415095492172,15620,5,201,174,10,500,100550
random_forest_balanced,median_all,0.61,0.9772727272727273,0.45866666666666667,0.6243194192377496,0.513126491646778,0.88415095492172,15621,4,203,172,10,500,101540
random_forest_balanced,median_all,0.62,0.9763313609467456,0.44,0.6066176470588235,0.49430796884361894,0.88415095492172,15621,4,210,165,10,500,105040
random_forest_balanced,median_all,0.63,0.9819277108433735,0.43466666666666665,0.6025878003696857,0.4891956782713085,0.88415095492172,15622,3,212,163,10,500,106030
random_forest_balanced,median_all,0.64,0.98125,0.4186666666666667,0.5869158878504673,0.47289156626506024,0.88415095492172,15622,3,218,157,10,500,109030
random_forest_balanced,median_all,0.65,0.9810126582278481,0.41333333333333333,0.5816135084427767,0.4674306393244873,0.88415095492172,15622,3,220,155,10,500,110030
random_forest_balanced,median_all,0.66,0.9869281045751634,0.4026666666666667,0.571969696969697,0.45674531155474896,0.88415095492172,15623,2,224,151,10,500,112020
random_forest_balanced,median_all,0.67,0.9932432432432432,0.392,0.5621414913957935,0.44599514563106796,0.88415095492172,15624,1,228,147,10,500,114010
random_forest_balanced,median_all,0.68,0.993103448275862,0.384,0.5538461538461539,0.4376899696048632,0.88415095492172,15624,1,231,144,10,500,115510
random_forest_balanced,median_all,0.69,0.9928571428571429,0.37066666666666664,0.5398058252427185,0.42378048780487804,0.88415095492172,15624,1,236,139,10,500,118010
random_forest_balanced,median_all,0.7,0.9925925925925926,0.35733333333333334,0.5254901960784314,0.40978593272171254,0.88415095492172,15624,1,241,134,10,500,120510
random_forest_balanced,median_all,0.71,0.9920634920634921,0.3333333333333333,0.499001996007984,0.3843788437884379,0.88415095492172,15624,1,250,125,10,500,125010
random_forest_balanced,median_all,0.72,0.992,0.33066666666666666,0.496,0.38153846153846155,0.88415095492172,15624,1,251,124,10,500,125510
random_forest_balanced,median_all,0.73,0.9915966386554622,0.31466666666666665,0.4777327935222672,0.3644224830142063,0.88415095492172,15624,1,257,118,10,500,128510
random_forest_balanced,median_all,0.74,0.9910714285714286,0.296,0.45585215605749485,0.3442928039702233,0.88415095492172,15624,1,264,111,10,500,132010
random_forest_balanced,median_all,0.75,0.9908256880733946,0.288,0.4462809917355372,0.3356121814791796,0.88415095492172,15624,1,267,108,10,500,133510
random_forest_balanced,median_all,0.76,0.9902912621359223,0.272,0.42677824267782427,0.31815346225826574,0.88415095492172,15624,1,273,102,10,500,136510
random_forest_balanced,median_all,0.77,0.9895833333333334,0.25333333333333335,0.4033970276008493,0.2976190476190476,0.88415095492172,15624,1,280,95,10,500,140010
random_forest_balanced,median_all,0.78,0.989010989010989,0.24,0.38626609442060084,0.28284098051539913,0.88415095492172,15624,1,285,90,10,500,142510
random_forest_balanced,median_all,0.79,0.9883720930232558,0.22666666666666666,0.368763557483731,0.26796973518284994,0.88415095492172,15624,1,290,85,10,500,145010
random_forest_balanced,median_all,0.8,0.9876543209876543,0.21333333333333335,0.3508771929824561,0.2530044275774826,0.88415095492172,15624,1,295,80,10,500,147510
random_forest_balanced,median_all,0.81,0.987012987012987,0.20266666666666666,0.336283185840708,0.24096385542168675,0.88415095492172,15624,1,299,76,10,500,149510
random_forest_balanced,median_all,0.82,0.9859154929577465,0.18666666666666668,0.31390134529147984,0.22278803309993633,0.88415095492172,15624,1,305,70,10,500,152510
random_forest_balanced,median_all,0.83,0.9846153846153847,0.17066666666666666,0.2909090909090909,0.20447284345047922,0.88415095492172,15624,1,311,64,10,500,155510
random_forest_balanced,median_all,0.84,0.984375,0.168,0.2870159453302961,0.20140664961636828,0.88415095492172,15624,1,312,63,10,500,156010
random_forest_balanced,median_all,0.85,0.9838709677419355,0.16266666666666665,0.2791762013729977,0.19526248399487836,0.88415095492172,15624,1,314,61,10,500,157010
random_forest_balanced,median_all,0.86,0.9821428571428571,0.14666666666666667,0.2552204176334107,0.17673521850899743,0.88415095492172,15624,1,320,55,10,500,160010
random_forest_balanced,median_all,0.87,0.9791666666666666,0.12533333333333332,0.2222222222222222,0.15180878552971577,0.88415095492172,15624,1,328,47,10,500,164010
random_forest_balanced,median_all,0.88,0.9761904761904762,0.10933333333333334,0.19664268585131894,0.13294422827496757,0.88415095492172,15624,1,334,41,10,500,167010
random_forest_balanced,median_all,0.89,0.9722222222222222,0.09333333333333334,0.170316301703163,0.11393229166666667,0.88415095492172,15624,1,340,35,10,500,170010
random_forest_balanced,median_all,0.9,0.9714285714285714,0.09066666666666667,0.16585365853658537,0.11074918566775244,0.88415095492172,15624,1,341,34,10,500,170510
random_forest_balanced,median_all,0.91,0.9666666666666667,0.07733333333333334,0.14320987654320988,0.09477124183006536,0.88415095492172,15624,1,346,29,10,500,173010
random_forest_balanced,median_all,0.92,1.0,0.06133333333333333,0.11557788944723618,0.07550886408404466,0.88415095492172,15625,0,352,23,10,500,176000
random_forest_balanced,median_all,0.93,1.0,0.056,0.10606060606060606,0.06903353057199212,0.88415095492172,15625,0,354,21,10,500,177000
random_forest_balanced,median_all,0.94,1.0,0.04533333333333334,0.08673469387755102,0.05603164139749506,0.88415095492172,15625,0,358,17,10,500,179000
random_forest_balanced,median_all,0.95,1.0,0.029333333333333333,0.05699481865284974,0.036399735274652546,0.88415095492172,15625,0,364,11,10,500,182000
random_forest_balanced,median_all,0.96,1.0,0.021333333333333333,0.04177545691906005,0.026525198938992044,0.88415095492172,15625,0,367,8,10,500,183500
random_forest_balanced,median_all,0.97,1.0,0.013333333333333334,0.02631578947368421,0.016611295681063124,0.88415095492172,15625,0,370,5,10,500,185000
random_forest_balanced,median_all,0.98,1.0,0.008,0.015873015873015872,0.00998003992015968,0.88415095492172,15625,0,372,3,10,500,186000
random_forest_balanced,median_all,0.99,0.0,0.0,0.0,0.0,0.88415095492172,15625,0,375,0,10,500,187500
random_forest_balanced,median_with_indicator,0.01,0.2445759368836292,0.992,0.3924050632911392,0.6156901688182721,0.8909594704781139,14476,1149,3,372,10,500,12990
random_forest_balanced,median_with_indicator,0.02,0.33697632058287796,0.9866666666666667,0.5023761031907671,0.7120862201693611,0.8909594704781139,14897,728,5,370,10,500,9780
random_forest_balanced,median_with_indicator,0.03,0.39125799573560766,0.9786666666666667,0.559025133282559,0.7526661197703035,0.8909594704781139,15054,571,8,367,10,500,9710
random_forest_balanced,median_with_indicator,0.04,0.4328180737217598,0.9706666666666667,0.5986842105263158,0.7774455360956856,0.8909594704781139,15148,477,11,364,10,500,10270
random_forest_balanced,median_with_indicator,0.05,0.4748677248677249,0.9573333333333334,0.6348364279398763,0.7956560283687943,0.8909594704781139,15228,397,16,359,10,500,11970
random_forest_balanced,median_with_indicator,0.06,0.5121255349500713,0.9573333333333334,0.6672862453531598,0.8155383916401635,0.8909594704781139,15283,342,16,359,10,500,11420
random_forest_balanced,median_with_indicator,0.07,0.5417298937784522,0.952,0.690522243713733,0.8267716535433071,0.8909594704781139,15323,302,18,357,10,500,12020
random_forest_balanced,median_with_indicator,0.08,0.5677830940988836,0.9493333333333334,0.7105788423153693,0.8368594264221909,0.8909594704781139,15354,271,19,356,10,500,12210
random_forest_balanced,median_with_indicator,0.09,0.5922818791946308,0.9413333333333334,0.7270854788877446,0.8420801526717557,0.8909594704781139,15382,243,22,353,10,500,13430
random_forest_balanced,median_with_indicator,0.1,0.6147110332749562,0.936,0.7420718816067653,0.8474167069048769,0.8909594704781139,15405,220,24,351,10,500,14200
random_forest_balanced,median_with_indicator,0.11,0.6333938294010889,0.9306666666666666,0.7537796976241901,0.8508044856167724,0.8909594704781139,15423,202,26,349,10,500,15020
random_forest_balanced,median_with_indicator,0.12,0.649812734082397,0.9253333333333333,0.7634763476347635,0.8529990167158309,0.8909594704781139,15438,187,28,347,10,500,15870
random_forest_balanced,median_with_indicator,0.13,0.6653771760154739,0.9173333333333333,0.7713004484304933,0.8527516113039167,0.8909594704781139,15452,173,31,344,10,500,17230
random_forest_balanced,median_with_indicator,0.14,0.678714859437751,0.9013333333333333,0.7743413516609393,0.8458458458458459,0.8909594704781139,15465,160,37,338,10,500,20100
random_forest_balanced,median_with_indicator,0.15,0.6997929606625258,0.9013333333333333,0.7878787878787878,0.8522440746343923,0.8909594704781139,15480,145,37,338,10,500,19950
random_forest_balanced,median_with_indicator,0.16,0.7044025157232704,0.896,0.7887323943661971,0.849772382397572,0.8909594704781139,15484,141,39,336,10,500,20910
random_forest_balanced,median_with_indicator,0.17,0.7213822894168467,0.8906666666666667,0.7971360381861575,0.8507386653082017,0.8909594704781139,15496,129,41,334,10,500,21790
random_forest_balanced,median_with_indicator,0.18,0.7388392857142857,0.8826666666666667,0.804374240583232,0.8495893223819302,0.8909594704781139,15508,117,44,331,10,500,23170
random_forest_balanced,median_with_indicator,0.19,0.7494305239179955,0.8773333333333333,0.8083538083538083,0.8483754512635379,0.8909594704781139,15515,110,46,329,10,500,24100
random_forest_balanced,median_with_indicator,0.2,0.7592592592592593,0.8746666666666667,0.8128872366790583,0.8488612836438924,0.8909594704781139,15521,104,47,328,10,500,24540
random_forest_balanced,median_with_indicator,0.21,0.766109785202864,0.856,0.8085642317380353,0.8363731109953101,0.8909594704781139,15527,98,54,321,10,500,27980
random_forest_balanced,median_with_indicator,0.22,0.773955773955774,0.84,0.8056265984654731,0.8259045621394862,0.8909594704781139,15533,92,60,315,10,500,30920
random_forest_balanced,median_with_indicator,0.23,0.7816377171215881,0.84,0.8097686375321337,0.8276405675249606,0.8909594704781139,15537,88,60,315,10,500,30880
random_forest_balanced,median_with_indicator,0.24,0.7928388746803069,0.8266666666666667,0.8093994778067886,0.819672131147541,0.8909594704781139,15544,81,65,310,10,500,33310
random_forest_balanced,median_with_indicator,0.25,0.7948051948051948,0.816,0.8052631578947368,0.8116710875331565,0.8909594704781139,15546,79,69,306,10,500,35290
random_forest_balanced,median_with_indicator,0.26,0.8015873015873016,0.808,0.8047808764940239,0.8067092651757188,0.8909594704781139,15550,75,72,303,10,500,36750
random_forest_balanced,median_with_indicator,0.27,0.8174386920980926,0.8,0.8086253369272237,0.8034279592929834,0.8909594704781139,15558,67,75,300,10,500,38170
random_forest_balanced,median_with_indicator,0.28,0.8184357541899442,0.7813333333333333,0.7994542974079127,0.7884822389666308,0.8909594704781139,15560,65,82,293,10,500,41650
random_forest_balanced,median_with_indicator,0.29,0.8267045454545454,0.776,0.8005502063273727,0.7856371490280778,0.8909594704781139,15564,61,84,291,10,500,42610
random_forest_balanced,median_with_indicator,0.3,0.8270893371757925,0.7653333333333333,0.7950138504155124,0.7769355711965349,0.8909594704781139,15565,60,88,287,10,500,44600
random_forest_balanced,median_with_indicator,0.31,0.834319526627219,0.752,0.791023842917251,0.7671381936887922,0.8909594704781139,15569,56,93,282,10,500,47060
random_forest_balanced,median_with_indicator,0.32,0.8373493975903614,0.7413333333333333,0.7864214992927864,0.7587336244541485,0.8909594704781139,15571,54,97,278,10,500,49040
random_forest_balanced,median_with_indicator,0.33,0.8470948012232415,0.7386666666666667,0.7891737891737892,0.7580733442802409,0.8909594704781139,15575,50,98,277,10,500,49500
random_forest_balanced,median_with_indicator,0.34,0.85625,0.7306666666666667,0.7884892086330936,0.7527472527472527,0.8909594704781139,15579,46,101,274,10,500,50960
random_forest_balanced,median_with_indicator,0.35,0.8598726114649682,0.72,0.783744557329463,0.7442116868798236,0.8909594704781139,15581,44,105,270,10,500,52940
random_forest_balanced,median_with_indicator,0.36,0.8701298701298701,0.7146666666666667,0.7847730600292826,0.7411504424778761,0.8909594704781139,15585,40,107,268,10,500,53900
random_forest_balanced,median_with_indicator,0.37,0.8786885245901639,0.7146666666666667,0.788235294117647,0.7423822714681441,0.8909594704781139,15588,37,107,268,10,500,53870
random_forest_balanced,median_with_indicator,0.38,0.8791946308724832,0.6986666666666667,0.7786032689450223,0.728587319243604,0.8909594704781139,15589,36,113,262,10,500,56860
random_forest_balanced,median_with_indicator,0.39,0.8835616438356164,0.688,0.7736131934032984,0.7198660714285714,0.8909594704781139,15591,34,117,258,10,500,58840
random_forest_balanced,median_with_indicator,0.4,0.8943661971830986,0.6773333333333333,0.7708649468892261,0.7118834080717489,0.8909594704781139,15595,30,121,254,10,500,60800
random_forest_balanced,median_with_indicator,0.41,0.8939929328621908,0.6746666666666666,0.7689969604863222,0.709478407178912,0.8909594704781139,15595,30,122,253,10,500,61300
random_forest_balanced,median_with_indicator,0.42,0.8992805755395683,0.6666666666666666,0.7656967840735069,0.703037120359955,0.8909594704781139,15597,28,125,250,10,500,62780
random_forest_balanced,median_with_indicator,0.43,0.9120879120879121,0.664,0.7685185185185185,0.7021996615905245,0.8909594704781139,15601,24,126,249,10,500,63240
random_forest_balanced,median_with_indicator,0.44,0.9172932330827067,0.6506666666666666,0.7613104524180967,0.6908267270668177,0.8909594704781139,15603,22,131,244,10,500,65720
random_forest_balanced,median_with_indicator,0.45,0.9236641221374046,0.6453333333333333,0.7598116169544741,0.6867196367763905,0.8909594704781139,15605,20,133,242,10,500,66700
random_forest_balanced,median_with_indicator,0.46,0.9260700389105059,0.6346666666666667,0.7531645569620253,0.6772908366533864,0.8909594704781139,15606,19,137,238,10,500,68690
random_forest_balanced,median_with_indicator,0.47,0.9314516129032258,0.616,0.7415730337078652,0.6607551487414187,0.8909594704781139,15608,17,144,231,10,500,72170
random_forest_balanced,median_with_indicator,0.48,0.9421487603305785,0.608,0.7390599675850892,0.6544202066590127,0.8909594704781139,15611,14,147,228,10,500,73640
random_forest_balanced,median_with_indicator,0.49,0.9453781512605042,0.6,0.734094616639478,0.6472957422324511,0.8909594704781139,15612,13,150,225,10,500,75130
random_forest_balanced,median_with_indicator,0.5,0.9484978540772532,0.5893333333333334,0.7269736842105263,0.6376226197345644,0.8909594704781139,15613,12,154,221,10,500,77120
random_forest_balanced,median_with_indicator,0.51,0.948051948051948,0.584,0.7227722772277227,0.6325823223570191,0.8909594704781139,15613,12,156,219,10,500,78120
random_forest_balanced,median_with_indicator,0.52,0.9508928571428571,0.568,0.7111853088480802,0.6177494199535963,0.8909594704781139,15614,11,162,213,10,500,81110
random_forest_balanced,median_with_indicator,0.53,0.954337899543379,0.5573333333333333,0.7037037037037037,0.6079115764979639,0.8909594704781139,15615,10,166,209,10,500,83100
random_forest_balanced,median_with_indicator,0.54,0.958139534883721,0.5493333333333333,0.6983050847457627,0.6005830903790087,0.8909594704781139,15616,9,169,206,10,500,84590
random_forest_balanced,median_with_indicator,0.55,0.9577464788732394,0.544,0.6938775510204082,0.5954465849387041,0.8909594704781139,15616,9,171,204,10,500,85590
random_forest_balanced,median_with_indicator,0.56,0.9656862745098039,0.5253333333333333,0.6804835924006909,0.5780516431924883,0.8909594704781139,15618,7,178,197,10,500,89070
random_forest_balanced,median_with_indicator,0.57,0.9696969696969697,0.512,0.6701570680628273,0.5653710247349824,0.8909594704781139,15619,6,183,192,10,500,91560
random_forest_balanced,median_with_indicator,0.58,0.9690721649484536,0.5013333333333333,0.6608084358523726,0.5548996458087367,0.8909594704781139,15619,6,187,188,10,500,93560
random_forest_balanced,median_with_indicator,0.59,0.9739583333333334,0.49866666666666665,0.6596119929453262,0.5526004728132388,0.8909594704781139,15620,5,188,187,10,500,94050
random_forest_balanced,median_with_indicator,0.6,0.9725274725274725,0.472,0.6355475763016158,0.5261593341260404,0.8909594704781139,15620,5,198,177,10,500,99050
random_forest_balanced,median_with_indicator,0.61,0.9719101123595506,0.4613333333333333,0.6256781193490054,0.5154946364719905,0.8909594704781139,15620,5,202,173,10,500,101050
random_forest_balanced,median_with_indicator,0.62,0.9767441860465116,0.448,0.6142595978062158,0.5023923444976076,0.8909594704781139,15621,4,207,168,10,500,103540
random_forest_balanced,median_with_indicator,0.63,0.9757575757575757,0.42933333333333334,0.5962962962962963,0.48348348348348347,0.8909594704781139,15621,4,214,161,10,500,107040
random_forest_balanced,median_with_indicator,0.64,0.9753086419753086,0.42133333333333334,0.5884543761638734,0.4753309265944645,0.8909594704781139,15621,4,217,158,10,500,108540
random_forest_balanced,median_with_indicator,0.65,0.9810126582278481,0.41333333333333333,0.5816135084427767,0.4674306393244873,0.8909594704781139,15622,3,220,155,10,500,110030
random_forest_balanced,median_with_indicator,0.66,0.9798657718120806,0.3893333333333333,0.5572519083969466,0.4426925409338993,0.8909594704781139,15622,3,229,146,10,500,114530
random_forest_balanced,median_with_indicator,0.67,0.9793103448275862,0.37866666666666665,0.5461538461538461,0.4316109422492401,0.8909594704781139,15622,3,233,142,10,500,116530
random_forest_balanced,median_with_indicator,0.68,0.9927536231884058,0.36533333333333334,0.5341130604288499,0.4181929181929182,0.8909594704781139,15624,1,238,137,10,500,119010
random_forest_balanced,median_with_indicator,0.69,0.9926470588235294,0.36,0.5283757338551859,0.4125916870415648,0.8909594704781139,15624,1,240,135,10,500,120010
random_forest_balanced,median_with_indicator,0.7,0.9925925925925926,0.35733333333333334,0.5254901960784314,0.40978593272171254,0.8909594704781139,15624,1,241,134,10,500,120510
random_forest_balanced,median_with_indicator,0.71,0.9921875,0.33866666666666667,0.5049701789264414,0.39004914004914004,0.8909594704781139,15624,1,248,127,10,500,124010
random_forest_balanced,median_with_indicator,0.72,0.9918032786885246,0.32266666666666666,0.4869215291750503,0.37299630086313196,0.8909594704781139,15624,1,254,121,10,500,127010
random_forest_balanced,median_with_indicator,0.73,0.9911504424778761,0.2986666666666667,0.45901639344262296,0.347179169249845,0.8909594704781139,15624,1,263,112,10,500,131510
random_forest_balanced,median_with_indicator,0.74,0.9905660377358491,0.28,0.4365904365904366,0.32689912826899126,0.8909594704781139,15624,1,270,105,10,500,135010
random_forest_balanced,median_with_indicator,0.75,0.9901960784313726,0.2693333333333333,0.42348008385744235,0.315230961298377,0.8909594704781139,15624,1,274,101,10,500,137010
random_forest_balanced,median_with_indicator,0.76,0.99,0.264,0.4168421052631579,0.309375,0.8909594704781139,15624,1,276,99,10,500,138010
random_forest_balanced,median_with_indicator,0.77,0.9888888888888889,0.23733333333333334,0.3827956989247312,0.279874213836478,0.8909594704781139,15624,1,286,89,10,500,143010
random_forest_balanced,median_with_indicator,0.78,0.9878048780487805,0.216,0.3544857768052516,0.25600505689001263,0.8909594704781139,15624,1,294,81,10,500,147010
random_forest_balanced,median_with_indicator,0.79,0.9868421052631579,0.2,0.3325942350332594,0.23794416243654823,0.8909594704781139,15624,1,300,75,10,500,150010
random_forest_balanced,median_with_indicator,0.8,0.9857142857142858,0.184,0.3101123595505618,0.2197452229299363,0.8909594704781139,15624,1,306,69,10,500,153010
random_forest_balanced,median_with_indicator,0.81,0.9852941176470589,0.17866666666666667,0.30248306997742663,0.21364795918367346,0.8909594704781139,15624,1,308,67,10,500,154010
random_forest_balanced,median_with_indicator,0.82,0.984375,0.168,0.2870159453302961,0.20140664961636828,0.8909594704781139,15624,1,312,63,10,500,156010
random_forest_balanced,median_with_indicator,0.83,0.9836065573770492,0.16,0.27522935779816515,0.19218449711723254,0.8909594704781139,15624,1,315,60,10,500,157510
random_forest_balanced,median_with_indicator,0.84,0.9821428571428571,0.14666666666666667,0.2552204176334107,0.17673521850899743,0.8909594704781139,15624,1,320,55,10,500,160010
random_forest_balanced,median_with_indicator,0.85,0.9803921568627451,0.13333333333333333,0.2347417840375587,0.16118633139909735,0.8909594704781139,15624,1,325,50,10,500,162510
random_forest_balanced,median_with_indicator,0.86,1.0,0.11466666666666667,0.20574162679425836,0.13933895009721323,0.8909594704781139,15625,0,332,43,10,500,166000
random_forest_balanced,median_with_indicator,0.87,1.0,0.10666666666666667,0.1927710843373494,0.12987012987012986,0.8909594704781139,15625,0,335,40,10,500,167500
random_forest_balanced,median_with_indicator,0.88,1.0,0.10133333333333333,0.18401937046004843,0.1235370611183355,0.8909594704781139,15625,0,337,38,10,500,168500
random_forest_balanced,median_with_indicator,0.89,1.0,0.09333333333333334,0.17073170731707318,0.11400651465798045,0.8909594704781139,15625,0,340,35,10,500,170000
random_forest_balanced,median_with_indicator,0.9,1.0,0.072,0.13432835820895522,0.08840864440078586,0.8909594704781139,15625,0,348,27,10,500,174000
random_forest_balanced,median_with_indicator,0.91,1.0,0.06133333333333333,0.11557788944723618,0.07550886408404466,0.8909594704781139,15625,0,352,23,10,500,176000
random_forest_balanced,median_with_indicator,0.92,1.0,0.048,0.0916030534351145,0.05928853754940711,0.8909594704781139,15625,0,357,18,10,500,178500
random_forest_balanced,median_with_indicator,0.93,1.0,0.037333333333333336,0.07197943444730077,0.046235138705416116,0.8909594704781139,15625,0,361,14,10,500,180500
random_forest_balanced,median_with_indicator,0.94,1.0,0.024,0.046875,0.02982107355864811,0.8909594704781139,15625,0,366,9,10,500,183000
random_forest_balanced,median_with_indicator,0.95,1.0,0.013333333333333334,0.02631578947368421,0.016611295681063124,0.8909594704781139,15625,0,370,5,10,500,185000
random_forest_balanced,median_with_indicator,0.96,1.0,0.008,0.015873015873015872,0.00998003992015968,0.8909594704781139,15625,0,372,3,10,500,186000
random_forest_balanced,median_with_indicator,0.97,1.0,0.005333333333333333,0.010610079575596816,0.006657789613848202,0.8909594704781139,15625,0,373,2,10,500,186500
random_forest_balanced,median_with_indicator,0.98,0.0,0.0,0.0,0.0,0.8909594704781139,15625,0,375,0,10,500,187500
random_forest_balanced,median_with_indicator,0.99,0.0,0.0,0.0,0.0,0.8909594704781139,15625,0,375,0,10,500,187500
xgboost_scale_pos_weight,drop_high_missing_median,0.01,0.15467328370554176,0.9973333333333333,0.26781238811314,0.4772843287391526,0.9090983398566537,13581,2044,1,374,10,500,20940
xgboost_scale_pos_weight,drop_high_missing_median,0.02,0.21461449942462602,0.9946666666666667,0.3530525319451018,0.5759728227300803,0.9090983398566537,14260,1365,2,373,10,500,14650
xgboost_scale_pos_weight,drop_high_missing_median,0.03,0.25655172413793104,0.992,0.4076712328767123,0.6305084745762712,0.9090983398566537,14547,1078,3,372,10,500,12280
xgboost_scale_pos_weight,drop_high_missing_median,0.04,0.287044220325834,0.9866666666666667,0.44471153846153844,0.6633201864467551,0.9090983398566537,14706,919,5,370,10,500,11690
xgboost_scale_pos_weight,drop_high_missing_median,0.05,0.31092436974789917,0.9866666666666667,0.4728434504792332,0.6877323420074349,0.9090983398566537,14805,820,5,370,10,500,10700
xgboost_scale_pos_weight,drop_high_missing_median,0.06,0.3294642857142857,0.984,0.4936454849498328,0.7041984732824428,0.9090983398566537,14874,751,6,369,10,500,10510
xgboost_scale_pos_weight,drop_high_missing_median,0.07,0.3458294283036551,0.984,0.5117891816920943,0.7187378262563303,0.9090983398566537,14927,698,6,369,10,500,9980
xgboost_scale_pos_weight,drop_high_missing_median,0.08,0.35825242718446604,0.984,0.5252669039145907,0.7292490118577075,0.9090983398566537,14964,661,6,369,10,500,9610
xgboost_scale_pos_weight,drop_high_missing_median,0.09,0.3717171717171717,0.9813333333333333,0.5391941391941392,0.7389558232931727,0.9090983398566537,15003,622,7,368,10,500,9720
xgboost_scale_pos_weight,drop_high_missing_median,0.1,0.38070539419087135,0.9786666666666667,0.5481702763256161,0.744724025974026,0.9090983398566537,15028,597,8,367,10,500,9970
xgboost_scale_pos_weight,drop_high_missing_median,0.11,0.3927038626609442,0.976,0.5600612088752869,0.7524671052631579,0.9090983398566537,15059,566,9,366,10,500,10160
xgboost_scale_pos_weight,drop_high_missing_median,0.12,0.40131578947368424,0.976,0.5687645687645687,0.7587064676616916,0.9090983398566537,15079,546,9,366,10,500,9960
xgboost_scale_pos_weight,drop_high_missing_median,0.13,0.41057367829021374,0.9733333333333334,0.5775316455696202,0.7639179573043114,0.9090983398566537,15101,524,10,365,10,500,10240
xgboost_scale_pos_weight,drop_high_missing_median,0.14,0.41809851088201605,0.9733333333333334,0.5849358974358975,0.7690686894226717,0.9090983398566537,15117,508,10,365,10,500,10080
xgboost_scale_pos_weight,drop_high_missing_median,0.15,0.4274004683840749,0.9733333333333334,0.5939788445890968,0.7752761257434154,0.9090983398566537,15136,489,10,365,10,500,9890
xgboost_scale_pos_weight,drop_high_missing_median,0.16,0.4347305389221557,0.968,0.6,0.7773019271948608,0.9090983398566537,15153,472,12,363,10,500,10720
xgboost_scale_pos_weight,drop_high_missing_median,0.17,0.4405339805825243,0.968,0.6055045871559633,0.7809810671256454,0.9090983398566537,15164,461,12,363,10,500,10610
xgboost_scale_pos_weight,drop_high_missing_median,0.18,0.44539877300613495,0.968,0.6100840336134454,0.7840172786177105,0.9090983398566537,15173,452,12,363,10,500,10520
xgboost_scale_pos_weight,drop_high_missing_median,0.19,0.45318352059925093,0.968,0.6173469387755102,0.788787483702738,0.9090983398566537,15187,438,12,363,10,500,10380
xgboost_scale_pos_weight,drop_high_missing_median,0.2,0.46124523506988563,0.968,0.6247848537005164,0.7936160909488412,0.9090983398566537,15201,424,12,363,10,500,10240
xgboost_scale_pos_weight,drop_high_missing_median,0.21,0.4683053040103493,0.9653333333333334,0.6306620209059234,0.796304443466784,0.9090983398566537,15214,411,13,362,10,500,10610
xgboost_scale_pos_weight,drop_high_missing_median,0.22,0.4744429882044561,0.9653333333333334,0.6362038664323374,0.7998232434821034,0.9090983398566537,15224,401,13,362,10,500,10510
xgboost_scale_pos_weight,drop_high_missing_median,0.23,0.4806924101198402,0.9626666666666667,0.6412078152753108,0.8018658374055975,0.9090983398566537,15235,390,14,361,10,500,10900
xgboost_scale_pos_weight,drop_high_missing_median,0.24,0.489159891598916,0.9626666666666667,0.6486972147349506,0.8065236818588025,0.9090983398566537,15248,377,14,361,10,500,10770
xgboost_scale_pos_weight,drop_high_missing_median,0.25,0.4986187845303867,0.9626666666666667,0.6569608735213831,0.8116007194244604,0.9090983398566537,15262,363,14,361,10,500,10630
xgboost_scale_pos_weight,drop_high_missing_median,0.26,0.5048951048951049,0.9626666666666667,0.6623853211009174,0.8148984198645598,0.9090983398566537,15271,354,14,361,10,500,10540
xgboost_scale_pos_weight,drop_high_missing_median,0.27,0.5113636363636364,0.96,0.6672845227062094,0.8166969147005445,0.9090983398566537,15281,344,15,360,10,500,10940
xgboost_scale_pos_weight,drop_high_missing_median,0.28,0.5142857142857142,0.96,0.6697674418604651,0.8181818181818182,0.9090983398566537,15285,340,15,360,10,500,10900
xgboost_scale_pos_weight,drop_high_missing_median,0.29,0.5217391304347826,0.96,0.676056338028169,0.821917808219178,0.9090983398566537,15295,330,15,360,10,500,10800
xgboost_scale_pos_weight,drop_high_missing_median,0.3,0.527086383601757,0.96,0.6805293005671077,0.8245533669262483,0.9090983398566537,15302,323,15,360,10,500,10730
xgboost_scale_pos_weight,drop_high_missing_median,0.31,0.5325443786982249,0.96,0.6850618458610847,0.8272058823529411,0.9090983398566537,15309,316,15,360,10,500,10660
xgboost_scale_pos_weight,drop_high_missing_median,0.32,0.5359281437125748,0.9546666666666667,0.6864813039309684,0.8256457564575646,0.9090983398566537,15315,310,17,358,10,500,11600
xgboost_scale_pos_weight,drop_high_missing_median,0.33,0.5367316341829086,0.9546666666666667,0.6871401151631478,0.8260267651130595,0.9090983398566537,15316,309,17,358,10,500,11590
xgboost_scale_pos_weight,drop_high_missing_median,0.34,0.541033434650456,0.9493333333333334,0.6892545982575025,0.82483781278962,0.9090983398566537,15323,302,19,356,10,500,12520
xgboost_scale_pos_weight,drop_high_missing_median,0.35,0.5461538461538461,0.9466666666666667,0.6926829268292682,0.8255813953488372,0.9090983398566537,15330,295,20,355,10,500,12950
xgboost_scale_pos_weight,drop_high_missing_median,0.36,0.5538221528861155,0.9466666666666667,0.6988188976377953,0.8290518449322747,0.9090983398566537,15339,286,20,355,10,500,12860
xgboost_scale_pos_weight,drop_high_missing_median,0.37,0.5605095541401274,0.9386666666666666,0.7018943170488534,0.8270676691729323,0.9090983398566537,15349,276,23,352,10,500,14260
xgboost_scale_pos_weight,drop_high_missing_median,0.38,0.5668276972624798,0.9386666666666666,0.7068273092369478,0.8297972654408298,0.9090983398566537,15356,269,23,352,10,500,14190
xgboost_scale_pos_weight,drop_high_missing_median,0.39,0.5705024311183144,0.9386666666666666,0.7096774193548387,0.8313651393481342,0.9090983398566537,15360,265,23,352,10,500,14150
xgboost_scale_pos_weight,drop_high_missing_median,0.4,0.5742251223491027,0.9386666666666666,0.7125506072874493,0.8329389493610979,0.9090983398566537,15364,261,23,352,10,500,14110
xgboost_scale_pos_weight,drop_high_missing_median,0.41,0.5808580858085809,0.9386666666666666,0.7176350662589195,0.835707502374169,0.9090983398566537,15371,254,23,352,10,500,14040
xgboost_scale_pos_weight,drop_high_missing_median,0.42,0.5856905158069884,0.9386666666666666,0.7213114754098361,0.837696335078534,0.9090983398566537,15376,249,23,352,10,500,13990
xgboost_scale_pos_weight,drop_high_missing_median,0.43,0.5902192242833052,0.9333333333333333,0.7231404958677686,0.8361204013377926,0.9090983398566537,15382,243,25,350,10,500,14930
xgboost_scale_pos_weight,drop_high_missing_median,0.44,0.5952380952380952,0.9333333333333333,0.726895119418484,0.8381226053639846,0.9090983398566537,15387,238,25,350,10,500,14880
xgboost_scale_pos_weight,drop_high_missing_median,0.45,0.5979381443298969,0.928,0.7272727272727273,0.8357348703170029,0.9090983398566537,15391,234,27,348,10,500,15840
xgboost_scale_pos_weight,drop_high_missing_median,0.46,0.6034782608695652,0.9253333333333333,0.7305263157894737,0.8361445783132531,0.9090983398566537,15397,228,28,347,10,500,16280
xgboost_scale_pos_weight,drop_high_missing_median,0.47,0.6042031523642732,0.92,0.7293868921775899,0.8329309512312892,0.9090983398566537,15399,226,30,345,10,500,17260
xgboost_scale_pos_weight,drop_high_missing_median,0.48,0.6117021276595744,0.92,0.7348242811501597,0.8357558139534884,0.9090983398566537,15406,219,30,345,10,500,17190
xgboost_scale_pos_weight,drop_high_missing_median,0.49,0.6198198198198198,0.9173333333333333,0.7397849462365591,0.8369829683698297,0.9090983398566537,15414,211,31,344,10,500,17610
xgboost_scale_pos_weight,drop_high_missing_median,0.5,0.6277372262773723,0.9173333333333333,0.7453954496208017,0.83984375,0.9090983398566537,15421,204,31,344,10,500,17540
xgboost_scale_pos_weight,drop_high_missing_median,0.51,0.6288848263254113,0.9173333333333333,0.7462039045553145,0.8402540302882266,0.9090983398566537,15422,203,31,344,10,500,17530
xgboost_scale_pos_weight,drop_high_missing_median,0.52,0.6311926605504588,0.9173333333333333,0.7478260869565218,0.8410757946210269,0.9090983398566537,15424,201,31,344,10,500,17510
xgboost_scale_pos_weight,drop_high_missing_median,0.53,0.6358595194085028,0.9173333333333333,0.7510917030567685,0.8427241548260657,0.9090983398566537,15428,197,31,344,10,500,17470
xgboost_scale_pos_weight,drop_high_missing_median,0.54,0.6394052044609665,0.9173333333333333,0.7535596933187295,0.8439646712463199,0.9090983398566537,15431,194,31,344,10,500,17440
xgboost_scale_pos_weight,drop_high_missing_median,0.55,0.6495238095238095,0.9093333333333333,0.7577777777777778,0.8419753086419753,0.9090983398566537,15441,184,34,341,10,500,18840
xgboost_scale_pos_weight,drop_high_missing_median,0.56,0.654510556621881,0.9093333333333333,0.7611607142857143,0.8436417615042059,0.9090983398566537,15445,180,34,341,10,500,18800
xgboost_scale_pos_weight,drop_high_missing_median,0.57,0.6601941747572816,0.9066666666666666,0.7640449438202247,0.8436724565756824,0.9090983398566537,15450,175,35,340,10,500,19250
xgboost_scale_pos_weight,drop_high_missing_median,0.58,0.6653620352250489,0.9066666666666666,0.7674943566591422,0.8453505718547986,0.9090983398566537,15454,171,35,340,10,500,19210
xgboost_scale_pos_weight,drop_high_missing_median,0.59,0.6699604743083004,0.904,0.7695800227014756,0.8449651046859422,0.9090983398566537,15458,167,36,339,10,500,19670
xgboost_scale_pos_weight,drop_high_missing_median,0.6,0.678714859437751,0.9013333333333333,0.7743413516609393,0.8458458458458459,0.9090983398566537,15465,160,37,338,10,500,20100
xgboost_scale_pos_weight,drop_high_missing_median,0.61,0.6814516129032258,0.9013333333333333,0.7761194029850746,0.8466933867735471,0.9090983398566537,15467,158,37,338,10,500,20080
xgboost_scale_pos_weight,drop_high_missing_median,0.62,0.6869918699186992,0.9013333333333333,0.7797001153402537,0.8483935742971888,0.9090983398566537,15471,154,37,338,10,500,20040
xgboost_scale_pos_weight,drop_high_missing_median,0.63,0.6954732510288066,0.9013333333333333,0.7851335656213705,0.850956696878147,0.9090983398566537,15477,148,37,338,10,500,19980
xgboost_scale_pos_weight,drop_high_missing_median,0.64,0.7020833333333333,0.8986666666666666,0.7883040935672515,0.851010101010101,0.9090983398566537,15482,143,38,337,10,500,20430
xgboost_scale_pos_weight,drop_high_missing_median,0.65,0.7061310782241015,0.8906666666666667,0.7877358490566038,0.8464267612772428,0.9090983398566537,15486,139,41,334,10,500,21890
xgboost_scale_pos_weight,drop_high_missing_median,0.66,0.7167381974248928,0.8906666666666667,0.7942925089179548,0.8494404883011191,0.9090983398566537,15493,132,41,334,10,500,21820
xgboost_scale_pos_weight,drop_high_missing_median,0.67,0.7207792207792207,0.888,0.7956989247311828,0.8486238532110092,0.9090983398566537,15496,129,42,333,10,500,22290
xgboost_scale_pos_weight,drop_high_missing_median,0.68,0.7233115468409586,0.8853333333333333,0.7961630695443646,0.8473711077080143,0.9090983398566537,15498,127,43,332,10,500,22770
xgboost_scale_pos_weight,drop_high_missing_median,0.69,0.7274725274725274,0.8826666666666667,0.7975903614457831,0.8465473145780051,0.9090983398566537,15501,124,44,331,10,500,23240
xgboost_scale_pos_weight,drop_high_missing_median,0.7,0.7290748898678414,0.8826666666666667,0.7985524728588661,0.8469805527123848,0.9090983398566537,15502,123,44,331,10,500,23230
xgboost_scale_pos_weight,drop_high_missing_median,0.71,0.7323008849557522,0.8826666666666667,0.8004836759371221,0.8478483606557377,0.9090983398566537,15504,121,44,331,10,500,23210
xgboost_scale_pos_weight,drop_high_missing_median,0.72,0.7366071428571429,0.88,0.8019441069258809,0.8470225872689938,0.9090983398566537,15507,118,45,330,10,500,23680
xgboost_scale_pos_weight,drop_high_missing_median,0.73,0.7415730337078652,0.88,0.8048780487804879,0.8483290488431876,0.9090983398566537,15510,115,45,330,10,500,23650
xgboost_scale_pos_weight,drop_high_missing_median,0.74,0.744874715261959,0.872,0.8034398034398035,0.8432181536874678,0.9090983398566537,15513,112,48,327,10,500,25120
xgboost_scale_pos_weight,drop_high_missing_median,0.75,0.7465753424657534,0.872,0.8044280442804428,0.8436532507739938,0.9090983398566537,15514,111,48,327,10,500,25110
xgboost_scale_pos_weight,drop_high_missing_median,0.76,0.7517241379310344,0.872,0.8074074074074075,0.8449612403100775,0.9090983398566537,15517,108,48,327,10,500,25080
xgboost_scale_pos_weight,drop_high_missing_median,0.77,0.7505773672055427,0.8666666666666667,0.8044554455445545,0.8406621831350233,0.9090983398566537,15517,108,50,325,10,500,26080
xgboost_scale_pos_weight,drop_high_missing_median,0.78,0.7564402810304449,0.8613333333333333,0.8054862842892768,0.838090295796575,0.9090983398566537,15521,104,52,323,10,500,27040
xgboost_scale_pos_weight,drop_high_missing_median,0.79,0.7684964200477327,0.8586666666666667,0.8110831234256927,0.8389786347055758,0.9090983398566537,15528,97,53,322,10,500,27470
xgboost_scale_pos_weight,drop_high_missing_median,0.8,0.7796610169491526,0.8586666666666667,0.817258883248731,0.8416100365917407,0.9090983398566537,15534,91,53,322,10,500,27410
xgboost_scale_pos_weight,drop_high_missing_median,0.81,0.7829268292682927,0.856,0.8178343949044586,0.8403141361256544,0.9090983398566537,15536,89,54,321,10,500,27890
xgboost_scale_pos_weight,drop_high_missing_median,0.82,0.7960199004975125,0.8533333333333334,0.8236808236808236,0.8412197686645636,0.9090983398566537,15543,82,55,320,10,500,28320
xgboost_scale_pos_weight,drop_high_missing_median,0.83,0.7989949748743719,0.848,0.8227684346701164,0.8377239199157007,0.9090983398566537,15545,80,57,318,10,500,29300
xgboost_scale_pos_weight,drop_high_missing_median,0.84,0.8045685279187818,0.8453333333333334,0.8244473342002601,0.8368532206969377,0.9090983398566537,15548,77,58,317,10,500,29770
xgboost_scale_pos_weight,drop_high_missing_median,0.85,0.806615776081425,0.8453333333333334,0.8255208333333334,0.8372952984680402,0.9090983398566537,15549,76,58,317,10,500,29760
xgboost_scale_pos_weight,drop_high_missing_median,0.86,0.825065274151436,0.8426666666666667,0.8337730870712401,0.8390865639936272,0.9090983398566537,15558,67,59,316,10,500,30170
xgboost_scale_pos_weight,drop_high_missing_median,0.87,0.8426666666666667,0.8426666666666667,0.8426666666666667,0.8426666666666667,0.9090983398566537,15566,59,59,316,10,500,30090
xgboost_scale_pos_weight,drop_high_missing_median,0.88,0.8513513513513513,0.84,0.8456375838926175,0.8422459893048129,0.9090983398566537,15570,55,60,315,10,500,30550
xgboost_scale_pos_weight,drop_high_missing_median,0.89,0.855191256830601,0.8346666666666667,0.844804318488529,0.8386923901393355,0.9090983398566537,15572,53,62,313,10,500,31530
xgboost_scale_pos_weight,drop_high_missing_median,0.9,0.8579387186629527,0.8213333333333334,0.8392370572207084,0.8284023668639053,0.9090983398566537,15574,51,67,308,10,500,34010
xgboost_scale_pos_weight,drop_high_missing_median,0.91,0.8689458689458689,0.8133333333333334,0.8402203856749312,0.823878984332793,0.9090983398566537,15579,46,70,305,10,500,35460
xgboost_scale_pos_weight,drop_high_missing_median,0.92,0.8830409356725146,0.8053333333333333,0.8423988842398884,0.8197611292073833,0.9090983398566537,15585,40,73,302,10,500,36900
xgboost_scale_pos_weight,drop_high_missing_median,0.93,0.8888888888888888,0.7893333333333333,0.8361581920903954,0.8074195308237861,0.9090983398566537,15588,37,79,296,10,500,39870
xgboost_scale_pos_weight,drop_high_missing_median,0.94,0.9028213166144201,0.768,0.829971181556196,0.7916437603078614,0.9090983398566537,15594,31,87,288,10,500,43810
xgboost_scale_pos_weight,drop_high_missing_median,0.95,0.9114754098360656,0.7413333333333333,0.8176470588235294,0.7700831024930748,0.9090983398566537,15598,27,97,278,10,500,48770
xgboost_scale_pos_weight,drop_high_missing_median,0.96,0.9212328767123288,0.7173333333333334,0.8065967016491754,0.7505580357142857,0.9090983398566537,15602,23,106,269,10,500,53230
xgboost_scale_pos_weight,drop_high_missing_median,0.97,0.9315589353612167,0.6533333333333333,0.768025078369906,0.6948383437322745,0.9090983398566537,15607,18,130,245,10,500,65180
xgboost_scale_pos_weight,drop_high_missing_median,0.98,0.9527896995708155,0.592,0.7302631578947368,0.6405077899596077,0.9090983398566537,15614,11,153,222,10,500,76610
xgboost_scale_pos_weight,drop_high_missing_median,0.99,0.9832402234636871,0.4693333333333333,0.6353790613718412,0.5241215008933889,0.9090983398566537,15622,3,199,176,10,500,99530
xgboost_scale_pos_weight,median_all,0.01,0.16267942583732056,0.9973333333333333,0.27973074046372476,0.4922347986312187,0.9113008390145022,13700,1925,1,374,10,500,19750
xgboost_scale_pos_weight,median_all,0.02,0.22415865384615385,0.9946666666666667,0.3658656204021579,0.5894437420986094,0.9113008390145022,14334,1291,2,373,10,500,13910
xgboost_scale_pos_weight,median_all,0.03,0.26267605633802815,0.9946666666666667,0.4155988857938719,0.6386986301369864,0.9113008390145022,14578,1047,2,373,10,500,11470
xgboost_scale_pos_weight,median_all,0.04,0.2882534775888717,0.9946666666666667,0.4469742360695027,0.6675017895490336,0.9113008390145022,14704,921,2,373,10,500,10210
xgboost_scale_pos_weight,median_all,0.05,0.3112970711297071,0.992,0.47388535031847134,0.6901669758812616,0.9113008390145022,14802,823,3,372,10,500,9730
xgboost_scale_pos_weight,median_all,0.06,0.33363309352517984,0.9893333333333333,0.4989912575655683,0.7101837672281777,0.9113008390145022,14884,741,4,371,10,500,9410
xgboost_scale_pos_weight,median_all,0.07,0.3483992467043315,0.9866666666666667,0.5149617258176757,0.7220921155347385,0.9113008390145022,14933,692,5,370,10,500,9420
xgboost_scale_pos_weight,median_all,0.08,0.36345776031434185,0.9866666666666667,0.5312275664034458,0.7347100873709294,0.9113008390145022,14977,648,5,370,10,500,8980
xgboost_scale_pos_weight,median_all,0.09,0.3761467889908257,0.984,0.5442477876106194,0.7436517533252721,0.9113008390145022,15013,612,6,369,10,500,9120
xgboost_scale_pos_weight,median_all,0.1,0.38719832109129065,0.984,0.5557228915662651,0.7521402364451691,0.9113008390145022,15041,584,6,369,10,500,8840
xgboost_scale_pos_weight,median_all,0.11,0.39655172413793105,0.9813333333333333,0.5648503453568687,0.7578253706754531,0.9113008390145022,15065,560,7,368,10,500,9100
xgboost_scale_pos_weight,median_all,0.12,0.4064230343300111,0.9786666666666667,0.5743348982785602,0.7636287973366626,0.9113008390145022,15089,536,8,367,10,500,9360
xgboost_scale_pos_weight,median_all,0.13,0.41216216216216217,0.976,0.5795724465558195,0.7663316582914573,0.9113008390145022,15103,522,9,366,10,500,9720
xgboost_scale_pos_weight,median_all,0.14,0.423121387283237,0.976,0.5903225806451613,0.773784355179704,0.9113008390145022,15126,499,9,366,10,500,9490
xgboost_scale_pos_weight,median_all,0.15,0.43109540636042404,0.976,0.5980392156862745,0.7790549169859514,0.9113008390145022,15142,483,9,366,10,500,9330
xgboost_scale_pos_weight,median_all,0.16,0.43937575030012005,0.976,0.6059602649006622,0.7843977711101586,0.9113008390145022,15158,467,9,366,10,500,9170
xgboost_scale_pos_weight,median_all,0.17,0.44634146341463415,0.976,0.6125523012552301,0.7887931034482759,0.9113008390145022,15171,454,9,366,10,500,9040
xgboost_scale_pos_weight,median_all,0.18,0.45353159851301117,0.976,0.6192893401015228,0.7932379713914174,0.9113008390145022,15184,441,9,366,10,500,8910
xgboost_scale_pos_weight,median_all,0.19,0.45864661654135336,0.976,0.6240409207161125,0.7963446475195822,0.9113008390145022,15193,432,9,366,10,500,8820
xgboost_scale_pos_weight,median_all,0.2,0.46923076923076923,0.976,0.6337662337662338,0.8026315789473685,0.9113008390145022,15211,414,9,366,10,500,8640
xgboost_scale_pos_weight,median_all,0.21,0.47643979057591623,0.9706666666666667,0.6391571553994733,0.803886925795053,0.9113008390145022,15225,400,11,364,10,500,9500
xgboost_scale_pos_weight,median_all,0.22,0.4788918205804749,0.968,0.6407766990291263,0.8038086802480071,0.9113008390145022,15230,395,12,363,10,500,9950
xgboost_scale_pos_weight,median_all,0.23,0.484,0.968,0.6453333333333333,0.8066666666666666,0.9113008390145022,15238,387,12,363,10,500,9870
xgboost_scale_pos_weight,median_all,0.24,0.48921832884097033,0.968,0.6499552372426142,0.8095450490633364,0.9113008390145022,15246,379,12,363,10,500,9790
xgboost_scale_pos_weight,median_all,0.25,0.495225102319236,0.968,0.6552346570397112,0.812807881773399,0.9113008390145022,15255,370,12,363,10,500,9700
xgboost_scale_pos_weight,median_all,0.26,0.5027777777777778,0.9653333333333334,0.6611872146118721,0.8153153153153153,0.9113008390145022,15267,358,13,362,10,500,10080
xgboost_scale_pos_weight,median_all,0.27,0.5106382978723404,0.96,0.6666666666666666,0.8163265306122449,0.9113008390145022,15280,345,15,360,10,500,10950
xgboost_scale_pos_weight,median_all,0.28,0.5172910662824207,0.9573333333333334,0.6716557530402245,0.8181403828623519,0.9113008390145022,15290,335,16,359,10,500,11350
xgboost_scale_pos_weight,median_all,0.29,0.5279411764705882,0.9573333333333334,0.680568720379147,0.823394495412844,0.9113008390145022,15304,321,16,359,10,500,11210
xgboost_scale_pos_weight,median_all,0.3,0.5318518518518518,0.9573333333333334,0.6838095238095238,0.825287356321839,0.9113008390145022,15309,316,16,359,10,500,11160
xgboost_scale_pos_weight,median_all,0.31,0.5406626506024096,0.9573333333333334,0.6910490856592878,0.8294824399260629,0.9113008390145022,15320,305,16,359,10,500,11050
xgboost_scale_pos_weight,median_all,0.32,0.5464231354642314,0.9573333333333334,0.6957364341085271,0.8321743161798795,0.9113008390145022,15327,298,16,359,10,500,10980
xgboost_scale_pos_weight,median_all,0.33,0.551617873651772,0.9546666666666667,0.69921875,0.8329455560725919,0.9113008390145022,15334,291,17,358,10,500,11410
xgboost_scale_pos_weight,median_all,0.34,0.5569422776911076,0.952,0.702755905511811,0.8337225595516113,0.9113008390145022,15341,284,18,357,10,500,11840
xgboost_scale_pos_weight,median_all,0.35,0.5666666666666667,0.952,0.7104477611940299,0.8380281690140845,0.9113008390145022,15352,273,18,357,10,500,11730
xgboost_scale_pos_weight,median_all,0.36,0.5686900958466453,0.9493333333333334,0.7112887112887113,0.8372530573847601,0.9113008390145022,15355,270,19,356,10,500,12200
xgboost_scale_pos_weight,median_all,0.37,0.571658615136876,0.9466666666666667,0.7128514056224899,0.8368694012258369,0.9113008390145022,15359,266,20,355,10,500,12660
xgboost_scale_pos_weight,median_all,0.38,0.5756097560975609,0.944,0.7151515151515152,0.8368794326241135,0.9113008390145022,15364,261,21,354,10,500,13110
xgboost_scale_pos_weight,median_all,0.39,0.5822368421052632,0.944,0.7202441505595117,0.8396584440227703,0.9113008390145022,15371,254,21,354,10,500,13040
xgboost_scale_pos_weight,median_all,0.4,0.589018302828619,0.944,0.7254098360655737,0.8424559733460257,0.9113008390145022,15378,247,21,354,10,500,12970
xgboost_scale_pos_weight,median_all,0.41,0.592964824120603,0.944,0.7283950617283951,0.844062947067239,0.9113008390145022,15382,243,21,354,10,500,12930
xgboost_scale_pos_weight,median_all,0.42,0.6,0.944,0.7336787564766839,0.84688995215311,0.9113008390145022,15389,236,21,354,10,500,12860
xgboost_scale_pos_weight,median_all,0.43,0.6058519793459552,0.9386666666666666,0.7364016736401674,0.8457472369053339,0.9113008390145022,15396,229,23,352,10,500,13790
xgboost_scale_pos_weight,median_all,0.44,0.6104347826086957,0.936,0.7389473684210527,0.8457831325301205,0.9113008390145022,15401,224,24,351,10,500,14240
xgboost_scale_pos_weight,median_all,0.45,0.6166077738515902,0.9306666666666666,0.7417640807651434,0.8446272991287512,0.9113008390145022,15408,217,26,349,10,500,15170
xgboost_scale_pos_weight,median_all,0.46,0.6229802513464991,0.9253333333333333,0.7446351931330472,0.8434613514827418,0.9113008390145022,15415,210,28,347,10,500,16100
xgboost_scale_pos_weight,median_all,0.47,0.6256781193490054,0.9226666666666666,0.7456896551724138,0.8426692644909888,0.9113008390145022,15418,207,29,346,10,500,16570
xgboost_scale_pos_weight,median_all,0.48,0.6288848263254113,0.9173333333333333,0.7462039045553145,0.8402540302882266,0.9113008390145022,15422,203,31,344,10,500,17530
xgboost_scale_pos_weight,median_all,0.49,0.6316758747697975,0.9146666666666666,0.7472766884531591,0.8394517865883505,0.9113008390145022,15425,200,32,343,10,500,18000
xgboost_scale_pos_weight,median_all,0.5,0.6356877323420075,0.912,0.7491785323110625,0.8390578999018645,0.9113008390145022,15429,196,33,342,10,500,18460
xgboost_scale_pos_weight,median_all,0.51,0.6392523364485981,0.912,0.7516483516483516,0.8402948402948403,0.9113008390145022,15432,193,33,342,10,500,18430
xgboost_scale_pos_weight,median_all,0.52,0.6415094339622641,0.9066666666666666,0.7513812154696132,0.8374384236453202,0.9113008390145022,15435,190,35,340,10,500,19400
xgboost_scale_pos_weight,median_all,0.53,0.6463878326996197,0.9066666666666666,0.7547169811320755,0.8390918065153011,0.9113008390145022,15439,186,35,340,10,500,19360
xgboost_scale_pos_weight,median_all,0.54,0.6519230769230769,0.904,0.7575418994413408,0.8391089108910891,0.9113008390145022,15444,181,36,339,10,500,19810
xgboost_scale_pos_weight,median_all,0.55,0.653179190751445,0.904,0.7583892617449665,0.8395245170876672,0.9113008390145022,15445,180,36,339,10,500,19800
xgboost_scale_pos_weight,median_all,0.56,0.6569767441860465,0.904,0.7609427609427609,0.8407738095238095,0.9113008390145022,15448,177,36,339,10,500,19770
xgboost_scale_pos_weight,median_all,0.57,0.662109375,0.904,0.7643742953776775,0.8424453280318092,0.9113008390145022,15452,173,36,339,10,500,19730
xgboost_scale_pos_weight,median_all,0.58,0.6646942800788954,0.8986666666666666,0.764172335600907,0.8395615346287992,0.9113008390145022,15455,170,38,337,10,500,20700
xgboost_scale_pos_weight,median_all,0.59,0.6713147410358565,0.8986666666666666,0.7685290763968073,0.8416583416583416,0.9113008390145022,15460,165,38,337,10,500,20650
xgboost_scale_pos_weight,median_all,0.6,0.6753507014028056,0.8986666666666666,0.7711670480549199,0.8429214607303652,0.9113008390145022,15463,162,38,337,10,500,20620
xgboost_scale_pos_weight,median_all,0.61,0.6815415821501014,0.896,0.7741935483870968,0.8429503261414952,0.9113008390145022,15468,157,39,336,10,500,21070
xgboost_scale_pos_weight,median_all,0.62,0.6871165644171779,0.896,0.7777777777777778,0.8446455505279035,0.9113008390145022,15472,153,39,336,10,500,21030
xgboost_scale_pos_weight,median_all,0.63,0.6956521739130435,0.896,0.7832167832167832,0.8472012102874432,0.9113008390145022,15478,147,39,336,10,500,20970
xgboost_scale_pos_weight,median_all,0.64,0.7,0.896,0.7859649122807018,0.8484848484848485,0.9113008390145022,15481,144,39,336,10,500,20940
xgboost_scale_pos_weight,median_all,0.65,0.7023060796645703,0.8933333333333333,0.7863849765258216,0.8472432979261507,0.9113008390145022,15483,142,40,335,10,500,21420
xgboost_scale_pos_weight,median_all,0.66,0.7031578947368421,0.8906666666666667,0.7858823529411765,0.8455696202531645,0.9113008390145022,15484,141,41,334,10,500,21910
xgboost_scale_pos_weight,median_all,0.67,0.7085106382978723,0.888,0.7881656804733728,0.8451776649746193,0.9113008390145022,15488,137,42,333,10,500,22370
xgboost_scale_pos_weight,median_all,0.68,0.7161290322580646,0.888,0.7928571428571428,0.8473282442748091,0.9113008390145022,15493,132,42,333,10,500,22320
xgboost_scale_pos_weight,median_all,0.69,0.7207792207792207,0.888,0.7956989247311828,0.8486238532110092,0.9113008390145022,15496,129,42,333,10,500,22290
xgboost_scale_pos_weight,median_all,0.7,0.722707423580786,0.8826666666666667,0.7947178871548619,0.8452502553626149,0.9113008390145022,15498,127,44,331,10,500,23270
xgboost_scale_pos_weight,median_all,0.71,0.7262693156732892,0.8773333333333333,0.7946859903381642,0.8422939068100358,0.9113008390145022,15501,124,46,329,10,500,24240
xgboost_scale_pos_weight,median_all,0.72,0.7360178970917226,0.8773333333333333,0.8004866180048662,0.844889573703133,0.9113008390145022,15507,118,46,329,10,500,24180
xgboost_scale_pos_weight,median_all,0.73,0.7376681614349776,0.8773333333333333,0.8014616321559074,0.8453237410071942,0.9113008390145022,15508,117,46,329,10,500,24170
xgboost_scale_pos_weight,median_all,0.74,0.7404063205417607,0.8746666666666667,0.8019559902200489,0.8440555841482243,0.9113008390145022,15510,115,47,328,10,500,24650
xgboost_scale_pos_weight,median_all,0.75,0.7540229885057471,0.8746666666666667,0.8098765432098766,0.8475452196382429,0.9113008390145022,15518,107,47,328,10,500,24570
xgboost_scale_pos_weight,median_all,0.76,0.7610208816705336,0.8746666666666667,0.8138957816377171,0.8493008803728638,0.9113008390145022,15522,103,47,328,10,500,24530
xgboost_scale_pos_weight,median_all,0.77,0.7701421800947867,0.8666666666666667,0.8155583437892095,0.8454734651404787,0.9113008390145022,15528,97,50,325,10,500,25970
xgboost_scale_pos_weight,median_all,0.78,0.7756563245823389,0.8666666666666667,0.818639798488665,0.8467952058363731,0.9113008390145022,15531,94,50,325,10,500,25940
xgboost_scale_pos_weight,median_all,0.79,0.782608695652174,0.864,0.8212927756653993,0.8463949843260188,0.9113008390145022,15535,90,51,324,10,500,26400
xgboost_scale_pos_weight,median_all,0.8,0.7883211678832117,0.864,0.8244274809160306,0.847723704866562,0.9113008390145022,15538,87,51,324,10,500,26370
xgboost_scale_pos_weight,median_all,0.81,0.7995049504950495,0.8613333333333333,0.8292682926829268,0.8482142857142857,0.9113008390145022,15544,81,52,323,10,500,26810
xgboost_scale_pos_weight,median_all,0.82,0.8054862842892768,0.8613333333333333,0.8324742268041238,0.8495528669121515,0.9113008390145022,15547,78,52,323,10,500,26780
xgboost_scale_pos_weight,median_all,0.83,0.8156565656565656,0.8613333333333333,0.8378728923476005,0.8517932489451476,0.9113008390145022,15552,73,52,323,10,500,26730
xgboost_scale_pos_weight,median_all,0.84,0.8260869565217391,0.8613333333333333,0.8433420365535248,0.8540454785827605,0.9113008390145022,15557,68,52,323,10,500,26680
xgboost_scale_pos_weight,median_all,0.85,0.8316062176165803,0.856,0.8436268068331143,0.8510074231177094,0.9113008390145022,15560,65,54,321,10,500,27650
xgboost_scale_pos_weight,median_all,0.86,0.8453333333333334,0.8453333333333334,0.8453333333333334,0.8453333333333334,0.9113008390145022,15567,58,58,317,10,500,29580
xgboost_scale_pos_weight,median_all,0.87,0.8559782608695652,0.84,0.847913862718708,0.8431477516059958,0.9113008390145022,15572,53,60,315,10,500,30530
xgboost_scale_pos_weight,median_all,0.88,0.8611111111111112,0.8266666666666667,0.8435374149659864,0.8333333333333334,0.9113008390145022,15575,50,65,310,10,500,33000
xgboost_scale_pos_weight,median_all,0.89,0.8679775280898876,0.824,0.8454172366621067,0.8324353448275862,0.9113008390145022,15578,47,66,309,10,500,33470
xgboost_scale_pos_weight,median_all,0.9,0.8793103448275862,0.816,0.8464730290456431,0.827922077922078,0.9113008390145022,15583,42,69,306,10,500,34920
xgboost_scale_pos_weight,median_all,0.91,0.8797653958944281,0.8,0.8379888268156425,0.8147745790331342,0.9113008390145022,15584,41,75,300,10,500,37910
xgboost_scale_pos_weight,median_all,0.92,0.8885542168674698,0.7866666666666666,0.8345120226308345,0.8051310043668122,0.9113008390145022,15588,37,80,295,10,500,40370
xgboost_scale_pos_weight,median_all,0.93,0.8984615384615384,0.7786666666666666,0.8342857142857143,0.8,0.9113008390145022,15592,33,83,292,10,500,41830
xgboost_scale_pos_weight,median_all,0.94,0.8952380952380953,0.752,0.8173913043478261,0.7768595041322314,0.9113008390145022,15592,33,93,282,10,500,46830
xgboost_scale_pos_weight,median_all,0.95,0.898360655737705,0.7306666666666667,0.8058823529411765,0.7590027700831025,0.9113008390145022,15594,31,101,274,10,500,50810
xgboost_scale_pos_weight,median_all,0.96,0.9166666666666666,0.704,0.7963800904977375,0.738255033557047,0.9113008390145022,15601,24,111,264,10,500,55740
xgboost_scale_pos_weight,median_all,0.97,0.9356060606060606,0.6586666666666666,0.7730829420970265,0.7001133786848073,0.9113008390145022,15608,17,128,247,10,500,64170
xgboost_scale_pos_weight,median_all,0.98,0.95,0.608,0.7414634146341463,0.6551724137931034,0.9113008390145022,15613,12,147,228,10,500,73620
xgboost_scale_pos_weight,median_all,0.99,0.9828571428571429,0.45866666666666667,0.6254545454545455,0.5134328358208955,0.9113008390145022,15622,3,203,172,10,500,101530
